Orchard Winchester close coupled toilet with painted wood seat black,209,https://images.victoriaplum.com/vp_prod_images/5d3fde7c-2250-4f66-be69-f450e274f7ae.jpg?auto=format%2Ccompress&h=333&q=55&w=333,https://victoriaplum.com/product/orchard-winchester-close-coupled-toilet-with-painted-wood-seat-black,victoria plum
Reeves Nouvel quadro black plinth 2.4m,62.99,https://images.victoriaplum.com/vp_prod_images/72262846-328c-494e-a459-7dd70982ba33.jpg?auto=format%2Ccompress&h=333&q=55&w=333,https://victoriaplum.com/product/reeves-nouvel-quadro-black-plinth-24m,victoria plum
GoodHome Liberty Flat matt Furniture paint,4,https://media.diy.com/is/image/Kingfisher/goodhome-liberty-flat-matt-furniture-paint-500ml~3663602578109_21c?wid=284&hei=284,,bnq
"Ronseal Problem wall White Matt Anti-mould paint, 2.5L",40,https://media.diy.com/is/image/Kingfisher/ronseal-problem-wall-white-matt-anti-mould-paint-2-5l~5010214866243_01c_bq?wid=284&hei=284,,bnq
"Farrow & Ball Estate Elephant's breath No.229 Matt Emulsion paint, 2.5L",54,https://media.diy.com/is/image/Kingfisher/farrow-ball-estate-elephant-s-breath-no-229-matt-emulsion-paint-2-5l~5029496882926_02c_bq?wid=284&hei=284,,bnq
"Dulux Easycare Tranquil dawn Matt Emulsion paint, 2.5L",28,https://media.diy.com/is/image/Kingfisher/dulux-easycare-tranquil-dawn-matt-emulsion-paint-2-5l~5010212650059_02c_bq?wid=284&hei=284,,bnq
"Rust-Oleum Painter's Touch Cherry red Gloss Multi-surface Decorative spray paint, 400ml",14,https://media.diy.com/is/image/Kingfisher/rust-oleum-painter-s-touch-cherry-red-gloss-multi-surface-decorative-spray-paint-400ml~5013296950138_02c_bq?wid=284&hei=284,,bnq
"Zinsser B-I-N White Multi-surface Matt Primer, 2.5L",52,https://media.diy.com/is/image/Kingfisher/zinsser-b-i-n-white-multi-surface-matt-primer-2-5l~5037898610160_08c_bq?wid=284&hei=284,,bnq
"Ronseal Diamond hard Clear Satin Wood varnish, 750ml",23,https://media.diy.com/is/image/Kingfisher/ronseal-diamond-hard-clear-satin-wood-varnish-750ml~5010214868711_08c_bq?wid=284&hei=284,,bnq
"Dulux Quick dry Pure brilliant white Satinwood Metal & wood paint, 2.5L",28,https://media.diy.com/is/image/Kingfisher/dulux-quick-dry-pure-brilliant-white-satinwood-metal-wood-paint-2-5l~5010212585092_02c_bq?wid=284&hei=284,,bnq
GoodHome Walls & ceilings Liberty Matt Emulsion paint,1.50,https://media.diy.com/is/image/Kingfisher/goodhome-walls-ceilings-liberty-matt-emulsion-paint-2-5l~3663602596653_37c?wid=284&hei=284,,bnq
"Dulux Walls & ceilings Rich black Matt Emulsion paint, 2.5L",0.50,https://media.diy.com/is/image/Kingfisher/dulux-walls-ceilings-rich-black-matt-emulsion-paint-2-5l~5010212562420_09c_bq?wid=284&hei=284,,bnq
Dulux Easycare Washable & tough Rich black Matt Emulsion paint,2.45,https://media.diy.com/is/image/Kingfisher/dulux-easycare-rich-black-matt-emulsion-paint-2-5l~5010212624227_02c_bq?wid=284&hei=284,,bnq
"Dulux Walls & ceilings Rich black Silk Emulsion paint, 2.5L",21,https://media.diy.com/is/image/Kingfisher/dulux-walls-ceilings-rich-black-silk-emulsion-paint-2-5l~5010212562475_02c_bq?wid=284&hei=284,,bnq
"GoodHome Liberty black Eggshell Metal & wood paint, 750ml",15,https://media.diy.com/is/image/Kingfisher/goodhome-liberty-black-eggshell-metal-wood-paint-750ml~5036581059149_37c_BQ?wid=284&hei=284,,bnq
"Black Matt Emulsion paint, 2.5L",13,https://media.diy.com/is/image/Kingfisher/black-matt-emulsion-paint-2-5l~3663602590606_01bq?wid=284&hei=284,,bnq
"GoodHome Walls & ceilings Liberty Silk Emulsion paint, 2.5L",16,https://media.diy.com/is/image/Kingfisher/goodhome-walls-ceilings-liberty-silk-emulsion-paint-2-5l~3663602596691_37c?wid=284&hei=284,,bnq
"Rust-Oleum Painter's Touch Black Matt Multi-surface paint, 20ml",3.75,https://media.diy.com/is/image/Kingfisher/rust-oleum-painter-s-touch-black-matt-multi-surface-paint-20ml~5013296030533_02c_bq?wid=284&hei=284,,bnq
GoodHome Durable Liberty Matt Emulsion paint,2,https://media.diy.com/is/image/Kingfisher/goodhome-durable-liberty-matt-emulsion-paint-50ml-tester-pot~3663602409625_37c?wid=284&hei=284,,bnq
GoodHome Extreme Outdoor Black Satin Multi-surface Paint,24,https://media.diy.com/is/image/Kingfisher/goodhome-extreme-outdoor-black-satinwood-multi-surface-paint-2-5l~5059340297088_21c?wid=284&hei=284,,bnq
"Leyland Trade Black Matt Emulsion paint, 5L",27,https://media.diy.com/is/image/Kingfisher/leyland-trade-black-matt-emulsion-paint-5l~5010426785257_02c_bq?wid=284&hei=284,,bnq
"Dulux Quick dry Black Eggshell Metal & wood paint, 750ml",21,https://media.diy.com/is/image/Kingfisher/dulux-quick-dry-black-eggshell-metal-wood-paint-750ml~5010212651155_02c_bq?wid=284&hei=284,,bnq
Dulux One coat Rich black Matt Emulsion paint,2.45,https://media.diy.com/is/image/Kingfisher/dulux-one-coat-rich-black-matt-emulsion-paint-1-25l~5010212659656_02c?wid=284&hei=284,,bnq
Hammerite Black Satin Metal paint,13,https://media.diy.com/is/image/Kingfisher/hammerite-black-satinwood-metal-paint-250ml~5011867010861_02c_bq?wid=284&hei=284,,bnq
"Leyland Trade Smart Black Mid sheen Multi-surface paint, 2.5L",27,https://media.diy.com/is/image/Kingfisher/leyland-trade-smart-black-mid-sheen-multi-surface-paint-2-5l~5010426814643_02c_bq?wid=284&hei=284,,bnq
Rust-Oleum Painter's touch Black Gloss Multi-surface paint,3.75,https://media.diy.com/is/image/Kingfisher/rust-oleum-painter-s-touch-black-gloss-multi-surface-paint-250ml~5013296030373_02c_bq?wid=284&hei=284,,bnq
Rustins Heat Resistant Paint - Black 250ml,8.50,https://media.diy.com/is/image/KingfisherDigital/rustins-heat-resistant-paint-black-250ml~5015332320028_01c_MP?wid=284&hei=284,,bnq
Hammerite Black Hammered effect Metal paint,13,https://media.diy.com/is/image/Kingfisher/hammerite-black-hammered-effect-metal-paint-750ml~5011867201160_02c_bq?wid=284&hei=284,,bnq
"Fortress Black Gloss Anti-climb paint, 750ml",13,https://media.diy.com/is/image/Kingfisher/fortress-black-gloss-anti-climb-paint-750ml~04024347_08c_bq?wid=284&hei=284,,bnq
Hammerite Smoothrite Black Gloss Metal paint,46,https://media.diy.com/is/image/Kingfisher/hammerite-smoothrite-black-gloss-metal-paint-5l~5011867220055_02c_bq?wid=284&hei=284,,bnq
"Rust-Oleum Painter's Touch Black Matt Furniture paint, 250ml",10,https://media.diy.com/is/image/Kingfisher/rust-oleum-painter-s-touch-black-matt-furniture-paint-250ml~5013296130998_02c_bq?wid=284&hei=284,,bnq
"Hammerite Black Gloss Metal paint, 250ml",13,https://media.diy.com/is/image/Kingfisher/hammerite-black-gloss-metal-paint-250ml~5011867220017_02c_bq?wid=284&hei=284,,bnq
GoodHome Outdoor Black Satin Multi-surface Paint,22,https://media.diy.com/is/image/Kingfisher/goodhome-outdoor-black-satinwood-multi-surface-paint-2-5l~5059340296944_21c?wid=284&hei=284,,bnq
Rust-Oleum Black Sand Matt Furniture Paint,5.50,https://media.diy.com/is/image/Kingfisher/rust-oleum-black-sand-matt-furniture-paint-750ml~5013296131506_02c_bq?wid=284&hei=284,,bnq
Rustins Blackboard Black Paint - 1ltr,21,https://media.diy.com/is/image/KingfisherDigital/rustins-blackboard-black-paint-1ltr~5015332440047_01c_MP?wid=284&hei=284,,bnq
Rustins Quick-Dry Matt Paint - Black 500ml,11,https://media.diy.com/is/image/KingfisherDigital/rustins-quick-dry-matt-paint-black-500ml~5015332070039_01c_MP?wid=284&hei=284,,bnq
The One Paint Matte Black 250ml,12.99,https://media.diy.com/is/image/KingfisherDigital/the-one-paint-matte-black-250ml~5030105303107_01c_MP?wid=284&hei=284,,bnq
GoodHome Liberty Satin Furniture paint,4,https://media.diy.com/is/image/Kingfisher/goodhome-liberty-satin-furniture-paint-500ml~3663602578437_02c_BQ?wid=284&hei=284,,bnq
Ronseal 37381 Garden Paint English Oak 250ml Exterior Outdoor Wood Shed Metal,7.99,https://media.diy.com/is/image/KingfisherDigital/ronseal-37381-garden-paint-english-oak-250ml-exterior-outdoor-wood-shed-metal~5010214873814_01c_MP?wid=284&hei=284,,bnq
Harris Large Black Paint guard,5,https://media.diy.com/is/image/Kingfisher/harris-large-black-paint-guard~5000253046898_03c?wid=284&hei=284,,bnq
Harris Small Black Paint guard,4,https://media.diy.com/is/image/Kingfisher/harris-small-black-paint-guard~5000253046881_03c?wid=284&hei=284,,bnq
"Polar Damp Seal Black Anti Damp Paint 500ml, Damp Proof Paint Stain Blocker Seals Brick, Concrete, Cement and Plaster Walls",16.99,https://media.diy.com/is/image/KingfisherDigital/polar-damp-seal-black-anti-damp-paint-500ml-damp-proof-paint-stain-blocker-seals-brick-concrete-cement-and-plaster-walls~5060649078568_01c_MP?wid=284&hei=284,,bnq
"Colours Black Matt Chalkboard paint, 1L",12,https://media.diy.com/is/image/Kingfisher/colours-black-matt-chalkboard-paint-1l~3663602122074_37c?wid=284&hei=284,,bnq
Ronseal Black Satin Doorstep paint,12,https://media.diy.com/is/image/Kingfisher/ronseal-black-satinwood-doorstep-paint-750ml~5010214862573_08c_bq?wid=284&hei=284,,bnq
Rust-Oleum Black Sand Satin Furniture Paint 750ml,18,https://media.diy.com/is/image/KingfisherDigital/rust-oleum-black-sand-satin-furniture-paint-750ml~5013296206235_01c_MP?wid=284&hei=284,,bnq
Rust-Oleum Natural Charcoal (Black) Bathroom Grout Paint 250ml,13,https://media.diy.com/is/image/KingfisherDigital/rust-oleum-natural-charcoal-black-bathroom-grout-paint-250ml~5013296791229_01c_MP?wid=284&hei=284,,bnq
"Hammerite Black Gloss Garage door paint, 750ml",21,https://media.diy.com/is/image/Kingfisher/hammerite-black-gloss-garage-door-paint-750ml~5011867019826_02c_bq?wid=284&hei=284,,bnq
"Leyland Trade Smart Black Mid sheen Multi-surface paint, 750ml",13,https://media.diy.com/is/image/Kingfisher/leyland-trade-smart-black-mid-sheen-multi-surface-paint-750ml~5010426814582_02c?wid=284&hei=284,,bnq
Rust-Oleum Black Sand Matt Radiator Paint 750ml,21,https://media.diy.com/is/image/KingfisherDigital/rust-oleum-black-sand-matt-radiator-paint-750ml~5013296401173_01c_MP?wid=284&hei=284,,bnq
V33 Renovation Graphite Black Satin Multi-surface Paint,5.50,https://media.diy.com/is/image/Kingfisher/v33-renovation-graphite-black-satinwood-multi-surface-paint-2l~3153895181846_02c_bq?wid=284&hei=284,,bnq
Rust-Oleum Black Sand Matt Bathroom Wall & Ceiling Paint 2.5L,30,https://media.diy.com/is/image/KingfisherDigital/rust-oleum-black-sand-matt-bathroom-wall-ceiling-paint-2-5l~5013296400114_01c_MP?wid=284&hei=284,,bnq
151 Black Gloss Non-Drip Paint,4.91,https://media.diy.com/is/image/KingfisherDigital/151-black-gloss-non-drip-paint~5050375085497_01c_MP?wid=284&hei=284,,bnq
Rust-Oleum Black Sand Matt Bathroom Wood & Cabinet Paint 750ml,23,https://media.diy.com/is/image/KingfisherDigital/rust-oleum-black-sand-matt-bathroom-wood-cabinet-paint-750ml~5013296403962_01c_MP?wid=284&hei=284,,bnq
"Farrow & Ball Modern Pitch Black No.256 Eggshell Paint, 750ml",33,https://media.diy.com/is/image/Kingfisher/farrow-ball-modern-pitch-black-no-256-eggshell-paint-750ml~5051836277567_02c_bq?wid=284&hei=284,,bnq
"Zinsser AllCoat Black Multi-surface paint, 1L",28,https://media.diy.com/is/image/Kingfisher/zinsser-allcoat-black-multi-surface-paint-1l~5037898612171_01c_BQ?wid=284&hei=284,,bnq
"Lick Black 01 Eggshell Emulsion paint, 2.5L",45,https://media.diy.com/is/image/Kingfisher/lick-black-01-eggshell-emulsion-paint-2-5l~5060756110595_01c_bq?wid=284&hei=284,,bnq
Hammerite Smooth Direct To Rust Metal Paint 750ML + 33% Extra Free Black,21.99,https://media.diy.com/is/image/KingfisherDigital/hammerite-smooth-direct-to-rust-metal-paint-750ml-33-extra-free-black~5010212562246_01c_MP?wid=284&hei=284,,bnq
Rustins Step & Tile Paint - Black 500ml,11.50,https://media.diy.com/is/image/KingfisherDigital/rustins-step-tile-paint-black-500ml~5015332001491_01c_MP?wid=284&hei=284,,bnq
GoodHome Outdoor Black Satin Exterior Metal Paint,21,https://media.diy.com/is/image/Kingfisher/goodhome-outdoor-black-satinwood-exterior-metal-paint-2-5l-tin~5059340296104_21c?wid=284&hei=284,,bnq
Rust-Oleum Universal Black Matt All-Surface Paint 750ml,21,https://media.diy.com/is/image/KingfisherDigital/rust-oleum-universal-black-matt-all-surface-paint-750ml~5013296130288_01c_MP?wid=284&hei=284,,bnq
Granocryl Smooth Masonry Paint Black 5L,24.99,https://media.diy.com/is/image/KingfisherDigital/granocryl-smooth-masonry-paint-black-5l~5010426732800_01c_MP?wid=284&hei=284,,bnq
Frankie & Stone Furniture Paint - Black Coal 1 Litre - Water Based - Quick Drying Solution,22.99,https://media.diy.com/is/image/KingfisherDigital/frankie-stone-furniture-paint-black-coal-1-litre-water-based-quick-drying-solution~5060649078544_01c_MP?wid=284&hei=284,,bnq
Rustins Black Gloss Paint 250ml,8.50,https://media.diy.com/is/image/KingfisherDigital/rustins-black-gloss-paint-250ml~5015332002023_01c_MP?wid=284&hei=284,,bnq
Britannia Paints Anti-Slip Floor Paint Black 5 Litres - Polyurethane Coating - Hard Wearing & Chemical Resistant,50,https://media.diy.com/is/image/KingfisherDigital/britannia-paints-anti-slip-floor-paint-black-5-litres-polyurethane-coating-hard-wearing-chemical-resistant~5060952080739_01c_MP?wid=284&hei=284,,bnq
Rust-Oleum Natural Charcoal (Black) Satin Kitchen Tile Paint 750ml,23,https://media.diy.com/is/image/KingfisherDigital/rust-oleum-natural-charcoal-black-satin-kitchen-tile-paint-750ml~5013296419994_01c_MP?wid=284&hei=284,,bnq
Rustins Metal Paint - Black 250ml,8,https://media.diy.com/is/image/KingfisherDigital/rustins-metal-paint-black-250ml~5015332533060_01c_MP?wid=284&hei=284,,bnq
Johnstone's Garage Floor Paint Black - 250ml,12,https://media.diy.com/is/image/KingfisherDigital/johnstone-s-garage-floor-paint-black-250ml~5010426775708_01c_MP?wid=284&hei=284,,bnq
HOME GUARD BARN PAINT BLACK 2.5 LITRE,25.99,https://media.diy.com/is/image/KingfisherDigital/home-guard-barn-paint-black-2-5-litre~5030105001492_01c_MP?wid=284&hei=284,,bnq
Rust-Oleum Natural Charcoal (Black) Satin Radiator Paint 750ml,21,https://media.diy.com/is/image/KingfisherDigital/rust-oleum-natural-charcoal-black-satin-radiator-paint-750ml~5013296492621_01c_MP?wid=284&hei=284,,bnq
Rust-Oleum Black Sand Satin Bathroom Tile Paint 750ml,25,https://media.diy.com/is/image/KingfisherDigital/rust-oleum-black-sand-satin-bathroom-tile-paint-750ml~5013296483001_01c_MP?wid=284&hei=284,,bnq
Rustins Quick Drying Floor Paint - Black 1ltr,19,https://media.diy.com/is/image/KingfisherDigital/rustins-quick-drying-floor-paint-black-1ltr~5015332284061_01c_MP?wid=284&hei=284,,bnq
Polar WallGuard Masonry Paint - Black - 5 Litre - Exterior Coatings,55.99,https://media.diy.com/is/image/KingfisherDigital/polar-wallguard-masonry-paint-black-5-litre-exterior-coatings~5060649078124_01c_MP?wid=284&hei=284,,bnq
HOME GUARD UPVC PAINT WARM BLACK 2.5 LITRE,31.99,https://media.diy.com/is/image/KingfisherDigital/home-guard-upvc-paint-warm-black-2-5-litre~5030105001690_01c_MP?wid=284&hei=284,,bnq
"Sandtex Ultra smooth Black Masonry paint, 5L",5,https://media.diy.com/is/image/Kingfisher/sandtex-ultra-smooth-black-masonry-paint-5l~5010131461231_21c_bq?wid=284&hei=284,,bnq
Rustins Masonry Paint - Black 500ml,9.50,https://media.diy.com/is/image/KingfisherDigital/rustins-masonry-paint-black-500ml~5015332001231_01c_MP?wid=284&hei=284,,bnq
Rustins Textured Step & Tile Paint - Black 500ml,12,https://media.diy.com/is/image/KingfisherDigital/rustins-textured-step-tile-paint-black-500ml~5015332002696_01c_MP?wid=284&hei=284,,bnq
"Farrow & Ball Estate Off-black No.57 Matt Emulsion paint, 2.5L",54,https://media.diy.com/is/image/Kingfisher/farrow-ball-estate-off-black-no-57-matt-emulsion-paint-2-5l~5029496025729_02c_bq?wid=284&hei=284,,bnq
Farrow & Ball Estate Eggshell Off-Black No.57,32,https://media.diy.com/is/image/Kingfisher/farrow-ball-estate-off-black-no-57-eggshell-paint-750ml~5029496735772_02c_bq?wid=284&hei=284,,bnq
HOME GUARD FLOOR PAINT BLACK 2.5 LITRE,31.99,https://media.diy.com/is/image/KingfisherDigital/home-guard-floor-paint-black-2-5-litre~5030105001577_01c_MP?wid=284&hei=284,,bnq
Ronseal 37382 Garden Paint Black Bird 250ml RSLGPBLKB250,9.64,https://media.diy.com/is/image/KingfisherDigital/ronseal-37382-garden-paint-black-bird-250ml-rslgpblkb250~5010214873821_01c_MP?wid=284&hei=284,,bnq
Rust-Oleum Black Sand Satin UPVC Paint 750ml,30,https://media.diy.com/is/image/KingfisherDigital/rust-oleum-black-sand-satin-upvc-paint-750ml~5013296509084_01c_MP?wid=284&hei=284,,bnq
Rust-Oleum Natural Charcoal (Black) Floor Grout Paint 250ml,13,https://media.diy.com/is/image/KingfisherDigital/rust-oleum-natural-charcoal-black-floor-grout-paint-250ml~5013296792455_01c_MP?wid=284&hei=284,,bnq
"Farrow & Ball Modern Off-Black No.57 Eggshell Paint, 2.5L",81,https://media.diy.com/is/image/Kingfisher/farrow-ball-modern-off-black-no-57-eggshell-paint-2-5l~5051836292577_02c_bq?wid=284&hei=284,,bnq
Rust-Oleum Black Sand Chalky Furniture Paint 750ml,18,https://media.diy.com/is/image/KingfisherDigital/rust-oleum-black-sand-chalky-furniture-paint-750ml~5013296202282_01c_MP?wid=284&hei=284,,bnq
Bedec Acrylic Floor Paint Black - 5L,77,https://media.diy.com/is/image/KingfisherDigital/bedec-acrylic-floor-paint-black-5l~5055006798227_01c_MP?wid=284&hei=284,,bnq
Tableau Chalk Paint Hastings Black 1 Litre,18.99,https://media.diy.com/is/image/KingfisherDigital/tableau-chalk-paint-hastings-black-1-litre~5021843251683_01c_MP?wid=284&hei=284,,bnq
Rust-Oleum Black Sand Matt Bathroom Tile Paint 750ml,25,https://media.diy.com/is/image/KingfisherDigital/rust-oleum-black-sand-matt-bathroom-tile-paint-750ml~5013296481786_01c_MP?wid=284&hei=284,,bnq
Rust-Oleum Black Sand Matt Kitchen Tile Paint 750ml,23,https://media.diy.com/is/image/KingfisherDigital/rust-oleum-black-sand-matt-kitchen-tile-paint-750ml~5013296405058_01c_MP?wid=284&hei=284,,bnq
"Drybase Damp Proof Paint (1 L, Black) - Damp Proofing Membrane for Interior & Exterior Walls and Floors. Waterproof Paint.",19.99,https://media.diy.com/is/image/KingfisherDigital/drybase-damp-proof-paint-1-l-black-damp-proofing-membrane-for-interior-exterior-walls-and-floors-waterproof-paint-~5060132763674_01c_MP?wid=284&hei=284,,bnq
V33 Renovation Quartz Black Satin Cupboard & cabinet Paint,5.50,https://media.diy.com/is/image/Kingfisher/v33-renovation-quartz-black-satinwood-cupboard-cabinet-paint-2l~3153895181112_02c_bq?wid=284&hei=284,,bnq
Rust-Oleum Black Sand Satin Radiator Paint 750ml,21,https://media.diy.com/is/image/KingfisherDigital/rust-oleum-black-sand-satin-radiator-paint-750ml~5013296491914_01c_MP?wid=284&hei=284,,bnq
Rustins Quick-Dry Satin Paint - Black 1ltr,20,https://media.diy.com/is/image/KingfisherDigital/rustins-quick-dry-satin-paint-black-1ltr~5015332440023_01c_MP?wid=284&hei=284,,bnq
"Polar Damp Seal Black Anti Damp Paint 2.5L, Damp Proof Paint Stain Blocker - One Coat for Brick, Concrete, Cement and Plaster Wall",39.99,https://media.diy.com/is/image/KingfisherDigital/polar-damp-seal-black-anti-damp-paint-2-5l-damp-proof-paint-stain-blocker-one-coat-for-brick-concrete-cement-and-plaster-wall~5060649078575_01c_MP?wid=284&hei=284,,bnq
Rust-Oleum Natural Charcoal (Black) Satin Kitchen Cupboard Paint 750ml,25,https://media.diy.com/is/image/KingfisherDigital/rust-oleum-natural-charcoal-black-satin-kitchen-cupboard-paint-750ml~5013296481229_01c_MP?wid=284&hei=284,,bnq
Rust-Oleum Black Sand Matt UPVC Paint 750ml,30,https://media.diy.com/is/image/KingfisherDigital/rust-oleum-black-sand-matt-upvc-paint-750ml~5013296407274_01c_MP?wid=284&hei=284,,bnq
Dulux Weathershield Black Satin Multi-surface paint,33,https://media.diy.com/is/image/Kingfisher/dulux-weathershield-black-satinwood-multi-surface-paint-750ml~5010212617120_02c_bq?wid=284&hei=284,,bnq
Rust-Oleum Natural Charcoal (Black) Washable Matt Floor Tile Paint 2.5L,46,https://media.diy.com/is/image/KingfisherDigital/rust-oleum-natural-charcoal-black-washable-matt-floor-tile-paint-2-5l~5013296502931_01c_MP?wid=284&hei=284,,bnq
Rust-Oleum Natural Charcoal (Black) Gloss Radiator Paint 750ml,21,https://media.diy.com/is/image/KingfisherDigital/rust-oleum-natural-charcoal-black-gloss-radiator-paint-750ml~5013296761437_01c_MP?wid=284&hei=284,,bnq
"Rust-Oleum Painter's touch Black Satinwood Multi-surface paint, 250ml",10,https://media.diy.com/is/image/Kingfisher/rust-oleum-painter-s-touch-black-satinwood-multi-surface-paint-250ml~5013296030380_02c_bq?wid=284&hei=284,,bnq
"Farrow & Ball Estate Pitch black No.256 Matt Emulsion paint, 2.5L",54,https://media.diy.com/is/image/Kingfisher/farrow-ball-estate-pitch-black-no-256-matt-emulsion-paint-2-5l~5029496885620_02c_bq?wid=284&hei=284,,bnq
151 Iron Gate Black Gloss Paint - 180ml,5.49,https://media.diy.com/is/image/KingfisherDigital/151-iron-gate-black-gloss-paint-180ml~5050375085466_01c_MP?wid=284&hei=284,,bnq
"Lick Black 02 Matt Emulsion paint, 2.5L",45,https://media.diy.com/is/image/Kingfisher/lick-black-02-matt-emulsion-paint-2-5l~5060756110397_01c_bq?wid=284&hei=284,,bnq
"Craig & Rose 1829 Jet Black Chalky Emulsion paint, 50ml Tester pot",4,https://media.diy.com/is/image/Kingfisher/craig-rose-1829-jet-black-chalky-emulsion-paint-50ml-tester-pot~5036211064147_02c_bq?wid=284&hei=284,,bnq
"Farrow & Ball Estate Pitch black No.256 Emulsion paint, 100ml Tester pot",5.50,https://media.diy.com/is/image/Kingfisher/farrow-ball-estate-pitch-black-no-256-emulsion-paint-100ml-tester-pot~5029496875614_08c_bq?wid=284&hei=284,,bnq
"Hammerite Ultima Black Matt Multi-surface Exterior Metal paint, 750ml",28,https://media.diy.com/is/image/Kingfisher/hammerite-ultima-black-matt-multi-surface-exterior-metal-paint-750ml~5010212651933_02c_bq?wid=284&hei=284,,bnq
Lick Black 03 Matt Emulsion paint,2,https://media.diy.com/is/image/Kingfisher/lick-black-03-matt-emulsion-paint-2-5l~5060932640397_01c_bq?wid=284&hei=284,,bnq
Lick Black 01 Matt Emulsion paint,2,https://media.diy.com/is/image/Kingfisher/lick-black-01-matt-emulsion-paint-2-5l~5060756110380_01c_bq?wid=284&hei=284,,bnq
"Lick Black 04 Eggshell Emulsion paint, 2.5L",45,https://media.diy.com/is/image/Kingfisher/lick-black-04-eggshell-emulsion-paint-2-5l~5060932640458_01c_bq?wid=284&hei=284,,bnq
"Farrow & Ball Modern Pitch Black No.256 Eggshell Paint, 2.5L",74,https://media.diy.com/is/image/Kingfisher/farrow-ball-modern-pitch-black-no-256-eggshell-paint-2-5l~5051836272562_02c_bq?wid=284&hei=284,,bnq
Ronseal 37674 One Coat Tile Paint Black Gloss 750ml RSLOCTPBG750,27.51,https://media.diy.com/is/image/KingfisherDigital/ronseal-37674-one-coat-tile-paint-black-gloss-750ml-rsloctpbg750~5010214876747_01c_MP?wid=284&hei=284,,bnq
"Lick Black 02 Eggshell Emulsion paint, 2.5L",45,https://media.diy.com/is/image/Kingfisher/lick-black-02-eggshell-emulsion-paint-2-5l~5060756112209_01c_bq?wid=284&hei=284,,bnq
Rainbow Barn Paint 5 Litre (Barn Black),44,https://media.diy.com/is/image/KingfisherDigital/rainbow-barn-paint-5-litre-barn-black-~5030105030072_01c_MP?wid=284&hei=284,,bnq
Polar Masonry Paint Black 500ml Matt Finish,15.99,https://media.diy.com/is/image/KingfisherDigital/polar-masonry-paint-black-500ml-matt-finish~5060649075529_01c_MP?wid=284&hei=284,,bnq
"Rust-Oleum Black Matt Chalkboard paint, 0.75L",19,https://media.diy.com/is/image/Kingfisher/rust-oleum-black-matt-chalkboard-paint-0-75l~5013296030472_02c_bq?wid=284&hei=284,,bnq
Rust-Oleum Natural Charcoal (Black) Satin Bathroom Wood & Cabinet Paint 750ml,23,https://media.diy.com/is/image/KingfisherDigital/rust-oleum-natural-charcoal-black-satin-bathroom-wood-cabinet-paint-750ml~5013296498647_01c_MP?wid=284&hei=284,,bnq
Rust-Oleum Natural Charcoal (Black) Gloss Bathroom Tile Paint 750ml,25,https://media.diy.com/is/image/KingfisherDigital/rust-oleum-natural-charcoal-black-gloss-bathroom-tile-paint-750ml~5013296761451_01c_MP?wid=284&hei=284,,bnq
"Gimcyn Chroma - Textured, Intense Metallic Wall Paint Sample Pot. Includes 50g of Paint - Covers 0.25SQM - In Colour BLACK ONYX",8,https://media.diy.com/is/image/KingfisherDigital/gimcyn-chroma-textured-intense-metallic-wall-paint-sample-pot-includes-50g-of-paint-covers-0-25sqm-in-colour-black-onyx~5061024831365_01c_MP?wid=284&hei=284,,bnq
Rust-Oleum Natural Charcoal Matt Multi-surface Garden Paint,4,https://media.diy.com/is/image/Kingfisher/rust-oleum-garden-paint-natural-charcoal-matt-multi-surface-garden-paint-125ml-tin~5013296131643_02c_bq?wid=284&hei=284,,bnq
Polar Black Tarmac Paint - 5 Litre - Enhance & Protect Driveway,44.99,https://media.diy.com/is/image/KingfisherDigital/polar-black-tarmac-paint-5-litre-enhance-protect-driveway~5060649073525_01c_MP?wid=284&hei=284,,bnq
Thermilate InsoPaint Advance Energy Saving Paint Thermal Reflective Paint 5L Exterior Masonry Black,49.95,https://media.diy.com/is/image/KingfisherDigital/thermilate-insopaint-advance-energy-saving-paint-thermal-reflective-paint-5l-exterior-masonry-black~5060275571488_01c_MP?wid=284&hei=284,,bnq
Bedec Barn Paint Semi-Gloss Black - 2.5L,65,https://media.diy.com/is/image/KingfisherDigital/bedec-barn-paint-semi-gloss-black-2-5l~5055006792102_01c_MP?wid=284&hei=284,,bnq
"V33 High performance Tarmac Satinwood Floor & stair paint, 2L",40,https://media.diy.com/is/image/Kingfisher/v33-high-performance-tarmac-satinwood-floor-stair-paint-2l~3153895181594_02c_bq?wid=284&hei=284,,bnq
Rust-Oleum Natural Charcoal (Black) Kitchen Grout Paint 250ml,13,https://media.diy.com/is/image/KingfisherDigital/rust-oleum-natural-charcoal-black-kitchen-grout-paint-250ml~5013296763035_01c_MP?wid=284&hei=284,,bnq
Johnstone's Wall & Ceilings Black Silk Paint - 2.5L,21,https://media.diy.com/is/image/KingfisherDigital/johnstone-s-wall-ceilings-black-silk-paint-2-5l~5010426758633_01c_MP?wid=284&hei=284,,bnq
Rust-Oleum Natural Charcoal Gloss Furniture Paint 750ml,18,https://media.diy.com/is/image/KingfisherDigital/rust-oleum-natural-charcoal-gloss-furniture-paint-750ml~5013296047555_01c_MP?wid=284&hei=284,,bnq
"Lick Black 03 Eggshell Emulsion paint, 2.5L",45,https://media.diy.com/is/image/Kingfisher/lick-black-03-eggshell-emulsion-paint-2-5l~5060932640380_01c_bq?wid=284&hei=284,,bnq
Rust-Oleum Black Sand Gloss Kitchen Tile Paint 750ml,23,https://media.diy.com/is/image/KingfisherDigital/rust-oleum-black-sand-gloss-kitchen-tile-paint-750ml~5013296494335_01c_MP?wid=284&hei=284,,bnq
151 Matt Black Chalkboard Paint - 180ml,4.91,https://media.diy.com/is/image/KingfisherDigital/151-matt-black-chalkboard-paint-180ml~5050375085640_01c_MP?wid=284&hei=284,,bnq
"GoodHome Liberty Satin Multi-surface paint, 70ml Tester pot",3,https://media.diy.com/is/image/Kingfisher/goodhome-liberty-satin-multi-surface-paint-70ml-tester-pot~3663602585350_21c?wid=284&hei=284,,bnq
"Farrow & Ball Modern Pitch Black No.256 Matt Emulsion paint, 2.5L",56,https://media.diy.com/is/image/Kingfisher/farrow-ball-modern-pitch-black-no-256-matt-emulsion-paint-2-5l~5029496295627_02c_bq?wid=284&hei=284,,bnq
GoodHome Durable Liberty Matt Multi-surface paint,24,https://media.diy.com/is/image/Kingfisher/goodhome-durable-liberty-matt-multi-surface-paint-2l~3663602586104_21c?wid=284&hei=284,,bnq
"Farrow & Ball Estate Off-black No.57 Emulsion paint, 100ml Tester pot",5.50,https://media.diy.com/is/image/Kingfisher/farrow-ball-estate-off-black-no-57-emulsion-paint-100ml-tester-pot~5029496115703_08c_bq?wid=284&hei=284,,bnq
Rust-Oleum Natural Charcoal (Black) Satin UPVC Paint 750ml,30,https://media.diy.com/is/image/KingfisherDigital/rust-oleum-natural-charcoal-black-satin-upvc-paint-750ml~5013296660198_01c_MP?wid=284&hei=284,,bnq
"Farrow & Ball Modern Off-Black No.57 Eggshell Paint, 750ml",34,https://media.diy.com/is/image/Kingfisher/farrow-ball-modern-off-black-no-57-eggshell-paint-750ml~5051836297572_02c_bq?wid=284&hei=284,,bnq
"Polar Damp Seal Black Anti Damp Paint 1L, Damp Proof Paint Stain Blocker Seals Brick, Concrete, Cement and Plaster Walls",24.99,https://media.diy.com/is/image/KingfisherDigital/polar-damp-seal-black-anti-damp-paint-1l-damp-proof-paint-stain-blocker-seals-brick-concrete-cement-and-plaster-walls~5060649078582_01c_MP?wid=284&hei=284,,bnq
Landlords Anti Damp Paint Black Matt Smooth Emulsion Paint 5L,44.95,https://media.diy.com/is/image/KingfisherDigital/landlords-anti-damp-paint-black-matt-smooth-emulsion-paint-5l~5055945343748_01c_MP?wid=284&hei=284,,bnq
Britannia Paints Floor Paint Black 20 Litres - Polyurethane Coating - Hard Wearing & Chemical Resistant,130,https://media.diy.com/is/image/KingfisherDigital/britannia-paints-floor-paint-black-20-litres-polyurethane-coating-hard-wearing-chemical-resistant~5060952080982_01c_MP?wid=284&hei=284,,bnq
Britannia Paints Anti-Slip Floor Paint Black 20 Litres - Polyurethane Coating - Hard Wearing & Chemical Resistant,180,https://media.diy.com/is/image/KingfisherDigital/britannia-paints-anti-slip-floor-paint-black-20-litres-polyurethane-coating-hard-wearing-chemical-resistant~5060952080678_01c_MP?wid=284&hei=284,,bnq
Britannia Paints Floor Paint Black 5 Litres - Polyurethane Coating - Hard Wearing & Chemical Resistant,44,https://media.diy.com/is/image/KingfisherDigital/britannia-paints-floor-paint-black-5-litres-polyurethane-coating-hard-wearing-chemical-resistant~5060952081040_01c_MP?wid=284&hei=284,,bnq
Ronseal 35227 One Coat Blackboard Paint 250ml RSLOCBBP250,12.16,https://media.diy.com/is/image/KingfisherDigital/ronseal-35227-one-coat-blackboard-paint-250ml-rslocbbp250~5010214852277_01c_MP?wid=284&hei=284,,bnq
Rust-Oleum Universal Black Satin All-Surface Paint 750ml,21,https://media.diy.com/is/image/KingfisherDigital/rust-oleum-universal-black-satin-all-surface-paint-750ml~5013296130394_01c_MP?wid=284&hei=284,,bnq
Rust-Oleum Natural Charcoal Chalky Finish Floor Paint 2.5L,43,https://media.diy.com/is/image/KingfisherDigital/rust-oleum-natural-charcoal-chalky-finish-floor-paint-2-5l~5013296047562_01c_MP?wid=284&hei=284,,bnq
"Hammerite Black Gloss Metal paint, 750ml",22,https://media.diy.com/is/image/Kingfisher/hammerite-black-gloss-metal-paint-750ml~5011867220161_02c_bq?wid=284&hei=284,,bnq
Rust-Oleum Black Sand Washable Matt Floor Tile Paint 2.5L,46,https://media.diy.com/is/image/KingfisherDigital/rust-oleum-black-sand-washable-matt-floor-tile-paint-2-5l~5013296501828_01c_MP?wid=284&hei=284,,bnq
GoodHome Outdoor Black Gloss Exterior Metal Paint,21,https://media.diy.com/is/image/Kingfisher/goodhome-outdoor-black-gloss-exterior-metal-paint-750ml-tin~5059340296029_21c?wid=284&hei=284,,bnq
"Hammerite Ultima Black Gloss Multi-surface Exterior Metal paint, 750ml",28,https://media.diy.com/is/image/Kingfisher/hammerite-ultima-black-gloss-multi-surface-exterior-metal-paint-750ml~5010212651872_02c_bq?wid=284&hei=284,,bnq
Rust-Oleum Black Sand Bathroom Grout Paint 250ml,13,https://media.diy.com/is/image/KingfisherDigital/rust-oleum-black-sand-bathroom-grout-paint-250ml~5013296790123_01c_MP?wid=284&hei=284,,bnq
Rust-Oleum Black Sand Gloss Radiator Paint 750ml,21,https://media.diy.com/is/image/KingfisherDigital/rust-oleum-black-sand-gloss-radiator-paint-750ml~5013296493130_01c_MP?wid=284&hei=284,,bnq
Rust-Oleum Black Sand Gloss Bathroom Tile Paint 750ml,25,https://media.diy.com/is/image/KingfisherDigital/rust-oleum-black-sand-gloss-bathroom-tile-paint-750ml~5013296496735_01c_MP?wid=284&hei=284,,bnq
Rust-Oleum Black Sand Gloss Furniture Paint 750ml,18,https://media.diy.com/is/image/KingfisherDigital/rust-oleum-black-sand-gloss-furniture-paint-750ml~5013296207157_01c_MP?wid=284&hei=284,,bnq
Rust-Oleum Natural Charcoal (Black) Gloss Kitchen Cupboard Paint 750ml,25,https://media.diy.com/is/image/KingfisherDigital/rust-oleum-natural-charcoal-black-gloss-kitchen-cupboard-paint-750ml~5013296761413_01c_MP?wid=284&hei=284,,bnq
Rust-Oleum Natural Charcoal (Black) Gloss Bathroom Wood & Cabinet Paint 750ml,23,https://media.diy.com/is/image/KingfisherDigital/rust-oleum-natural-charcoal-black-gloss-bathroom-wood-cabinet-paint-750ml~5013296761468_01c_MP?wid=284&hei=284,,bnq
Hammerite Hammered Direct to Rust Metal Paint 1L Black,22.96,https://media.diy.com/is/image/KingfisherDigital/hammerite-hammered-direct-to-rust-metal-paint-1l-black~5010212562260_01c_MP?wid=284&hei=284,,bnq
Rust-Oleum Black Sand Matt Kitchen Cupboard Paint 750ml,25,https://media.diy.com/is/image/KingfisherDigital/rust-oleum-black-sand-matt-kitchen-cupboard-paint-750ml~5013296204156_01c_MP?wid=284&hei=284,,bnq
Rust-Oleum Black Sand Gloss Kitchen Cupboard Paint 750ml,25,https://media.diy.com/is/image/KingfisherDigital/rust-oleum-black-sand-gloss-kitchen-cupboard-paint-750ml~5013296495530_01c_MP?wid=284&hei=284,,bnq
Rust-Oleum Black Sand Satin Kitchen Tile Paint 750ml,23,https://media.diy.com/is/image/KingfisherDigital/rust-oleum-black-sand-satin-kitchen-tile-paint-750ml~5013296419352_01c_MP?wid=284&hei=284,,bnq
Rust-Oleum Black Sand Floor Grout Paint 250ml,13,https://media.diy.com/is/image/KingfisherDigital/rust-oleum-black-sand-floor-grout-paint-250ml~5013296791359_01c_MP?wid=284&hei=284,,bnq
Ronseal Direct to Metal Paint Gloss 250ml Black,12.55,https://media.diy.com/is/image/KingfisherDigital/ronseal-direct-to-metal-paint-gloss-250ml-black~5010214891795_01c_MP?wid=284&hei=284,,bnq
Rust-Oleum Black Sand Satin Kitchen Cupboard Paint 750ml,25,https://media.diy.com/is/image/KingfisherDigital/rust-oleum-black-sand-satin-kitchen-cupboard-paint-750ml~5013296480581_01c_MP?wid=284&hei=284,,bnq
HQC Weather Shield Black Matt Smooth Emulsion Masonry Paint 2.5L,34.95,https://media.diy.com/is/image/KingfisherDigital/hqc-weather-shield-black-matt-smooth-emulsion-masonry-paint-2-5l~5055945320558_01c_MP?wid=284&hei=284,,bnq
HQC Weather Shield Black Matt Smooth Emulsion Masonry Paint 5L,44.95,https://media.diy.com/is/image/KingfisherDigital/hqc-weather-shield-black-matt-smooth-emulsion-masonry-paint-5l~5055945320541_01c_MP?wid=284&hei=284,,bnq
Tikkurila Liitu - Matt Blackboard Paint For Walls & Furniture - Black - Water-Based - 0.33 Litre,18.24,https://media.diy.com/is/image/KingfisherDigital/tikkurila-liitu-matt-blackboard-paint-for-walls-furniture-black-water-based-0-33-litre~6408070069554_01c_MP?wid=284&hei=284,,bnq
Rust-Oleum Black Sand Satin Bathroom Wood & Cabinet Paint 750ml,23,https://media.diy.com/is/image/KingfisherDigital/rust-oleum-black-sand-satin-bathroom-wood-cabinet-paint-750ml~5013296497930_01c_MP?wid=284&hei=284,,bnq
12 x 151 Black Matt Paint - 180 ml,26.99,https://media.diy.com/is/image/KingfisherDigital/12-x-151-black-matt-paint-180-ml~2300005003142_01c_MP?wid=284&hei=284,,bnq
HQC Weather Shield Black Matt Smooth Emulsion Masonry Paint 1L,22.95,https://media.diy.com/is/image/KingfisherDigital/hqc-weather-shield-black-matt-smooth-emulsion-masonry-paint-1l~5055945320589_01c_MP?wid=284&hei=284,,bnq
Lick Black 04 Matt Emulsion paint,2,https://media.diy.com/is/image/Kingfisher/lick-black-04-matt-emulsion-paint-2-5l~5060932640465_01c_bq?wid=284&hei=284,,bnq
HOME GUARD MASONRY PAINT WARM BLACK 2.5 LITRE,25.99,https://media.diy.com/is/image/KingfisherDigital/home-guard-masonry-paint-warm-black-2-5-litre~5030105001898_01c_MP?wid=284&hei=284,,bnq
Rust-Oleum Natural Charcoal (Black) Gloss Kitchen Tile Paint 750ml,23,https://media.diy.com/is/image/KingfisherDigital/rust-oleum-natural-charcoal-black-gloss-kitchen-tile-paint-750ml~5013296761444_01c_MP?wid=284&hei=284,,bnq
Rust-Oleum Black Sand Gloss Bathroom Wood & Cabinet Paint 750ml,23,https://media.diy.com/is/image/KingfisherDigital/rust-oleum-black-sand-gloss-bathroom-wood-cabinet-paint-750ml~5013296499156_01c_MP?wid=284&hei=284,,bnq
Sandtex Masonry Paint Tester Pot 150ml Black,10.34,https://media.diy.com/is/image/KingfisherDigital/sandtex-masonry-paint-tester-pot-150ml-black~5010131461194_01c_MP?wid=284&hei=284,,bnq
Rust-Oleum Natural Charcoal (Black) Satin Garden Paint 750ml,19,https://media.diy.com/is/image/KingfisherDigital/rust-oleum-natural-charcoal-black-satin-garden-paint-750ml~5013296507769_01c_MP?wid=284&hei=284,,bnq
Rust-Oleum Black Sand Chalky Finish Floor Paint 2.5L,43,https://media.diy.com/is/image/KingfisherDigital/rust-oleum-black-sand-chalky-finish-floor-paint-2-5l~5013296208161_01c_MP?wid=284&hei=284,,bnq
6 x 151 Iron Gate Black Gloss Paint - 180ml,15.39,https://media.diy.com/is/image/KingfisherDigital/6-x-151-iron-gate-black-gloss-paint-180ml~2600008986672_01c_MP?wid=284&hei=284,,bnq
"Farrow & Ball Paean black No.294 Matt Emulsion paint, 100ml Tester pot",5.50,https://media.diy.com/is/image/Kingfisher/farrow-ball-paean-black-no-294-matt-emulsion-paint-100ml-tester-pot~5029496879414_02c_bq?wid=284&hei=284,,bnq
Berger Non Drip Gloss Paint Black - 750ml,16.72,https://media.diy.com/is/image/KingfisherDigital/berger-non-drip-gloss-paint-black-750ml~5010131538490_01c_MP?wid=284&hei=284,,bnq
Johnstone's Wall & Ceiling Black Matt Paint - 2.5L,21,https://media.diy.com/is/image/KingfisherDigital/johnstone-s-wall-ceiling-black-matt-paint-2-5l~5010426736662_01c_MP?wid=284&hei=284,,bnq
12 x 151 Iron Gate Black Gloss Paint - 180ml,26.99,https://media.diy.com/is/image/KingfisherDigital/12-x-151-iron-gate-black-gloss-paint-180ml~2100003082923_01c_MP?wid=284&hei=284,,bnq
Johnstone's Washable Matt Tough Paint Black - 2.5L,30,https://media.diy.com/is/image/KingfisherDigital/johnstone-s-washable-matt-tough-paint-black-2-5l~5010426807331_01c_MP?wid=284&hei=284,,bnq
"Farrow & Ball Estate Paean black No.294 Matt Emulsion paint, 2.5L",54,https://media.diy.com/is/image/Kingfisher/farrow-ball-estate-paean-black-no-294-matt-emulsion-paint-2-5l~5029496889420_02c_bq?wid=284&hei=284,,bnq
Ronseal Direct to Metal Paint Satin 750ml Black,20.37,https://media.diy.com/is/image/KingfisherDigital/ronseal-direct-to-metal-paint-satin-750ml-black~5010214891962_01c_MP?wid=284&hei=284,,bnq
Ronseal Direct to Metal Paint Matt 2.5L Black,47.04,https://media.diy.com/is/image/KingfisherDigital/ronseal-direct-to-metal-paint-matt-2-5l-black~5010214892143_01c_MP?wid=284&hei=284,,bnq
Rust-Oleum Black Sand Gloss UPVC Paint 750ml,30,https://media.diy.com/is/image/KingfisherDigital/rust-oleum-black-sand-gloss-upvc-paint-750ml~5013296660310_01c_MP?wid=284&hei=284,,bnq
"Polar Concrete Post Paint 2.5 Litre, Black, Ideal For Stone & Concrete on Garden Fence Posts",36.99,https://media.diy.com/is/image/KingfisherDigital/polar-concrete-post-paint-2-5-litre-black-ideal-for-stone-concrete-on-garden-fence-posts~5060649079480_01c_MP?wid=284&hei=284,,bnq
Ronseal Direct to Metal Paint Gloss 750ml Black,20.37,https://media.diy.com/is/image/KingfisherDigital/ronseal-direct-to-metal-paint-gloss-750ml-black~5010214891955_01c_MP?wid=284&hei=284,,bnq
Rust-Oleum Natural Charcoal (Black) Gloss UPVC Paint 750ml,30,https://media.diy.com/is/image/KingfisherDigital/rust-oleum-natural-charcoal-black-gloss-upvc-paint-750ml~5013296761482_01c_MP?wid=284&hei=284,,bnq
Ronseal Direct to Metal Paint Gloss 2.5L Black,47.04,https://media.diy.com/is/image/KingfisherDigital/ronseal-direct-to-metal-paint-gloss-2-5l-black~5010214892129_01c_MP?wid=284&hei=284,,bnq
Rust-Oleum Black Sand Matt Kitchen Wall Paint 2.5l,30,https://media.diy.com/is/image/KingfisherDigital/rust-oleum-black-sand-matt-kitchen-wall-paint-2-5l~5013296406161_01c_MP?wid=284&hei=284,,bnq
Rust-Oleum Black Sand Kitchen Grout Paint 250ml,13,https://media.diy.com/is/image/KingfisherDigital/rust-oleum-black-sand-kitchen-grout-paint-250ml~5013296761932_01c_MP?wid=284&hei=284,,bnq
Rust-Oleum Black Sand Chalky Wall & Ceiling Paint 2.5L,40,https://media.diy.com/is/image/KingfisherDigital/rust-oleum-black-sand-chalky-wall-ceiling-paint-2-5l~5013296043311_01c_MP?wid=284&hei=284,,bnq
Rust-Oleum Natural Charcoal (Black) Satin Garden Paint 2.5L,36,https://media.diy.com/is/image/KingfisherDigital/rust-oleum-natural-charcoal-black-satin-garden-paint-2-5l~5013296669528_01c_MP?wid=284&hei=284,,bnq
Johnstone's Wall & Ceiling Black Soft Sheen Paint - 2.5L,21,https://media.diy.com/is/image/KingfisherDigital/johnstone-s-wall-ceiling-black-soft-sheen-paint-2-5l~5010426780085_01c_MP?wid=284&hei=284,,bnq
Next Chalky Black Peel & Stick Paint Sample,1,https://media.diy.com/is/image/KingfisherDigital/next-chalky-black-peel-stick-paint-sample~5011583516845_01c_MP?wid=284&hei=284,,bnq
JENOLITE Directorust Black Satin - Multi Surface Paint - 1 Litre - RAL 9005,27.99,https://media.diy.com/is/image/KingfisherDigital/jenolite-directorust-black-satin-multi-surface-paint-1-litre-ral-9005~5060148421612_01c_MP?wid=284&hei=284,,bnq
Rust-Oleum Black Sand Matt Garden Paint 750ml,19,https://media.diy.com/is/image/KingfisherDigital/rust-oleum-black-sand-matt-garden-paint-750ml~5013296205214_01c_MP?wid=284&hei=284,,bnq
Rust-Oleum Natural Charcoal (Black) Gloss Garden Paint 750ml,19,https://media.diy.com/is/image/KingfisherDigital/rust-oleum-natural-charcoal-black-gloss-garden-paint-750ml~5013296761475_01c_MP?wid=284&hei=284,,bnq
Rust-Oleum Black Sand Gloss Garden Paint 750ml,19,https://media.diy.com/is/image/KingfisherDigital/rust-oleum-black-sand-gloss-garden-paint-750ml~5013296507882_01c_MP?wid=284&hei=284,,bnq
Rust-Oleum Black Sand Satin Garden Paint 750ml,19,https://media.diy.com/is/image/KingfisherDigital/rust-oleum-black-sand-satin-garden-paint-750ml~5013296506663_01c_MP?wid=284&hei=284,,bnq
Ronseal Direct to Metal Paint Matt 750ml Black,20.37,https://media.diy.com/is/image/KingfisherDigital/ronseal-direct-to-metal-paint-matt-750ml-black~5010214891979_01c_MP?wid=284&hei=284,,bnq
6 x 151 Black Gloss Non-Drip Paint,15.39,https://media.diy.com/is/image/KingfisherDigital/6-x-151-black-gloss-non-drip-paint~2100003832535_01c_MP?wid=284&hei=284,,bnq
Rustins Small Job Paint Gloss - Black 250ml,8.50,https://media.diy.com/is/image/KingfisherDigital/rustins-small-job-paint-gloss-black-250ml~5015332001781_01c_MP?wid=284&hei=284,,bnq
Rust-Oleum Black Sand Satin Garden Paint 2.5L,36,https://media.diy.com/is/image/KingfisherDigital/rust-oleum-black-sand-satin-garden-paint-2-5l~5013296668422_01c_MP?wid=284&hei=284,,bnq
JENOLITE Directorust Black Gloss - Multi Surface Paint - 1 Litre - RAL 9005,27.99,https://media.diy.com/is/image/KingfisherDigital/jenolite-directorust-black-gloss-multi-surface-paint-1-litre-ral-9005~5060148423418_01c_MP?wid=284&hei=284,,bnq
12 x 151 Black Gloss Non-Drip Paint,26.99,https://media.diy.com/is/image/KingfisherDigital/12-x-151-black-gloss-non-drip-paint~2200005862254_01c_MP?wid=284&hei=284,,bnq
Rust-Oleum Black Sand Matt Garden Paint 2.5L,36,https://media.diy.com/is/image/KingfisherDigital/rust-oleum-black-sand-matt-garden-paint-2-5l~5013296667203_01c_MP?wid=284&hei=284,,bnq
"GoodHome Classic Liberty Smooth Matt Masonry paint, 5L Tin",30,https://media.diy.com/is/image/Kingfisher/goodhome-classic-liberty-smooth-matt-masonry-paint-5l-tin~5059340073644_02c_BQ?wid=284&hei=284,,bnq
Rustins All Surface All Purpose Paint - Black 1ltr,22.50,https://media.diy.com/is/image/KingfisherDigital/rustins-all-surface-all-purpose-paint-black-1ltr~5015332001583_01c_MP?wid=284&hei=284,,bnq
Next Chalky Black Ultimate Paint 2.5L,32,https://media.diy.com/is/image/KingfisherDigital/next-chalky-black-ultimate-paint-2-5l~5011583516340_01c_MP?wid=284&hei=284,,bnq
"Drybase Damp Proof Paint (5 L, Black) - Damp Proofing Membrane for Interior & Exterior Walls and Floors. Waterproof Paint.",49.99,https://media.diy.com/is/image/KingfisherDigital/drybase-damp-proof-paint-5-l-black-damp-proofing-membrane-for-interior-exterior-walls-and-floors-waterproof-paint-~5060132760642_01c_MP?wid=284&hei=284,,bnq
Thermilate InsOpaint ULTRA INSULATION PAINT Satin Black Advance Energy Saving Paint Keep Room Warm 5L,69.95,https://media.diy.com/is/image/KingfisherDigital/thermilate-insopaint-ultra-insulation-paint-satin-black-advance-energy-saving-paint-keep-room-warm-5l~5055945316523_01c_MP?wid=284&hei=284,,bnq
Rustins All Surface All Purpose Paint - Black 250ml,10,https://media.diy.com/is/image/KingfisherDigital/rustins-all-surface-all-purpose-paint-black-250ml~5015332001590_01c_MP?wid=284&hei=284,,bnq
Landlords Anti Damp Paint Satin Black Matt Smooth Emulsion Paint 1L,22.95,https://media.diy.com/is/image/KingfisherDigital/landlords-anti-damp-paint-satin-black-matt-smooth-emulsion-paint-1l~5055945343892_01c_MP?wid=284&hei=284,,bnq
151 Non Drip Paint Black Gloss 180ml (Pack of 3),7.86,https://media.diy.com/is/image/KingfisherDigital/151-non-drip-paint-black-gloss-180ml-pack-of-3-~5056743010870_01c_MP?wid=284&hei=284,,bnq
GoodHome Black Satin Varnish,7,https://media.diy.com/is/image/Kingfisher/goodhome-black-satin-multi-surface-furniture-wood-varnish-250ml~5059340486703_21c?wid=284&hei=284,,bnq
Rust-Oleum Painter's touch Black Matt Multi-surface Decorative spray paint,7,https://media.diy.com/is/image/Kingfisher/rust-oleum-painter-s-touch-black-matt-multi-surface-decorative-spray-paint-400ml~5013296950435_02c_bq?wid=284&hei=284,,bnq
GoodHome Durable Liberty Satin Multi-surface paint,24,https://media.diy.com/is/image/Kingfisher/goodhome-durable-liberty-satin-multi-surface-paint-750ml~3663602585749_21c?wid=284&hei=284,,bnq
"Rust-Oleum Stove & BBQ Black Matt Multi-surface Spray paint, 400ml",14,https://media.diy.com/is/image/Kingfisher/rust-oleum-stove-bbq-black-matt-multi-surface-spray-paint-400ml~5013296950046_02c_bq?wid=284&hei=284,,bnq
"Rust-Oleum Universal Black Matt Multi-surface Spray paint, 400ml",18,https://media.diy.com/is/image/Kingfisher/rust-oleum-universal-black-matt-multi-surface-spray-paint-400ml~5013296950763_02c_bq?wid=284&hei=284,,bnq
"Hammerite Black Hammered effect Spray paint, 400ml",16,https://media.diy.com/is/image/Kingfisher/hammerite-black-hammered-effect-spray-paint-400ml~5011867201139_08c_bq?wid=284&hei=284,,bnq
"Rust-Oleum Fabric Black Multi-surface Spray paint, 150ml",7,https://media.diy.com/is/image/Kingfisher/rust-oleum-fabric-black-multi-surface-spray-paint-150ml~5013296953467_02c_bq?wid=284&hei=284,,bnq
Rust-Oleum Painter's touch Black Gloss Multi-surface Decorative spray paint,7,https://media.diy.com/is/image/Kingfisher/rust-oleum-painter-s-touch-black-gloss-multi-surface-decorative-spray-paint-400ml~5013296950442_02c_bq?wid=284&hei=284,,bnq
151 Plastic Paint Black Gloss Paint Auto Multi-Purpose 400ml (Pack of 6),19.99,https://media.diy.com/is/image/KingfisherDigital/151-plastic-paint-black-gloss-paint-auto-multi-purpose-400ml-pack-of-6-~5061031500186_01c_MP?wid=284&hei=284,,bnq
"Rust-Oleum Painter's Touch Black Satinwood Multi-surface Decorative spray paint, 400ml",10,https://media.diy.com/is/image/Kingfisher/rust-oleum-painter-s-touch-black-satinwood-multi-surface-decorative-spray-paint-400ml~5013296950336_02c_bq?wid=284&hei=284,,bnq
GLEAN Tarmac Restorer - BLACK - One Coat Premium Tarmac Paint - 5 Litre,65.99,https://media.diy.com/is/image/KingfisherDigital/glean-tarmac-restorer-black-one-coat-premium-tarmac-paint-5-litre~5065008837527_01c_MP?wid=284&hei=284,,bnq
"GoodHome Renovation Liberty Flat matt Furniture paint, 2L",28,https://media.diy.com/is/image/Kingfisher/goodhome-renovation-liberty-flat-matt-furniture-paint-2l~5059340288819_21c?wid=284&hei=284,,bnq
Bedec Multi-Surface Paint Black Matt - 250ml,15,https://media.diy.com/is/image/KingfisherDigital/bedec-multi-surface-paint-black-matt-250ml~5055006730029_01c_MP?wid=284&hei=284,,bnq
Britannia Paints Driveway Paint Black 20 litres - Ideal for Tarmac & Concrete - Perfect for Both Driveways & Car Parks,127.50,https://media.diy.com/is/image/KingfisherDigital/britannia-paints-driveway-paint-black-20-litres-ideal-for-tarmac-concrete-perfect-for-both-driveways-car-parks~5060952080784_01c_MP?wid=284&hei=284,,bnq
"Smartseal - Block Magic - Black (5L) - A Re-colouring Block Paving Sealer. Superior to Concrete Paint, Transform Old Driveways",54.95,https://media.diy.com/is/image/KingfisherDigital/smartseal-block-magic-black-5l-a-re-colouring-block-paving-sealer-superior-to-concrete-paint-transform-old-driveways~0660111276116_01c_MP?wid=284&hei=284,,bnq
"Furniture Clinic Leather Paint Black, 125ml",10.50,https://media.diy.com/is/image/KingfisherDigital/furniture-clinic-leather-paint-black-125ml~5060202376766_01c_MP?wid=284&hei=284,,bnq
Tarmaseal - Tarmac Restorer - BLACK (5L) - Superior in Performance to Tarmac Paint For Driveways - EASY to apply Tarmac Sealer,39.95,https://media.diy.com/is/image/KingfisherDigital/tarmaseal-tarmac-restorer-black-5l-superior-in-performance-to-tarmac-paint-for-driveways-easy-to-apply-tarmac-sealer~5061002781484_01c_MP?wid=284&hei=284,,bnq
HQC Weather Shield Satin Black Smooth Emulsion Masonry Paint 1L,22.95,https://media.diy.com/is/image/KingfisherDigital/hqc-weather-shield-satin-black-smooth-emulsion-masonry-paint-1l~5056291302656_01c_MP?wid=284&hei=284,,bnq
HQC Weather Shield Satin Black Matt Smooth Emulsion Masonry Paint 2.5L,34.95,https://media.diy.com/is/image/KingfisherDigital/hqc-weather-shield-satin-black-matt-smooth-emulsion-masonry-paint-2-5l~5055945307559_01c_MP?wid=284&hei=284,,bnq
HQC Weather Shield Satin Black Smooth Emulsion Masonry Paint 5L,44.95,https://media.diy.com/is/image/KingfisherDigital/hqc-weather-shield-satin-black-smooth-emulsion-masonry-paint-5l~5055945307719_01c_MP?wid=284&hei=284,,bnq
6 x 151 Matt Black Chalkboard Paint - 180 ml,15.39,https://media.diy.com/is/image/KingfisherDigital/6-x-151-matt-black-chalkboard-paint-180-ml~2400000167419_01c_MP?wid=284&hei=284,,bnq
"GoodHome Windowsills & trims Liberty Smooth Matt Masonry paint, 2.5L",22,https://media.diy.com/is/image/Kingfisher/goodhome-windowsills-trims-liberty-smooth-matt-masonry-paint-2-5l~3663602520542_02c_bq?wid=284&hei=284,,bnq
GoodHome Naturéa Jet Black Matt Emulsion Paint,3,https://media.diy.com/is/image/Kingfisher/goodhome-naturea-jet-black-velvet-matt-emulsion-paint-2-5l~5059340274225_21c?wid=284&hei=284,,bnq
"Hammerite Smoothrite Black Gloss Spray paint, 400ml",16,https://media.diy.com/is/image/Kingfisher/hammerite-smoothrite-black-gloss-spray-paint-400ml~5011867220130_08c_bq?wid=284&hei=284,,bnq
The One Paint Gloss Black 1 Litre,24.99,https://media.diy.com/is/image/KingfisherDigital/the-one-paint-gloss-black-1-litre~5030105033073_01c_MP?wid=284&hei=284,,bnq
Tarmaseal - Tarmac Restorer - BLACK (20L) - Superior in Performance to Tarmac Paint For Driveways - EASY to apply Tarmac Sealer,124.95,https://media.diy.com/is/image/KingfisherDigital/tarmaseal-tarmac-restorer-black-20l-superior-in-performance-to-tarmac-paint-for-driveways-easy-to-apply-tarmac-sealer~5061002781507_01c_MP?wid=284&hei=284,,bnq
151 Non Drip Paint Black Gloss 180ml (Pack of 12),22.50,https://media.diy.com/is/image/KingfisherDigital/151-non-drip-paint-black-gloss-180ml-pack-of-12-~5056743021623_01c_MP?wid=284&hei=284,,bnq
"Smartseal - Block Magic - Black (2x5L) - A Re-colouring Block Paving Sealer. Superior to Concrete Paint, Transform Old Driveways",94.95,https://media.diy.com/is/image/KingfisherDigital/smartseal-block-magic-black-2x5l-a-re-colouring-block-paving-sealer-superior-to-concrete-paint-transform-old-driveways~0660111276123_01c_MP?wid=284&hei=284,,bnq
"Smartseal - Block Magic - Black (3x5L) - A Re-colouring Block Paving Sealer. Superior to Concrete Paint, Transform Old Driveways",134.95,https://media.diy.com/is/image/KingfisherDigital/smartseal-block-magic-black-3x5l-a-re-colouring-block-paving-sealer-superior-to-concrete-paint-transform-old-driveways~0660111276130_01c_MP?wid=284&hei=284,,bnq
"Smartseal - Block Magic - Black (150ml SAMPLE) Colouring Block Paving Sealer - Superior to Concrete Paint, Transform Old Driveways",7.95,https://media.diy.com/is/image/KingfisherDigital/smartseal-block-magic-black-150ml-sample-colouring-block-paving-sealer-superior-to-concrete-paint-transform-old-driveways~5061002782771_01c_MP?wid=284&hei=284,,bnq
"Rust-Oleum Peelable Black Matt Spray paint, 150ml",8,https://media.diy.com/is/image/Kingfisher/rust-oleum-peelable-black-matt-spray-paint-150ml~5013296959919_02c_bq?wid=284&hei=284,,bnq
V33 Renovation Petrol Blue Satin Cupboard & cabinet Paint,5.50,https://media.diy.com/is/image/Kingfisher/v33-renovation-petrol-blue-satinwood-cupboard-cabinet-paint-75ml-tester-pot~3153895181204_02c_bq?wid=284&hei=284,,bnq
Smartseal - Patio ColourSeal - Black (5L) Seal & Restore Old Concrete Paving Slabs. Concrete Paint for Patio (Concrete Sealer),64.95,https://media.diy.com/is/image/KingfisherDigital/smartseal-patio-colourseal-black-5l-seal-restore-old-concrete-paving-slabs-concrete-paint-for-patio-concrete-sealer-~0660111274532_01c_MP?wid=284&hei=284,,bnq
"Craig & Rose Artisan Onyx Edge Concrete effect Matt Topcoat Special effect paint, 2.5L",56,https://media.diy.com/is/image/Kingfisher/craig-rose-artisan-onyx-edge-concrete-effect-matt-topcoat-special-effect-paint-2-5l~5036211069913_02c_bq?wid=284&hei=284,,bnq
151 Non Slip Paint - Matt Black - 180ml (Pack of 12),22.50,https://media.diy.com/is/image/KingfisherDigital/151-non-slip-paint-matt-black-180ml-pack-of-12-~5056743011754_01c_MP?wid=284&hei=284,,bnq
Rust-Oleum Natural Charcoal Matt Kitchen Cupboard Paint 750ml,25,https://media.diy.com/is/image/KingfisherDigital/rust-oleum-natural-charcoal-matt-kitchen-cupboard-paint-750ml~5013296047494_01c_MP?wid=284&hei=284,,bnq
"Farrow & Ball Estate Railings No.31 Matt Emulsion paint, 2.5L",54,https://media.diy.com/is/image/Kingfisher/farrow-ball-estate-railings-no-31-matt-emulsion-paint-2-5l~5029496023121_02c_bq?wid=284&hei=284,,bnq
HQC Fence Paint Black Matt Smooth Emulsion Garden Paint 2.5L,34.95,https://media.diy.com/is/image/KingfisherDigital/hqc-fence-paint-black-matt-smooth-emulsion-garden-paint-2-5l~5055945397215_01c_MP?wid=284&hei=284,,bnq
HQC Fence Paint Black Matt Smooth Emulsion Garden Paint 5L,44.95,https://media.diy.com/is/image/KingfisherDigital/hqc-fence-paint-black-matt-smooth-emulsion-garden-paint-5l~5055945397581_01c_MP?wid=284&hei=284,,bnq
HQC Fence Paint Black Matt Smooth Emulsion Garden Paint 1L,22.95,https://media.diy.com/is/image/KingfisherDigital/hqc-fence-paint-black-matt-smooth-emulsion-garden-paint-1l~5055945396843_01c_MP?wid=284&hei=284,,bnq
Britannia Paints Marking Paint Black 5 Litres - Interior & Exterior Use - Water Based,50,https://media.diy.com/is/image/KingfisherDigital/britannia-paints-marking-paint-black-5-litres-interior-exterior-use-water-based~5060952081187_01c_MP?wid=284&hei=284,,bnq
Thermilate InsOpaint ULTRA INSULATION PAINT Black Advance Energy Saving Paint Keep Room Warm 5L,69.95,https://media.diy.com/is/image/KingfisherDigital/thermilate-insopaint-ultra-insulation-paint-black-advance-energy-saving-paint-keep-room-warm-5l~5055945316521_01c_MP?wid=284&hei=284,,bnq
Rust-Oleum Dark Magic Bathroom Grout Paint 250ml,13,https://media.diy.com/is/image/KingfisherDigital/rust-oleum-dark-magic-bathroom-grout-paint-250ml~5013296791106_01c_MP?wid=284&hei=284,,bnq
Harris Seriously Good Paint Guard Black (44cm),7.41,https://media.diy.com/is/image/KingfisherDigital/harris-seriously-good-paint-guard-black-44cm-~5059958551565_01c_MP?wid=284&hei=284,,bnq
Polycell Stain block paint,26,https://media.diy.com/is/image/Kingfisher/polycell-stain-block-paint~5010567147013_08c_bq?wid=284&hei=284,,bnq
"Refined classics Black, Green & Red Paint dots Plastic Round Bauble (D) 80mm",2,https://media.diy.com/is/image/Kingfisher/refined-classics-black-green-red-paint-dots-plastic-round-bauble-d-80mm~5063022101778_02c?wid=284&hei=284,,bnq
"Rust-Oleum Garden Paint Natural Charcoal Matt Multi-surface Garden Paint, 400ml Spray can",14,https://media.diy.com/is/image/Kingfisher/rust-oleum-garden-paint-natural-charcoal-matt-multi-surface-garden-paint-400ml-spray-can~5013296132060_02c_bq?wid=284&hei=284,,bnq
Dulux Trade Weathershield Smooth Masonry Paint 5 Litres Black,62.68,https://media.diy.com/is/image/KingfisherDigital/dulux-trade-weathershield-smooth-masonry-paint-5-litres-black~5010212660966_01c_MP?wid=284&hei=284,,bnq
Tarmaseal - Tarmac Restorer - BLACK (2x5L) - Superior in Performance to Tarmac Paint For Driveways - EASY to apply Tarmac Sealer,67.95,https://media.diy.com/is/image/KingfisherDigital/tarmaseal-tarmac-restorer-black-2x5l-superior-in-performance-to-tarmac-paint-for-driveways-easy-to-apply-tarmac-sealer~5061002781491_01c_MP?wid=284&hei=284,,bnq
Smartseal - Patio ColourSeal - Black (3x5L) Seal & Restore Old Concrete Paving Slabs. Concrete Paint for Patio (Concrete Sealer),169.95,https://media.diy.com/is/image/KingfisherDigital/smartseal-patio-colourseal-black-3x5l-seal-restore-old-concrete-paving-slabs-concrete-paint-for-patio-concrete-sealer-~0660111275706_01c_MP?wid=284&hei=284,,bnq
Tarmaseal - Tarmac Restorer - BLACK (100ml SAMPLE ) - Superior in Performance to Tarmac Paint For Driveways - Tarmac Sealer,5.95,https://media.diy.com/is/image/KingfisherDigital/tarmaseal-tarmac-restorer-black-100ml-sample-superior-in-performance-to-tarmac-paint-for-driveways-tarmac-sealer~5061002781477_01c_MP?wid=284&hei=284,,bnq
Tarmaseal - Tarmac Restorer - BLACK (3x5L) - Superior in Performance to Tarmac Paint For Driveways - EASY to apply Tarmac Sealer,89.95,https://media.diy.com/is/image/KingfisherDigital/tarmaseal-tarmac-restorer-black-3x5l-superior-in-performance-to-tarmac-paint-for-driveways-easy-to-apply-tarmac-sealer~5061002782009_01c_MP?wid=284&hei=284,,bnq
"Gimcyn Luxury- Textured, Metallic, Iridescent Wall Paint Sample pot. Includes 50g of Paint- Covers 0.25SQM -In Colour OBSIDIAN",8,https://media.diy.com/is/image/KingfisherDigital/gimcyn-luxury-textured-metallic-iridescent-wall-paint-sample-pot-includes-50g-of-paint-covers-0-25sqm-in-colour-obsidian~5061024831822_01c_MP?wid=284&hei=284,,bnq
Smartseal - Patio ColourSeal - Black (2x5L) Seal & Restore Old Concrete Paving Slabs. Concrete Paint for Patio (Concrete Sealer),124.95,https://media.diy.com/is/image/KingfisherDigital/smartseal-patio-colourseal-black-2x5l-seal-restore-old-concrete-paving-slabs-concrete-paint-for-patio-concrete-sealer-~0660111275690_01c_MP?wid=284&hei=284,,bnq
"Hammerite Hammered Direct To Rust Metal Paint Black, 5 Litres",81.84,https://media.diy.com/is/image/KingfisherDigital/hammerite-hammered-direct-to-rust-metal-paint-black-5-litres~5011867201054_01c_MP?wid=284&hei=284,,bnq
Rust-Oleum Universal Black Gloss All-Surface Paint 750ml,21,https://media.diy.com/is/image/KingfisherDigital/rust-oleum-universal-black-gloss-all-surface-paint-750ml~5013296130073_01c_MP?wid=284&hei=284,,bnq
Ronseal 39374 One Coat Tile Paint Black Satin 750ml RSLOCTPBS750,27.51,https://media.diy.com/is/image/KingfisherDigital/ronseal-39374-one-coat-tile-paint-black-satin-750ml-rsloctpbs750~5010214893744_01c_MP?wid=284&hei=284,,bnq
Berger Weathercoat Masonry Paint Black - 5L,32,https://media.diy.com/is/image/KingfisherDigital/berger-weathercoat-masonry-paint-black-5l~5010131328688_01c_MP?wid=284&hei=284,,bnq
Bedec Multi-Surface Paint Black Gloss - 2.5L,55,https://media.diy.com/is/image/KingfisherDigital/bedec-multi-surface-paint-black-gloss-2-5l~5055006710007_01c_MP?wid=284&hei=284,,bnq
"Furniture Clinic Leather Edge Paint Black, 125ml",7.25,https://media.diy.com/is/image/KingfisherDigital/furniture-clinic-leather-edge-paint-black-125ml~5060202376230_01c_MP?wid=284&hei=284,,bnq
WRX Trade Satinwood Paint 5 L - Black Ral 9005,56.99,https://media.diy.com/is/image/KingfisherDigital/wrx-trade-satinwood-paint-5-l-black-ral-9005~5060614977940_01c_MP?wid=284&hei=284,,bnq
151 Paint Black Gloss Non-drip 180ml (Tin) - Pack of 2,8.99,https://media.diy.com/is/image/KingfisherDigital/151-paint-black-gloss-non-drip-180ml-tin-pack-of-2~5060168466648_01c_MP?wid=284&hei=284,,bnq
Paint Factory Hammered Effect Paint Black 400ml (Pack of 6),24.49,https://media.diy.com/is/image/KingfisherDigital/paint-factory-hammered-effect-paint-black-400ml-pack-of-6-~5061031508328_01c_MP?wid=284&hei=284,,bnq
Berger Satin Paint Black - 750ml,21,https://media.diy.com/is/image/KingfisherDigital/berger-satin-paint-black-750ml~5010131538629_01c_MP?wid=284&hei=284,,bnq
151 Paint Black Gloss Non-drip 180ml (Tin) - Pack of 4,12.99,https://media.diy.com/is/image/KingfisherDigital/151-paint-black-gloss-non-drip-180ml-tin-pack-of-4~5060168466655_01c_MP?wid=284&hei=284,,bnq
Berger Liquid Gloss Paint Black - 2.5L,35,https://media.diy.com/is/image/KingfisherDigital/berger-liquid-gloss-paint-black-2-5l~5010131327087_01c_MP?wid=284&hei=284,,bnq
151 Paint Iron Gate Black Gloss 180ml (Tin) - Pack of 2,8.99,https://media.diy.com/is/image/KingfisherDigital/151-paint-iron-gate-black-gloss-180ml-tin-pack-of-2~5060168466624_01c_MP?wid=284&hei=284,,bnq
Berger Matt Emulsion Paint Black - 2.5L,21,https://media.diy.com/is/image/KingfisherDigital/berger-matt-emulsion-paint-black-2-5l~5010131327599_01c_MP?wid=284&hei=284,,bnq
Berger Liquid Gloss Paint Black - 750ml,21,https://media.diy.com/is/image/KingfisherDigital/berger-liquid-gloss-paint-black-750ml~5010131538193_01c_MP?wid=284&hei=284,,bnq
151 Paint Iron Gate Black Gloss 180ml (Tin) - Pack of 4,12.99,https://media.diy.com/is/image/KingfisherDigital/151-paint-iron-gate-black-gloss-180ml-tin-pack-of-4~5060168466631_01c_MP?wid=284&hei=284,,bnq
"Scratch Doctor Liquid Fabric Dye Paint for sofas, clothes and furniture 250ml Black",9.95,https://media.diy.com/is/image/KingfisherDigital/scratch-doctor-liquid-fabric-dye-paint-for-sofas-clothes-and-furniture-250ml-black~5056487904268_01c_MP?wid=284&hei=284,,bnq
"Smartseal - Black Limestone Sealer (150ml SAMPLE) Superior to Paint - Transforms, Recolours and Seals Slate and Limestone Surfaces",7.95,https://media.diy.com/is/image/KingfisherDigital/smartseal-black-limestone-sealer-150ml-sample-superior-to-paint-transforms-recolours-and-seals-slate-and-limestone-surfaces~5061002783006_01c_MP?wid=284&hei=284,,bnq
"Rust-Oleum Universal Black Gloss Multi-surface Spray paint, 400ml",18,https://media.diy.com/is/image/Kingfisher/rust-oleum-universal-black-gloss-multi-surface-spray-paint-400ml~5013296950749_02c_bq?wid=284&hei=284,,bnq
"Scratch Doctor Liquid Fabric Dye Paint for sofas, clothes and furniture 1000ml Black",24.95,https://media.diy.com/is/image/KingfisherDigital/scratch-doctor-liquid-fabric-dye-paint-for-sofas-clothes-and-furniture-1000ml-black~5056487904282_01c_MP?wid=284&hei=284,,bnq
"Scratch Doctor Liquid Fabric Dye Paint for sofas, clothes and furniture 500ml Black",15.95,https://media.diy.com/is/image/KingfisherDigital/scratch-doctor-liquid-fabric-dye-paint-for-sofas-clothes-and-furniture-500ml-black~5056487904275_01c_MP?wid=284&hei=284,,bnq
"Farrow & Ball Estate Railings No.31 Emulsion paint, 100ml Tester pot",5.50,https://media.diy.com/is/image/Kingfisher/farrow-ball-estate-railings-no-31-emulsion-paint-100ml-tester-pot~5029496113105_08c_bq?wid=284&hei=284,,bnq
"Farrow & Ball Modern Hopper Head No.305 Matt Emulsion paint, 2.5L",56,https://media.diy.com/is/image/Kingfisher/farrow-ball-modern-hopper-head-no-305-matt-emulsion-paint-2-5l~5029496007862_02c_bq?wid=284&hei=284,,bnq
Farrow & Ball Estate Hopper Head No.305 Matt Emulsion paint,5,https://media.diy.com/is/image/Kingfisher/farrow-ball-estate-hopper-head-no-305-matt-emulsion-paint-2-5l~5029496007640_02c_bq?wid=284&hei=284,,bnq
"GoodHome Durable Liberty Gloss Multi-surface paint, 750ml",24,https://media.diy.com/is/image/Kingfisher/goodhome-durable-liberty-gloss-multi-surface-paint-750ml~3663602585619_21c?wid=284&hei=284,,bnq
"Farrow & Ball Estate Hopper Head No.305 Eggshell Paint, 2.5L",70,https://media.diy.com/is/image/Kingfisher/farrow-ball-estate-hopper-head-no-305-eggshell-paint-2-5l~5029496008081_21c_bq?wid=284&hei=284,,bnq
"Farrow & Ball Modern Hopper Head No.305 Eggshell Paint, 750ml",33,https://media.diy.com/is/image/Kingfisher/farrow-ball-modern-hopper-head-no-305-eggshell-paint-750ml~5029496008524_21c_bq?wid=284&hei=284,,bnq
"Farrow & Ball Modern Hopper Head No.305 Eggshell Paint, 2.5L",74,https://media.diy.com/is/image/Kingfisher/farrow-ball-modern-hopper-head-no-305-eggshell-paint-2-5l~5029496008418_21c_bq?wid=284&hei=284,,bnq
"Farrow & Ball Estate Hopper Head No.305 Eggshell Paint, 750ml",29,https://media.diy.com/is/image/Kingfisher/farrow-ball-estate-hopper-head-no-305-eggshell-paint-750ml~5029496008197_21c_bq?wid=284&hei=284,,bnq
Rust-Oleum Dark Magic Floor Grout Paint 250ml,13,https://media.diy.com/is/image/KingfisherDigital/rust-oleum-dark-magic-floor-grout-paint-250ml~5013296792332_01c_MP?wid=284&hei=284,,bnq
"Fabricoat Fabric Paint Black, 1L",34.95,https://media.diy.com/is/image/KingfisherDigital/fabricoat-fabric-paint-black-1l~5060914410888_01c_MP?wid=284&hei=284,,bnq
"Craig & Rose 1829 Broken White Chalky Emulsion paint, 2.5L",42,https://media.diy.com/is/image/Kingfisher/craig-rose-1829-broken-white-chalky-emulsion-paint-2-5l~5036211074764_21c_bq?wid=284&hei=284,,bnq
"GoodHome Durable Liberty Gloss Multi-surface paint, 2L",37,https://media.diy.com/is/image/Kingfisher/goodhome-durable-liberty-gloss-multi-surface-paint-2l~3663602586074_21c?wid=284&hei=284,,bnq
Rust-Oleum Dark Magic Kitchen Grout Paint 250ml,13,https://media.diy.com/is/image/KingfisherDigital/rust-oleum-dark-magic-kitchen-grout-paint-250ml~5013296762915_01c_MP?wid=284&hei=284,,bnq
Rust-Oleum Natural Charcoal Matt Garden Paint 750ml,19,https://media.diy.com/is/image/KingfisherDigital/rust-oleum-natural-charcoal-matt-garden-paint-750ml~5013296047517_01c_MP?wid=284&hei=284,,bnq
"COAT Walls and Ceiling, David Rose, Flat Matt Emulsion Paint, Peel and Stick Swatch",1.50,https://media.diy.com/is/image/KingfisherDigital/coat-walls-and-ceiling-david-rose-flat-matt-emulsion-paint-peel-and-stick-swatch~5056592006505_01c_MP?wid=284&hei=284,,bnq
"COAT Walls and Ceiling, The Record Store, Flat Matt Emulsion Paint, Peel and Stick Swatch",1.50,https://media.diy.com/is/image/KingfisherDigital/coat-walls-and-ceiling-the-record-store-flat-matt-emulsion-paint-peel-and-stick-swatch~5056592006697_01c_MP?wid=284&hei=284,,bnq
Superfresco Easy Every Cloud Multi-Surface Matt Emulsion Paint 2.5L,42,https://media.diy.com/is/image/KingfisherDigital/superfresco-easy-every-cloud-multi-surface-matt-emulsion-paint-2-5l~5011583496673_01c_MP?wid=284&hei=284,,bnq
Superfresco Easy Moon & Back Multi-Surface Matt Emulsion Paint 2.5L,42,https://media.diy.com/is/image/KingfisherDigital/superfresco-easy-moon-back-multi-surface-matt-emulsion-paint-2-5l~5011583496680_01c_MP?wid=284&hei=284,,bnq
Superfresco Easy Up All Night Multi-Surface Matt Emulsion Paint 2.5L,42,https://media.diy.com/is/image/KingfisherDigital/superfresco-easy-up-all-night-multi-surface-matt-emulsion-paint-2-5l~5011583496659_01c_MP?wid=284&hei=284,,bnq
Superfresco Easy Up To No Good Multi-Surface Matt Emulsion Paint 2.5L,42,https://media.diy.com/is/image/KingfisherDigital/superfresco-easy-up-to-no-good-multi-surface-matt-emulsion-paint-2-5l~5011583496642_01c_MP?wid=284&hei=284,,bnq
Black Shed and Fence Paint King of Paints Ultimate+ One Coat System,48,https://media.diy.com/is/image/KingfisherDigital/black-shed-and-fence-paint-king-of-paints-ultimate-one-coat-system~5065010524071_01c_MP?wid=284&hei=284,,bnq
Black Fence Paint King of Paints One Coat 5 Litres,45,https://media.diy.com/is/image/KingfisherDigital/black-fence-paint-king-of-paints-one-coat-5-litres~0617669209691_01c_MP?wid=284&hei=284,,bnq
Black Fence Paint King of Paints 5Litre Ultimate+,45,https://media.diy.com/is/image/KingfisherDigital/black-fence-paint-king-of-paints-5litre-ultimate-~5065010524149_01c_MP?wid=284&hei=284,,bnq
One Coat Black Fence Paint King of Paints 5 Litres,49.99,https://media.diy.com/is/image/KingfisherDigital/one-coat-black-fence-paint-king-of-paints-5-litres~5065010524019_01c_MP?wid=284&hei=284,,bnq
"JENOLITE Heat Resistant Paint - Matt Black - Up to 650C - 500ml - Suitable for BBQs, Stoves, Chimineas",18.99,https://media.diy.com/is/image/KingfisherDigital/jenolite-heat-resistant-paint-matt-black-up-to-650c-500ml-suitable-for-bbqs-stoves-chimineas~5060148422022_01c_MP?wid=284&hei=284,,bnq
"Rust-Oleum Holographic Black Glitter effect Multi-surface Topcoat Spray paint, 150ml",8,https://media.diy.com/is/image/Kingfisher/rust-oleum-holographic-black-glitter-effect-multi-surface-topcoat-spray-paint-150ml~5013296130882_02c_bq?wid=284&hei=284,,bnq
"Rust-Oleum Chalkboard Black Matt Multi-surface Spray paint, 400ml",14,https://media.diy.com/is/image/Kingfisher/rust-oleum-chalkboard-black-matt-multi-surface-spray-paint-400ml~5013296950596_02c_bq?wid=284&hei=284,,bnq
"Rust-Oleum Stone Black granite Multi-surface Spray paint, 400ml",14,https://media.diy.com/is/image/Kingfisher/rust-oleum-stone-black-granite-multi-surface-spray-paint-400ml~5013296950503_02c_bq?wid=284&hei=284,,bnq
"Cuprinol Black ash Matt Decking Wood stain, 2.5L",32,https://media.diy.com/is/image/Kingfisher/cuprinol-black-ash-matt-decking-wood-stain-2-5l~5010212557518_02c_bq?wid=284&hei=284,,bnq
Everbuild 90705 Black Jack 907 Solar Reflective Paint 5 litre EVB90705,49.98,https://media.diy.com/is/image/KingfisherDigital/everbuild-90705-black-jack-907-solar-reflective-paint-5-litre-evb90705~5029347009755_01c_MP?wid=284&hei=284,,bnq
Black Gloss Metal & wood paint,11,https://media.diy.com/is/image/Kingfisher/black-gloss-metal-wood-paint-2-5l~5036581058982_37c_BQ?wid=284&hei=284,,bnq
"GoodHome Black Satin Floor Wood varnish, 2.5L",28,https://media.diy.com/is/image/Kingfisher/goodhome-black-satin-floor-wood-varnish-2-5l~5059340487021_21c?wid=284&hei=284,,bnq
"Gimcyn Chroma - Textured, Intense Metallic Wall Paint Bundle. Includes Paint and Primer - Covers 5SQM - In Colour BLACK ONYX",92,https://media.diy.com/is/image/KingfisherDigital/gimcyn-chroma-textured-intense-metallic-wall-paint-bundle-includes-paint-and-primer-covers-5sqm-in-colour-black-onyx~5065006798639_01c_MP?wid=284&hei=284,,bnq
"Roof Pro Black Primer, 750ml Tin",8,https://media.diy.com/is/image/Kingfisher/roof-pro-black-primer-750ml-tin~5060382232562_08c_bq?wid=284&hei=284,,bnq
"Rust-Oleum Universal Black Hammered effect Multi-surface Spray paint, 400ml",18,https://media.diy.com/is/image/Kingfisher/rust-oleum-universal-black-hammered-effect-multi-surface-spray-paint-400ml~5013296950770_02c_bq?wid=284&hei=284,,bnq
"Rust-Oleum Universal Black Satinwood Multi-surface Spray paint, 400ml",18,https://media.diy.com/is/image/Kingfisher/rust-oleum-universal-black-satinwood-multi-surface-spray-paint-400ml~5013296950756_02c_bq?wid=284&hei=284,,bnq
"Rust-Oleum Colour Shift Black Gloss Multi-surface Basecoat Spray paint, 150ml",8,https://media.diy.com/is/image/Kingfisher/rust-oleum-colour-shift-black-gloss-multi-surface-basecoat-spray-paint-150ml~5013296130875_02c_bq?wid=284&hei=284,,bnq
"Dulux Trade Black High gloss Metal & wood paint, 1L",24,https://media.diy.com/is/image/Kingfisher/dulux-trade-black-high-gloss-metal-wood-paint-1l~5010212569801_02c_bq?wid=284&hei=284,,bnq
"Rust-Oleum Stone Aged iron Multi-surface Spray paint, 400ml",14,https://media.diy.com/is/image/Kingfisher/rust-oleum-stone-aged-iron-multi-surface-spray-paint-400ml~5013296950541_02c_bq?wid=284&hei=284,,bnq
Everbuild 90205 Black Jack 902 Bitumen & Flashing Primer 5 litre EVB90205,33.63,https://media.diy.com/is/image/KingfisherDigital/everbuild-90205-black-jack-902-bitumen-flashing-primer-5-litre-evb90205~5029347009250_01c_MP?wid=284&hei=284,,bnq
"Tikkurila Rostex Super Metal Primer - Solvent-Based, Anti-Corrosive Primer For Metal Surfaces (Black) - 10 Litres",249.19,https://media.diy.com/is/image/KingfisherDigital/tikkurila-rostex-super-metal-primer-solvent-based-anti-corrosive-primer-for-metal-surfaces-black-10-litres~6408070026526_01c_MP?wid=284&hei=284,,bnq
Bradite One Can Eggshell Multi-Surface Primer and Finish (OC64) 1L - Black,40,https://media.diy.com/is/image/KingfisherDigital/bradite-one-can-eggshell-multi-surface-primer-and-finish-oc64-1l-black~5050173058860_01c_MP?wid=284&hei=284,,bnq
Bradite One Can Eggshell Multi-Surface Primer and Finish (OC64) 2.5L - Black,65,https://media.diy.com/is/image/KingfisherDigital/bradite-one-can-eggshell-multi-surface-primer-and-finish-oc64-2-5l-black~5050173058853_01c_MP?wid=284&hei=284,,bnq
"Leyland Trade Specialist coatings White Damp block paint, 0.75L",19,https://media.diy.com/is/image/Kingfisher/leyland-trade-specialist-coatings-white-damp-block-paint-0-75l~5010426785585_02c_bq?wid=284&hei=284,,bnq
151 Non Slip Paint - Matt Black - 180ml,4.91,https://media.diy.com/is/image/KingfisherDigital/151-non-slip-paint-matt-black-180ml~5050375085435_01c_MP?wid=284&hei=284,,bnq
GoodHome Black Gloss Varnish,7,https://media.diy.com/is/image/Kingfisher/goodhome-black-gloss-multi-surface-furniture-wood-varnish-250ml~5059340486772_21c?wid=284&hei=284,,bnq
Bradite One Can Matt Multi-Surface Primer and Finish (OC63) 1L - (RAL 6015) Black olive,40,https://media.diy.com/is/image/KingfisherDigital/bradite-one-can-matt-multi-surface-primer-and-finish-oc63-1l-ral-6015-black-olive~5056268851729_01c_MP?wid=284&hei=284,,bnq
Bradite One Can Eggshell Multi-Surface Primer and Finish (OC64) 1L - (RAL 6015) Black olive,40,https://media.diy.com/is/image/KingfisherDigital/bradite-one-can-eggshell-multi-surface-primer-and-finish-oc64-1l-ral-6015-black-olive~5056268855567_01c_MP?wid=284&hei=284,,bnq
Ronseal Ebony Satin Wood stain,15,https://media.diy.com/is/image/Kingfisher/ronseal-10-year-ebony-satin-quick-dry-doors-window-frames-wood-stain-250ml~5010214886739_02c_BQ?wid=284&hei=284,,bnq
Bradite One Can Matt Multi-Surface Primer and Finish (OC63) 1L - (RAL 9017) Traffic black,40,https://media.diy.com/is/image/KingfisherDigital/bradite-one-can-matt-multi-surface-primer-and-finish-oc63-1l-ral-9017-traffic-black~5056268852559_01c_MP?wid=284&hei=284,,bnq
Bradite One Can Eggshell Multi-Surface Primer and Finish (OC64) 1L - (RAL 9011) Graphite black,40,https://media.diy.com/is/image/KingfisherDigital/bradite-one-can-eggshell-multi-surface-primer-and-finish-oc64-1l-ral-9011-graphite-black~5056268856366_01c_MP?wid=284&hei=284,,bnq
Bradite One Can Eggshell Multi-Surface Primer and Finish (OC64) 1L - (RAL 9004) Signal black,40,https://media.diy.com/is/image/KingfisherDigital/bradite-one-can-eggshell-multi-surface-primer-and-finish-oc64-1l-ral-9004-signal-black~5056268856335_01c_MP?wid=284&hei=284,,bnq
Bradite One Can Matt Multi-Surface Primer and Finish (OC63) 1L - (RAL 9004) Signal black,40,https://media.diy.com/is/image/KingfisherDigital/bradite-one-can-matt-multi-surface-primer-and-finish-oc63-1l-ral-9004-signal-black~5056268852498_01c_MP?wid=284&hei=284,,bnq
Bradite One Can Matt Multi-Surface Primer and Finish (OC63) 1L - (RAL 9011) Graphite black,40,https://media.diy.com/is/image/KingfisherDigital/bradite-one-can-matt-multi-surface-primer-and-finish-oc63-1l-ral-9011-graphite-black~5056268852528_01c_MP?wid=284&hei=284,,bnq
Bradite One Can Eggshell Multi-Surface Primer and Finish (OC64) 1L - (RAL 9017) Traffic black,40,https://media.diy.com/is/image/KingfisherDigital/bradite-one-can-eggshell-multi-surface-primer-and-finish-oc64-1l-ral-9017-traffic-black~5056268856397_01c_MP?wid=284&hei=284,,bnq
Bradite One Can Matt Multi-Surface Primer and Finish (OC63) 2.5L - (RAL 6015) Black olive,65,https://media.diy.com/is/image/KingfisherDigital/bradite-one-can-matt-multi-surface-primer-and-finish-oc63-2-5l-ral-6015-black-olive~5056268853648_01c_MP?wid=284&hei=284,,bnq
Bradite One Can Matt Multi-Surface Primer and Finish (OC63) 2.5L - (RAL 9011) Graphite black,65,https://media.diy.com/is/image/KingfisherDigital/bradite-one-can-matt-multi-surface-primer-and-finish-oc63-2-5l-ral-9011-graphite-black~5056268854447_01c_MP?wid=284&hei=284,,bnq
Bradite One Can Eggshell Multi-Surface Primer and Finish (OC64) 2.5L - (RAL 9004) Signal black,65,https://media.diy.com/is/image/KingfisherDigital/bradite-one-can-eggshell-multi-surface-primer-and-finish-oc64-2-5l-ral-9004-signal-black~5056268858254_01c_MP?wid=284&hei=284,,bnq
Bradite One Can Eggshell Multi-Surface Primer and Finish (OC64) 2.5L - (RAL 9017) Traffic black,65,https://media.diy.com/is/image/KingfisherDigital/bradite-one-can-eggshell-multi-surface-primer-and-finish-oc64-2-5l-ral-9017-traffic-black~5056268858315_01c_MP?wid=284&hei=284,,bnq
Bradite One Can Eggshell Multi-Surface Primer and Finish (OC64) 2.5L - (RAL 9011) Graphite black,65,https://media.diy.com/is/image/KingfisherDigital/bradite-one-can-eggshell-multi-surface-primer-and-finish-oc64-2-5l-ral-9011-graphite-black~5056268858285_01c_MP?wid=284&hei=284,,bnq
Bradite One Can Eggshell Multi-Surface Primer and Finish (OC64) 2.5L - (RAL 6015) Black olive,65,https://media.diy.com/is/image/KingfisherDigital/bradite-one-can-eggshell-multi-surface-primer-and-finish-oc64-2-5l-ral-6015-black-olive~5056268857486_01c_MP?wid=284&hei=284,,bnq
151 Matt Black Paint Black Board School 180ml (YELLOW STRIP ON TUB) (Pack of 3),7.86,https://media.diy.com/is/image/KingfisherDigital/151-matt-black-paint-black-board-school-180ml-yellow-strip-on-tub-pack-of-3-~5056743010863_01c_MP?wid=284&hei=284,,bnq
Bradite One Can Matt Multi-Surface Primer and Finish (OC63) 2.5L - (RAL 9017) Traffic black,65,https://media.diy.com/is/image/KingfisherDigital/bradite-one-can-matt-multi-surface-primer-and-finish-oc63-2-5l-ral-9017-traffic-black~5056268854478_01c_MP?wid=284&hei=284,,bnq
Bradite One Can Matt Multi-Surface Primer and Finish (OC63) 2.5L - (RAL 9004) Signal black,65,https://media.diy.com/is/image/KingfisherDigital/bradite-one-can-matt-multi-surface-primer-and-finish-oc63-2-5l-ral-9004-signal-black~5056268854416_01c_MP?wid=284&hei=284,,bnq
"GoodHome Colour it Missouri Matt Fence & shed Stain, 5L",12,https://media.diy.com/is/image/Kingfisher/goodhome-colour-it-missouri-matt-fence-shed-stain-5l~5036581088828_02c?wid=284&hei=284,,bnq
Bradite One Can Matt Multi-Surface Primer and Finish (OC63) 1L - (RAL 9005) Jet black,40,https://media.diy.com/is/image/KingfisherDigital/bradite-one-can-matt-multi-surface-primer-and-finish-oc63-1l-ral-9005-jet-black~5056268852504_01c_MP?wid=284&hei=284,,bnq
Bradite One Can Eggshell Multi-Surface Primer and Finish (OC64) 1L - (RAL 9005) Jet black,40,https://media.diy.com/is/image/KingfisherDigital/bradite-one-can-eggshell-multi-surface-primer-and-finish-oc64-1l-ral-9005-jet-black~5056268856342_01c_MP?wid=284&hei=284,,bnq
151 Matt Black Paint Black Board School 180ml (YELLOW STRIP ON TUB) (Pack of 12),22.50,https://media.diy.com/is/image/KingfisherDigital/151-matt-black-paint-black-board-school-180ml-yellow-strip-on-tub-pack-of-12-~5056743021616_01c_MP?wid=284&hei=284,,bnq
Bradite One Can Matt Multi-Surface Primer and Finish (OC63) 2.5L - (RAL 9005) Jet black,65,https://media.diy.com/is/image/KingfisherDigital/bradite-one-can-matt-multi-surface-primer-and-finish-oc63-2-5l-ral-9005-jet-black~5056268854423_01c_MP?wid=284&hei=284,,bnq
"Craig & Rose 1829 Jet Black Chalky Emulsion paint, 2.5L",42,https://media.diy.com/is/image/Kingfisher/craig-rose-1829-jet-black-chalky-emulsion-paint-2-5l~5036211061948_21c_bq?wid=284&hei=284,,bnq
Bradite One Can Eggshell Multi-Surface Primer and Finish (OC64) 2.5L - (RAL 9005) Jet black,65,https://media.diy.com/is/image/KingfisherDigital/bradite-one-can-eggshell-multi-surface-primer-and-finish-oc64-2-5l-ral-9005-jet-black~5056268858261_01c_MP?wid=284&hei=284,,bnq
RONSEAL uPVC PAINT BLACK SATIN 750ml,24.55,https://media.diy.com/is/image/KingfisherDigital/ronseal-upvc-paint-black-satin-750ml~5010214893935_01c_MP?wid=284&hei=284,,bnq
151 Non Slip Paint - Matt Black - 180ml (Pack of 3),7.86,https://media.diy.com/is/image/KingfisherDigital/151-non-slip-paint-matt-black-180ml-pack-of-3-~5056743001007_01c_MP?wid=284&hei=284,,bnq
"Leyland Trade White Damp block paint, 2.5L",36,https://media.diy.com/is/image/Kingfisher/leyland-trade-white-damp-block-paint-2-5l~5010426785592_02c_bq?wid=284&hei=284,,bnq
"Dulux Quick dry Black Satinwood Metal & wood paint, 750ml",21,https://media.diy.com/is/image/Kingfisher/dulux-quick-dry-black-satinwood-metal-wood-paint-750ml~5010212585276_02c_bq?wid=284&hei=284,,bnq
"GoodHome Liberty black Satin Metal & wood paint, 750ml",15,https://media.diy.com/is/image/Kingfisher/goodhome-liberty-black-satin-metal-wood-paint-750ml~5036581059460_37c_bq?wid=284&hei=284,,bnq
"Dulux Quick dry Black Gloss Metal & wood paint, 750ml",21,https://media.diy.com/is/image/Kingfisher/dulux-quick-dry-black-gloss-metal-wood-paint-750ml~5010212651001_02c_bq?wid=284&hei=284,,bnq
Leyland Trade Black Gloss Metal & wood paint,16,https://media.diy.com/is/image/Kingfisher/leyland-trade-black-gloss-metal-wood-paint-2-5l~5010426773100_02c_bq?wid=284&hei=284,,bnq
"Cuprinol Garden shades Black ash Matt Exterior Wood paint, 2.5L",25,https://media.diy.com/is/image/Kingfisher/cuprinol-garden-shades-black-ash-matt-exterior-wood-paint-2-5l~5010368060177_02c_bq?wid=284&hei=284,,bnq
Ronseal Black Satin Wood paint,30,https://media.diy.com/is/image/Kingfisher/ronseal-black-satinwood-exterior-wood-paint-750ml~5010214887866_08c_bq?wid=284&hei=284,,bnq
Ronseal Direct to Metal Paint Matt Black 250ml,11.86,https://media.diy.com/is/image/KingfisherDigital/ronseal-direct-to-metal-paint-matt-black-250ml~5010214891818_01c_MP?wid=284&hei=284,,bnq
Dulux Weathershield Black Satin Metal & wood paint,30,https://media.diy.com/is/image/Kingfisher/dulux-weathershield-black-satinwood-exterior-metal-wood-paint-2-5l~5010212494448_02c_bq?wid=284&hei=284,,bnq
Tikkurila Patio Paving Stain - For Garden Concrete Stones & Slabs - Water-Based - 3 Litres,45.68,https://media.diy.com/is/image/KingfisherDigital/tikkurila-patio-paving-stain-for-garden-concrete-stones-slabs-water-based-3-litres~6408070040130_01c_MP?wid=284&hei=284,,bnq
Bradite One Can Eggshell Multi-Surface Primer and Finish (OC64) 1L - (RAL 8022) Black brown,40,https://media.diy.com/is/image/KingfisherDigital/bradite-one-can-eggshell-multi-surface-primer-and-finish-oc64-1l-ral-8022-black-brown~5056268856250_01c_MP?wid=284&hei=284,,bnq
Bradite One Can Matt Multi-Surface Primer and Finish (OC63) 1L - (RAL 8022) Black brown,40,https://media.diy.com/is/image/KingfisherDigital/bradite-one-can-matt-multi-surface-primer-and-finish-oc63-1l-ral-8022-black-brown~5056268852412_01c_MP?wid=284&hei=284,,bnq
Bradite One Can Matt Multi-Surface Primer and Finish (OC63) 2.5L - (RAL 8022) Black brown,65,https://media.diy.com/is/image/KingfisherDigital/bradite-one-can-matt-multi-surface-primer-and-finish-oc63-2-5l-ral-8022-black-brown~5056268854331_01c_MP?wid=284&hei=284,,bnq
Bradite One Can Eggshell Multi-Surface Primer and Finish (OC64) 2.5L - (RAL 8022) Black brown,65,https://media.diy.com/is/image/KingfisherDigital/bradite-one-can-eggshell-multi-surface-primer-and-finish-oc64-2-5l-ral-8022-black-brown~5056268858179_01c_MP?wid=284&hei=284,,bnq
"Sandtex Black Satinwood Exterior Metal & wood paint, 750ml",26,https://media.diy.com/is/image/Kingfisher/sandtex-black-satinwood-exterior-metal-wood-paint-750ml~5010131544743_08c_bq?wid=284&hei=284,,bnq
"Smartseal - Block Magic -Dark Grey (25L) - A Re-colouring Block Paving Sealer. Superior to Concrete Paint, Transform Old Driveways",179.95,https://media.diy.com/is/image/KingfisherDigital/smartseal-block-magic-dark-grey-25l-a-re-colouring-block-paving-sealer-superior-to-concrete-paint-transform-old-driveways~0660111276192_01c_MP?wid=284&hei=284,,bnq
"Smartseal - Block Magic-Dark Grey (3x5L) - A Re-colouring Block Paving Sealer. Superior to Concrete Paint, Transform Old Driveways",134.95,https://media.diy.com/is/image/KingfisherDigital/smartseal-block-magic-dark-grey-3x5l-a-re-colouring-block-paving-sealer-superior-to-concrete-paint-transform-old-driveways~0660111276185_01c_MP?wid=284&hei=284,,bnq
"Smartseal - Block Magic - Black (25L) - A Re-colouring Block Paving Sealer. Superior to Concrete Paint, Transform Old Driveways",179.95,https://media.diy.com/is/image/KingfisherDigital/smartseal-block-magic-black-25l-a-re-colouring-block-paving-sealer-superior-to-concrete-paint-transform-old-driveways~0660111276154_01c_MP?wid=284&hei=284,,bnq
"Smartseal - Block Magic-Dark Grey (2x5L) - A Re-colouring Block Paving Sealer. Superior to Concrete Paint, Transform Old Driveways",94.95,https://media.diy.com/is/image/KingfisherDigital/smartseal-block-magic-dark-grey-2x5l-a-re-colouring-block-paving-sealer-superior-to-concrete-paint-transform-old-driveways~0660111276178_01c_MP?wid=284&hei=284,,bnq
"Smartseal - Block Magic - Grey (25L) - A Re-colouring Block Paving Sealer. Superior to Concrete Paint, Transform Old Driveways",179.95,https://media.diy.com/is/image/KingfisherDigital/smartseal-block-magic-grey-25l-a-re-colouring-block-paving-sealer-superior-to-concrete-paint-transform-old-driveways~0660111276239_01c_MP?wid=284&hei=284,,bnq
"Smartseal - Block Magic - Grey (5L) - A Re-colouring Block Paving Sealer. Superior to Concrete Paint, Transform Old Driveways",54.95,https://media.diy.com/is/image/KingfisherDigital/smartseal-block-magic-grey-5l-a-re-colouring-block-paving-sealer-superior-to-concrete-paint-transform-old-driveways~0660111276208_01c_MP?wid=284&hei=284,,bnq
"Smartseal - Block Magic - Grey (2x5L) - A Re-colouring Block Paving Sealer. Superior to Concrete Paint, Transform Old Driveways",94.95,https://media.diy.com/is/image/KingfisherDigital/smartseal-block-magic-grey-2x5l-a-re-colouring-block-paving-sealer-superior-to-concrete-paint-transform-old-driveways~0660111276215_01c_MP?wid=284&hei=284,,bnq
"Smartseal - Block Magic - Dark Grey (5L) - A Re-colouring Block Paving Sealer. Superior to Concrete Paint, Transform Old Driveways",54.95,https://media.diy.com/is/image/KingfisherDigital/smartseal-block-magic-dark-grey-5l-a-re-colouring-block-paving-sealer-superior-to-concrete-paint-transform-old-driveways~0660111276161_01c_MP?wid=284&hei=284,,bnq
"Smartseal - Block Magic - Grey (3x5L) - A Re-colouring Block Paving Sealer. Superior to Concrete Paint, Transform Old Driveways",134.95,https://media.diy.com/is/image/KingfisherDigital/smartseal-block-magic-grey-3x5l-a-re-colouring-block-paving-sealer-superior-to-concrete-paint-transform-old-driveways~0660111276222_01c_MP?wid=284&hei=284,,bnq
"Smartseal - Block Magic - Dark Grey (150ml SAMPLE) - Block Paving Sealer - Superior to Concrete Paint, Transform Old Driveways",7.95,https://media.diy.com/is/image/KingfisherDigital/smartseal-block-magic-dark-grey-150ml-sample-block-paving-sealer-superior-to-concrete-paint-transform-old-driveways~5061002782795_01c_MP?wid=284&hei=284,,bnq
Dulux Weathershield Black Gloss Metal & wood paint,30,https://media.diy.com/is/image/Kingfisher/dulux-weathershield-black-gloss-exterior-metal-wood-paint-2-5l~5010212431146_02c_bq?wid=284&hei=284,,bnq
"Smartseal - Block Magic - Grey (150ml SAMPLE) - Colouring Block Paving Sealer. Superior to Concrete Paint, Transform Old Driveways",7.95,https://media.diy.com/is/image/KingfisherDigital/smartseal-block-magic-grey-150ml-sample-colouring-block-paving-sealer-superior-to-concrete-paint-transform-old-driveways~5061002782788_01c_MP?wid=284&hei=284,,bnq
"Smartseal - Block Magic - Grey (150ml SAMPLE) - Colouring Block Paving Sealer. Superior to Concrete Paint, Transform Old Driveways",7.95,https://media.diy.com/is/image/KingfisherDigital/smartseal-block-magic-grey-150ml-sample-colouring-block-paving-sealer-superior-to-concrete-paint-transform-old-driveways~5061002782818_01c_MP?wid=284&hei=284,,bnq
"Smartseal - Block Magic - Red (150ml SAMPLE) - Block Paving Sealer - Superior to Concrete Paint, Transform Old Driveways",7.95,https://media.diy.com/is/image/KingfisherDigital/smartseal-block-magic-red-150ml-sample-block-paving-sealer-superior-to-concrete-paint-transform-old-driveways~5061002782801_01c_MP?wid=284&hei=284,,bnq
Bradite One Can Eggshell Multi-Surface Primer and Finish (OC64) 1L - (BS 4800 18-B-29) Raven,40,https://media.diy.com/is/image/KingfisherDigital/bradite-one-can-eggshell-multi-surface-primer-and-finish-oc64-1l-bs-4800-18-b-29-raven~5056268849474_01c_MP?wid=284&hei=284,,bnq
Bradite One Can Matt Multi-Surface Primer and Finish (OC63) 1L - (BS 4800 18-B-29) Raven,40,https://media.diy.com/is/image/KingfisherDigital/bradite-one-can-matt-multi-surface-primer-and-finish-oc63-1l-bs-4800-18-b-29-raven~5056268847517_01c_MP?wid=284&hei=284,,bnq
"Smartseal - Block Magic - Red (3x5L) - A Re-colouring Block Paving Sealer. Superior to Concrete Paint, Transform Old Driveways",134.95,https://media.diy.com/is/image/KingfisherDigital/smartseal-block-magic-red-3x5l-a-re-colouring-block-paving-sealer-superior-to-concrete-paint-transform-old-driveways~5061002782955_01c_MP?wid=284&hei=284,,bnq
"Smartseal - Block Magic - Red (25L) - A Re-colouring Block Paving Sealer. Superior to Concrete Paint, Transform Old Driveways",179.95,https://media.diy.com/is/image/KingfisherDigital/smartseal-block-magic-red-25l-a-re-colouring-block-paving-sealer-superior-to-concrete-paint-transform-old-driveways~5061002782962_01c_MP?wid=284&hei=284,,bnq
"Smartseal - Block Magic - Red (5L) - A Re-colouring Block Paving Sealer. Superior to Concrete Paint, Transform Old Driveways",54.95,https://media.diy.com/is/image/KingfisherDigital/smartseal-block-magic-red-5l-a-re-colouring-block-paving-sealer-superior-to-concrete-paint-transform-old-driveways~5061002782931_01c_MP?wid=284&hei=284,,bnq
Bradite One Can Matt Multi-Surface Primer and Finish (OC63) 1L - (BS 381C 642) Night,40,https://media.diy.com/is/image/KingfisherDigital/bradite-one-can-matt-multi-surface-primer-and-finish-oc63-1l-bs-381c-642-night~5056268859152_01c_MP?wid=284&hei=284,,bnq
Bradite One Can Eggshell Multi-Surface Primer and Finish (OC64) 2.5L - (BS 4800 18-B-29) Raven,65,https://media.diy.com/is/image/KingfisherDigital/bradite-one-can-eggshell-multi-surface-primer-and-finish-oc64-2-5l-bs-4800-18-b-29-raven~5056268850456_01c_MP?wid=284&hei=284,,bnq
Bradite One Can Eggshell Multi-Surface Primer and Finish (OC64) 1L - (BS 381C 642) Night,40,https://media.diy.com/is/image/KingfisherDigital/bradite-one-can-eggshell-multi-surface-primer-and-finish-oc64-1l-bs-381c-642-night~5056268860974_01c_MP?wid=284&hei=284,,bnq
Sandtex 10 year Black High gloss Trim paint,28,https://media.diy.com/is/image/Kingfisher/sandtex-10-year-black-high-gloss-exterior-metal-wood-paint-750ml~5010131460470_02c_bq?wid=284&hei=284,,bnq
"Smartseal - Block Magic - Red (2x5L) - A Re-colouring Block Paving Sealer. Superior to Concrete Paint, Transform Old Driveways",94.95,https://media.diy.com/is/image/KingfisherDigital/smartseal-block-magic-red-2x5l-a-re-colouring-block-paving-sealer-superior-to-concrete-paint-transform-old-driveways~5061002782948_01c_MP?wid=284&hei=284,,bnq
"Smartseal - Block Magic - Tan (5L) - A Re-colouring Block Paving Sealer. Superior to Concrete Paint, Transform Old Driveways",54.95,https://media.diy.com/is/image/KingfisherDigital/smartseal-block-magic-tan-5l-a-re-colouring-block-paving-sealer-superior-to-concrete-paint-transform-old-driveways~5061002782894_01c_MP?wid=284&hei=284,,bnq
Cuprinol 5 year ducksback Black Matt Wood paint,18,https://media.diy.com/is/image/Kingfisher/cuprinol-5-year-ducksback-black-matt-fence-shed-treatment-5l~5010212619360_02c_bq?wid=284&hei=284,,bnq
"Smartseal - Block Magic - Tan (25L) - A Re-colouring Block Paving Sealer. Superior to Concrete Paint, Transform Old Driveways",179.95,https://media.diy.com/is/image/KingfisherDigital/smartseal-block-magic-tan-25l-a-re-colouring-block-paving-sealer-superior-to-concrete-paint-transform-old-driveways~5061002782924_01c_MP?wid=284&hei=284,,bnq
"GoodHome Liberty black Gloss Metal & wood paint, 750ml",15,https://media.diy.com/is/image/Kingfisher/goodhome-liberty-black-gloss-metal-wood-paint-750ml~5036581061777_37c_BQ?wid=284&hei=284,,bnq
"Smartseal - Block Magic - Tan (2x5L) - A Re-colouring Block Paving Sealer. Superior to Concrete Paint, Transform Old Driveways",94.95,https://media.diy.com/is/image/KingfisherDigital/smartseal-block-magic-tan-2x5l-a-re-colouring-block-paving-sealer-superior-to-concrete-paint-transform-old-driveways~5061002782900_01c_MP?wid=284&hei=284,,bnq
"Cuprinol Garden shades Black ash Matt Multi-surface Exterior Wood paint, 5L",40,https://media.diy.com/is/image/Kingfisher/cuprinol-garden-shades-black-ash-matt-multi-surface-exterior-wood-paint-5l~5010212535851_02c_bq?wid=284&hei=284,,bnq
Crown Stain Block Primer White Paint - 750ml,22,https://media.diy.com/is/image/KingfisherDigital/crown-stain-block-primer-white-paint-750ml~5010131515309_01c_MP?wid=284&hei=284,,bnq
"Smartseal - Block Magic - Tan (3x5L) - A Re-colouring Block Paving Sealer. Superior to Concrete Paint, Transform Old Driveways",134.95,https://media.diy.com/is/image/KingfisherDigital/smartseal-block-magic-tan-3x5l-a-re-colouring-block-paving-sealer-superior-to-concrete-paint-transform-old-driveways~5061002782917_01c_MP?wid=284&hei=284,,bnq
"Dulux Stain block White Primer & undercoat, 750ml",18,https://media.diy.com/is/image/Kingfisher/dulux-stain-block-white-primer-undercoat-750ml~5010212641385_02c_bq?wid=284&hei=284,,bnq
"Dulux Stain block White Primer & undercoat, 2.5L",30,https://media.diy.com/is/image/Kingfisher/dulux-stain-block-white-primer-undercoat-2-5l~5010212641378_02c_bq?wid=284&hei=284,,bnq
Rustins Quick Drying Radiator Enamel Satin - Black 250ml,9,https://media.diy.com/is/image/KingfisherDigital/rustins-quick-drying-radiator-enamel-satin-black-250ml~5015332005222_01c_MP?wid=284&hei=284,,bnq
Bradite One Can Eggshell Multi-Surface Primer and Finish (OC64) 2.5L - (BS 381C 642) Night,65,https://media.diy.com/is/image/KingfisherDigital/bradite-one-can-eggshell-multi-surface-primer-and-finish-oc64-2-5l-bs-381c-642-night~5056268861889_01c_MP?wid=284&hei=284,,bnq
GRAIN GUARD Wood Stain - Black Ebony - Water Based & Low Odour - Easy Application - Quick Drying - 500ml,12.99,https://media.diy.com/is/image/KingfisherDigital/grain-guard-wood-stain-black-ebony-water-based-low-odour-easy-application-quick-drying-500ml~5065011830003_01c_MP?wid=284&hei=284,,bnq
Bradite One Can Matt Multi-Surface Primer and Finish (OC63) 2.5L - (BS 4800 18-B-29) Raven,65,https://media.diy.com/is/image/KingfisherDigital/bradite-one-can-matt-multi-surface-primer-and-finish-oc63-2-5l-bs-4800-18-b-29-raven~5056268848491_01c_MP?wid=284&hei=284,,bnq
GRAIN GUARD Wood Stain - Black Ebony - Water Based & Low Odour - Easy Application - Quick Drying - 1 Litre,18.99,https://media.diy.com/is/image/KingfisherDigital/grain-guard-wood-stain-black-ebony-water-based-low-odour-easy-application-quick-drying-1-litre~5065011830010_01c_MP?wid=284&hei=284,,bnq
Bradite One Can Matt Multi-Surface Primer and Finish (OC63) 2.5L - (BS 381C 642) Night,65,https://media.diy.com/is/image/KingfisherDigital/bradite-one-can-matt-multi-surface-primer-and-finish-oc63-2-5l-bs-381c-642-night~5056268860066_01c_MP?wid=284&hei=284,,bnq
Osmo Oil Stain 3590 Black - 5ml,8,https://media.diy.com/is/image/KingfisherDigital/osmo-oil-stain-3590-black-5ml~4006850746415_01c_MP?wid=284&hei=284,,bnq
Osmo Oil Stain 3590 Black - 500ml,31,https://media.diy.com/is/image/KingfisherDigital/osmo-oil-stain-3590-black-500ml~4006850021208_01c_MP?wid=284&hei=284,,bnq
Hotspot Stove Paint Matt - Black 250ml,14,https://media.diy.com/is/image/KingfisherDigital/hotspot-stove-paint-matt-black-250ml~5015277000122_01c_MP?wid=284&hei=284,,bnq
Ronseal Interior Black Matt Varnish,17,https://media.diy.com/is/image/Kingfisher/ronseal-interior-ebony-gloss-varnish-750ml~5010214894208_02c_bq?wid=284&hei=284,,bnq
Ronseal Interior Ebony Satin Varnish,17,https://media.diy.com/is/image/Kingfisher/ronseal-interior-ebony-satin-varnish-750ml~5010214894321_02c_bq?wid=284&hei=284,,bnq
"NJL Black Bitumen Paint Concrete, Steel Iron, Weatherproof Waterproof Coating 5L",27.99,https://media.diy.com/is/image/KingfisherDigital/njl-black-bitumen-paint-concrete-steel-iron-weatherproof-waterproof-coating-5l~5060502360434_01c_MP?wid=284&hei=284,,bnq
"Zinsser Bulls Eye 1-2-3 White Multi-surface Primer, sealant & stain block, 1L",26,https://media.diy.com/is/image/Kingfisher/zinsser-bulls-eye-1-2-3-white-multi-surface-primer-sealant-stain-block-1l~5037898610801_01c_BQ?wid=284&hei=284,,bnq
"Furniture Clinic Wood Stain Black, 250ml",9.95,https://media.diy.com/is/image/KingfisherDigital/furniture-clinic-wood-stain-black-250ml~5060202373284_01c_MP?wid=284&hei=284,,bnq
Ronseal One coat fence life Tudor black oak Matt Wood paint,14,https://media.diy.com/is/image/Kingfisher/ronseal-one-coat-fence-life-tudor-black-oak-matt-fence-shed-treatment-9l~5010214882991_08c_bq?wid=284&hei=284,,bnq
"Cuprinol Garden shades Black Ash Matt Multi-surface Garden Wood paint, 125ml Tester pot",4.50,https://media.diy.com/is/image/Kingfisher/cuprinol-garden-shades-black-ash-matt-multi-surface-garden-wood-paint-125ml-tester-pot~5010212650233_02c_BQ?wid=284&hei=284,,bnq
Harris Essentials Wall Ceiling and Gloss Paint Brush Set (Pack of 10) White/Black (One Size),11.99,https://media.diy.com/is/image/KingfisherDigital/harris-essentials-wall-ceiling-and-gloss-paint-brush-set-pack-of-10-white-black-one-size-~5059444310614_01c_MP?wid=284&hei=284,,bnq
Harris Seriously Good Woodwork Paint Brush Set (Pack of 3) White/Black (One Size),7.99,https://media.diy.com/is/image/KingfisherDigital/harris-seriously-good-woodwork-paint-brush-set-pack-of-3-white-black-one-size-~5059444310621_01c_MP?wid=284&hei=284,,bnq
"Sandtex 10 year Black Satinwood Exterior Metal & wood paint, 2.5L",48,https://media.diy.com/is/image/Kingfisher/sandtex-10-year-black-satinwood-exterior-metal-wood-paint-2-5l~5010131544828_02c_bq?wid=284&hei=284,,bnq
"GoodHome Colour it Missouri Matt Fence & shed Stain, 9L",16,https://media.diy.com/is/image/Kingfisher/goodhome-colour-it-missouri-matt-fence-shed-stain-9l~5036581089238_02c?wid=284&hei=284,,bnq
Osmo Natural Oil Woodstain (Satin) 707 Walnut 750ml,32,https://media.diy.com/is/image/KingfisherDigital/osmo-natural-oil-woodstain-satin-707-walnut-750ml~4006850207237_01c_MP?wid=284&hei=284,,bnq
"Ronseal Diamond Hard Floor Ebony Satin Varnish, 2.5L",52,https://media.diy.com/is/image/Kingfisher/ronseal-diamond-hard-floor-ebony-satin-varnish-2-5l~5010214894161_02c_bq?wid=284&hei=284,,bnq
"Master Bitumens Black Bitumen Paint for Concrete ,Steel, Iron, Waterproof Coating 5L",28.99,https://media.diy.com/is/image/KingfisherDigital/master-bitumens-black-bitumen-paint-for-concrete-steel-iron-waterproof-coating-5l~5060173695002_01c_MP?wid=284&hei=284,,bnq
Rustins High Heat Paint - Black 250ml,14,https://media.diy.com/is/image/KingfisherDigital/rustins-high-heat-paint-black-250ml~5015332320066_01c_MP?wid=284&hei=284,,bnq
"Dulux Non-drip Black Gloss Metal & wood paint, 750ml",21,https://media.diy.com/is/image/Kingfisher/dulux-non-drip-black-gloss-metal-wood-paint-750ml~5010212452837_02c_bq?wid=284&hei=284,,bnq
Britannia Paints Playground Paint Black 20 Litres - Bright & Stimulating Colours - Water Based,190,https://media.diy.com/is/image/KingfisherDigital/britannia-paints-playground-paint-black-20-litres-bright-stimulating-colours-water-based~5060952081354_01c_MP?wid=284&hei=284,,bnq
Britannia Paints Playground Paint Black 5 Litres - Bright & Stimulating Colours - Water Based,60,https://media.diy.com/is/image/KingfisherDigital/britannia-paints-playground-paint-black-5-litres-bright-stimulating-colours-water-based~5060952081507_01c_MP?wid=284&hei=284,,bnq
GRAIN GUARD Wood Stain - Black Ebony - Water Based & Low Odour - Easy Application - Quick Drying - 5 Litre,54.99,https://media.diy.com/is/image/KingfisherDigital/grain-guard-wood-stain-black-ebony-water-based-low-odour-easy-application-quick-drying-5-litre~5065011830027_01c_MP?wid=284&hei=284,,bnq
Harris Essentials Block Paint Brush Black (100mm),10.54,https://media.diy.com/is/image/KingfisherDigital/harris-essentials-block-paint-brush-black-100mm-~5059444574955_01c_MP?wid=284&hei=284,,bnq
"Dulux Weathershield Black Gloss Exterior Metal & wood paint, 750ml",30,https://media.diy.com/is/image/Kingfisher/dulux-weathershield-black-gloss-exterior-metal-wood-paint-750ml~5010212531167_02c_bq?wid=284&hei=284,,bnq
"Master Bitumens Black Bitumen Paint for Concrete ,Steel, Iron, Waterproof Coating 25L",73.99,https://media.diy.com/is/image/KingfisherDigital/master-bitumens-black-bitumen-paint-for-concrete-steel-iron-waterproof-coating-25l~5060173695019_01c_MP?wid=284&hei=284,,bnq
Shabby Chic Chalk Based Furniture Paint 250ml Liquorice,13.99,https://media.diy.com/is/image/KingfisherDigital/shabby-chic-chalk-based-furniture-paint-250ml-liquorice~5030105313007_01c_MP?wid=284&hei=284,,bnq
Rustins Small Job Paint Satin - Black 250ml,8.50,https://media.diy.com/is/image/KingfisherDigital/rustins-small-job-paint-satin-black-250ml~5015332001934_01c_MP?wid=284&hei=284,,bnq
Ronseal Direct to Metal Paint Satin 2.5L Black,47.04,https://media.diy.com/is/image/KingfisherDigital/ronseal-direct-to-metal-paint-satin-2-5l-black~5010214892136_01c_MP?wid=284&hei=284,,bnq
SupaDec Decorator Paint And Varnish Brush Black (75mm),11.65,https://media.diy.com/is/image/KingfisherDigital/supadec-decorator-paint-and-varnish-brush-black-75mm-~5059444632358_01c_MP?wid=284&hei=284,,bnq
SupaDec Decorator Paint And Varnish Brush Black (10cm),13.45,https://media.diy.com/is/image/KingfisherDigital/supadec-decorator-paint-and-varnish-brush-black-10cm-~5059444632174_01c_MP?wid=284&hei=284,,bnq
SupaDec Decorator Paint And Varnish Brush Black (25mm),7.42,https://media.diy.com/is/image/KingfisherDigital/supadec-decorator-paint-and-varnish-brush-black-25mm-~5059444632310_01c_MP?wid=284&hei=284,,bnq
SupaDec Decorator Paint And Varnish Brush Black (50mm),8.80,https://media.diy.com/is/image/KingfisherDigital/supadec-decorator-paint-and-varnish-brush-black-50mm-~5059444632334_01c_MP?wid=284&hei=284,,bnq
SupaDec Decorator Paint And Varnish Brush Black (63mm),9.71,https://media.diy.com/is/image/KingfisherDigital/supadec-decorator-paint-and-varnish-brush-black-63mm-~5059444632341_01c_MP?wid=284&hei=284,,bnq
SupaDec Decorator Paint And Varnish Brush Black (38mm),7.50,https://media.diy.com/is/image/KingfisherDigital/supadec-decorator-paint-and-varnish-brush-black-38mm-~5059444632327_01c_MP?wid=284&hei=284,,bnq
SupaDec Decorator Paint And Varnish Brush Black (19mm),7.42,https://media.diy.com/is/image/KingfisherDigital/supadec-decorator-paint-and-varnish-brush-black-19mm-~5059444632303_01c_MP?wid=284&hei=284,,bnq
GoodHome Liberty Glitter effect Peel & stick Tester,1.50,https://media.diy.com/is/image/Kingfisher/goodhome-liberty-glitter-effect-peel-stick-tester~5063022011923_02c?wid=284&hei=284,,bnq
Ronseal Fence life plus Tudor black oak Matt Wood paint,18,https://media.diy.com/is/image/Kingfisher/fence-life-plus-tudor-black-oak-matt-fence-shed-treatment-9l~5010214876419_08c_bq?wid=284&hei=284,,bnq
"Ronseal One Coat White Matt Wall & ceiling Stain block primer, 750ml",18,https://media.diy.com/is/image/Kingfisher/ronseal-one-coat-white-matt-wall-ceiling-stain-block-primer-750ml~5010214873012_02c_bq?wid=284&hei=284,,bnq
"Dulux Trade Black Gloss Metal & wood paint, 2.5L",44,https://media.diy.com/is/image/Kingfisher/dulux-trade-black-gloss-metal-wood-paint-2-5l~5010212570272_02c_bq?wid=284&hei=284,,bnq
"Dulux Trade Black Gloss Exterior Metal & wood paint, 1L",38,https://media.diy.com/is/image/Kingfisher/dulux-trade-black-gloss-exterior-metal-wood-paint-1l~5010212569214_02c_bq?wid=284&hei=284,,bnq
"Ronseal Black Gloss Exterior Wood paint, 750ml",30,https://media.diy.com/is/image/Kingfisher/ronseal-black-gloss-exterior-wood-paint-750ml~5010214887729_08c_bq?wid=284&hei=284,,bnq
Farrow & Ball Paean black No.294 Gloss Metal & wood paint,32,https://media.diy.com/is/image/Kingfisher/farrow-ball-paean-black-no-294-gloss-metal-wood-paint-750ml~5051836057947_02c_bq?wid=284&hei=284,,bnq
Harris Seriously Good Woodwork Gloss Paint Brush White/Black (38mm),5.99,https://media.diy.com/is/image/KingfisherDigital/harris-seriously-good-woodwork-gloss-paint-brush-white-black-38mm-~5059444574825_01c_MP?wid=284&hei=284,,bnq
SupaDec Masonry Paint Brush Black/Yellow (27mm x 120mm x 30mm),10.44,https://media.diy.com/is/image/KingfisherDigital/supadec-masonry-paint-brush-black-yellow-27mm-x-120mm-x-30mm-~5059699444478_01c_MP?wid=284&hei=284,,bnq
Harris Seriously Good Woodwork Gloss Paint Brush White/Black (50mm),9.82,https://media.diy.com/is/image/KingfisherDigital/harris-seriously-good-woodwork-gloss-paint-brush-white-black-50mm-~5059444590672_01c_MP?wid=284&hei=284,,bnq
Bedec Barn Paint Satin Black - 5L,95,https://media.diy.com/is/image/KingfisherDigital/bedec-barn-paint-satin-black-5l~5055006790108_01c_MP?wid=284&hei=284,,bnq
Ronseal 38781 10 Year Weatherproof Wood Paint Black Gloss 2.5 litre RSL38781,34.58,https://media.diy.com/is/image/KingfisherDigital/ronseal-38781-10-year-weatherproof-wood-paint-black-gloss-2-5-litre-rsl38781~5010214887811_01c_MP?wid=284&hei=284,,bnq
Bedec Barn Paint Matt Black - 2.5L,55,https://media.diy.com/is/image/KingfisherDigital/bedec-barn-paint-matt-black-2-5l~5055006792409_01c_MP?wid=284&hei=284,,bnq
The One Paint Satin Black 1 Litre,24.99,https://media.diy.com/is/image/KingfisherDigital/the-one-paint-satin-black-1-litre~5030105032076_01c_MP?wid=284&hei=284,,bnq
Ronseal Direct to Metal Paint Satin Black 250ml,11.86,https://media.diy.com/is/image/KingfisherDigital/ronseal-direct-to-metal-paint-satin-black-250ml~5010214891801_01c_MP?wid=284&hei=284,,bnq
Cuprinol 5194069 Less Mess Fence Care Black 6 litre CUPLMFCBL6L,17.13,https://media.diy.com/is/image/KingfisherDigital/cuprinol-5194069-less-mess-fence-care-black-6-litre-cuplmfcbl6l~5010212579527_01c_MP?wid=284&hei=284,,bnq
SupaDec Angled Paint Brush Black/Silver (One Size),7.42,https://media.diy.com/is/image/KingfisherDigital/supadec-angled-paint-brush-black-silver-one-size-~5063107000996_01c_MP?wid=284&hei=284,,bnq
SupaDec Emulsion Flat Paint Brush Black/Blue (One Size),9.89,https://media.diy.com/is/image/KingfisherDigital/supadec-emulsion-flat-paint-brush-black-blue-one-size-~5059958551497_01c_MP?wid=284&hei=284,,bnq
"Harris Trade Emulsion 4"" Flat tip Paint brush",7,https://media.diy.com/is/image/Kingfisher/harris-trade-emulsion-4-flat-tip-paint-brush~5000253349180_01c_BQ?wid=284&hei=284,,bnq
"3"" Flagged tip Flat paint brush",4.25,https://media.diy.com/is/image/Kingfisher/3-flagged-tip-flat-paint-brush~5059340015491_02c?wid=284&hei=284,,bnq
"Farrow & Ball Estate Railings No.31 Eggshell Metal & wood paint, 2.5L",74,https://media.diy.com/is/image/Kingfisher/farrow-ball-estate-railings-no-31-eggshell-metal-wood-paint-2-5l~5029496733129_02c_bq?wid=284&hei=284,,bnq
Britannia Paints Aquashield Black 5kg - One Coat - Instant Waterproof Roof Coating,52,https://media.diy.com/is/image/KingfisherDigital/britannia-paints-aquashield-black-5kg-one-coat-instant-waterproof-roof-coating~5060952080050_01c_MP?wid=284&hei=284,,bnq
Britannia Paints Aquashield Eco Black 1kg - One Coat - Water Based Roof Coating,23,https://media.diy.com/is/image/KingfisherDigital/britannia-paints-aquashield-eco-black-1kg-one-coat-water-based-roof-coating~5060952080265_01c_MP?wid=284&hei=284,,bnq
Britannia Paints Aquashield Black 1kg - One Coat - Instant Waterproof Roof Coating,23,https://media.diy.com/is/image/KingfisherDigital/britannia-paints-aquashield-black-1kg-one-coat-instant-waterproof-roof-coating~5060952080104_01c_MP?wid=284&hei=284,,bnq
Britannia Paints Aquashield Eco Black 2.5kg - One Coat - Water Based Roof Coating,37.50,https://media.diy.com/is/image/KingfisherDigital/britannia-paints-aquashield-eco-black-2-5kg-one-coat-water-based-roof-coating~5060952080296_01c_MP?wid=284&hei=284,,bnq
Britannia Paints Durashield Black 5 Litres - One Coat - 5 Year Life Expectancy - Waterproof Rubber Roof Coating,82,https://media.diy.com/is/image/KingfisherDigital/britannia-paints-durashield-black-5-litres-one-coat-5-year-life-expectancy-waterproof-rubber-roof-coating~5060952080456_01c_MP?wid=284&hei=284,,bnq
Britannia Paints Aquashield Eco Black 5kg - One Coat - Water Based Roof Coating,52,https://media.diy.com/is/image/KingfisherDigital/britannia-paints-aquashield-eco-black-5kg-one-coat-water-based-roof-coating~5060952080333_01c_MP?wid=284&hei=284,,bnq
Britannia Paints Durashield Black 15kg - One Coat - 5 Year Life Expectancy - Waterproof Rubber Roof Coating,166,https://media.diy.com/is/image/KingfisherDigital/britannia-paints-durashield-black-15kg-one-coat-5-year-life-expectancy-waterproof-rubber-roof-coating~5060952080401_01c_MP?wid=284&hei=284,,bnq
Britannia Paints Durashield Black 20 Litres - One Coat - 5 Year Life Expectancy - Waterproof Rubber Roof Coating,250,https://media.diy.com/is/image/KingfisherDigital/britannia-paints-durashield-black-20-litres-one-coat-5-year-life-expectancy-waterproof-rubber-roof-coating~5060952080432_01c_MP?wid=284&hei=284,,bnq
Britannia Paints Aquashield Eco Black 20kg - One Coat - Water Based Roof Coating,155,https://media.diy.com/is/image/KingfisherDigital/britannia-paints-aquashield-eco-black-20kg-one-coat-water-based-roof-coating~5060952080326_01c_MP?wid=284&hei=284,,bnq
Britannia Paints Aquashield Black 2.5kg - One Coat - Instant Waterproof Roof Coating,37.50,https://media.diy.com/is/image/KingfisherDigital/britannia-paints-aquashield-black-2-5kg-one-coat-instant-waterproof-roof-coating~5060952080135_01c_MP?wid=284&hei=284,,bnq
Britannia Paints Aquashield Black 20kg - One Coat - Instant Waterproof Roof Coating,155,https://media.diy.com/is/image/KingfisherDigital/britannia-paints-aquashield-black-20kg-one-coat-instant-waterproof-roof-coating~5060952080043_01c_MP?wid=284&hei=284,,bnq
SupaDec DIY Paint Brush Blue/Black (12mm),7.41,https://media.diy.com/is/image/KingfisherDigital/supadec-diy-paint-brush-blue-black-12mm-~5059444632525_01c_MP?wid=284&hei=284,,bnq
SupaDec DIY Paint Brush Blue/Black (25mm),7.41,https://media.diy.com/is/image/KingfisherDigital/supadec-diy-paint-brush-blue-black-25mm-~5059444632518_01c_MP?wid=284&hei=284,,bnq
SupaDec DIY Paint Brush Blue/Black (19mm),7.41,https://media.diy.com/is/image/KingfisherDigital/supadec-diy-paint-brush-blue-black-19mm-~5059444689017_01c_MP?wid=284&hei=284,,bnq
SupaDec DIY Paint Brush Blue/Black (38mm),7.42,https://media.diy.com/is/image/KingfisherDigital/supadec-diy-paint-brush-blue-black-38mm-~5059444632501_01c_MP?wid=284&hei=284,,bnq
SupaDec DIY Paint Brush Blue/Black (50mm),7.71,https://media.diy.com/is/image/KingfisherDigital/supadec-diy-paint-brush-blue-black-50mm-~5059444632488_01c_MP?wid=284&hei=284,,bnq
SupaDec DIY Paint Brush Blue/Black (75mm),10.17,https://media.diy.com/is/image/KingfisherDigital/supadec-diy-paint-brush-blue-black-75mm-~5059444632433_01c_MP?wid=284&hei=284,,bnq
SupaDec Shed And Fence Block Brush Black (100mm),10.18,https://media.diy.com/is/image/KingfisherDigital/supadec-shed-and-fence-block-brush-black-100mm-~5059444498121_01c_MP?wid=284&hei=284,,bnq
SupaDec DIY Paint Brush Blue/Black (63mm),9.16,https://media.diy.com/is/image/KingfisherDigital/supadec-diy-paint-brush-blue-black-63mm-~5059444632495_01c_MP?wid=284&hei=284,,bnq
5pcs Fine Paint Brush Set Kit Advanced Bristles Home Painting DIY Decorating,4.99,https://media.diy.com/is/image/KingfisherDigital/5pcs-fine-paint-brush-set-kit-advanced-bristles-home-painting-diy-decorating~5055521156618_01c_MP?wid=284&hei=284,,bnq
SupaDec MAXI Block Brush Black (40 x 140mm),11.63,https://media.diy.com/is/image/KingfisherDigital/supadec-maxi-block-brush-black-40-x-140mm-~5059444632693_01c_MP?wid=284&hei=284,,bnq
"Valspar Trade Knot Block White Matt Wood Primer, 1L",16,https://media.diy.com/is/image/Kingfisher/valspar-trade-knot-block-white-matt-wood-primer-1l~5055018189860_01c_bq?wid=284&hei=284,,bnq
Smartseal - Grout Magic - (Black) 237ml - Grout Reviver - Grout Sealer - Superior to Grout Paint & Grout Pens - 15Yr Lifespan,24.95,https://media.diy.com/is/image/KingfisherDigital/smartseal-grout-magic-black-237ml-grout-reviver-grout-sealer-superior-to-grout-paint-grout-pens-15yr-lifespan~0660111276321_01c_MP?wid=284&hei=284,,bnq
"NJL Black Bitumen Paint Concrete, Steel Iron, Weatherproof Waterproof Coating 25L",71.99,https://media.diy.com/is/image/KingfisherDigital/njl-black-bitumen-paint-concrete-steel-iron-weatherproof-waterproof-coating-25l~5060502360427_01c_MP?wid=284&hei=284,,bnq
Johnstone's Quick Dry Satin Black 750ml,21,https://media.diy.com/is/image/KingfisherDigital/johnstone-s-quick-dry-satin-black-750ml~5010426739137_01c_MP?wid=284&hei=284,,bnq
Harris Black Roller Cleaner,3,https://media.diy.com/is/image/Kingfisher/harris-black-roller-cleaner~5000253044443_03c?wid=284&hei=284,,bnq
Bradite One Can Matt Multi-Surface Primer and Finish (OC63) 1L - (RAL 3007) Black red,40,https://media.diy.com/is/image/KingfisherDigital/bradite-one-can-matt-multi-surface-primer-and-finish-oc63-1l-ral-3007-black-red~5056268851095_01c_MP?wid=284&hei=284,,bnq
SupaDec Angled Brush Black (1in),7.41,https://media.diy.com/is/image/KingfisherDigital/supadec-angled-brush-black-1in-~5059444100215_01c_MP?wid=284&hei=284,,bnq
Faithfull - Paint Marker Pen Black & White (Pack 2),8.99,https://media.diy.com/is/image/KingfisherDigital/faithfull-paint-marker-pen-black-white-pack-2-~5023969319421_01c_MP?wid=284&hei=284,,bnq
SupaDec Roller Paint Tray Black (One Size),7.42,https://media.diy.com/is/image/KingfisherDigital/supadec-roller-paint-tray-black-one-size-~5059444100123_01c_MP?wid=284&hei=284,,bnq
ClimaShield - Roof Coating Sealer & Tile Paint - Black (20L) Transforms Concrete Tiles and Protects against Moss & Algae,119.95,https://media.diy.com/is/image/KingfisherDigital/climashield-roof-coating-sealer-tile-paint-black-20l-transforms-concrete-tiles-and-protects-against-moss-algae~0660111276512_01c_MP?wid=284&hei=284,,bnq
SupaDec Paint Tray Black (9in) Quality Product,12.72,https://media.diy.com/is/image/KingfisherDigital/supadec-paint-tray-black-9in-quality-product~5063107813473_01c_MP?wid=284&hei=284,,bnq
SupaDec Paint Tray Black (7in) Quality Product,7.42,https://media.diy.com/is/image/KingfisherDigital/supadec-paint-tray-black-7in-quality-product~5059444684234_01c_MP?wid=284&hei=284,,bnq
Bedec Multi-Surface Paint Black Satin - 250ml,15,https://media.diy.com/is/image/KingfisherDigital/bedec-multi-surface-paint-black-satin-250ml~5055006730012_01c_MP?wid=284&hei=284,,bnq
"Furniture Clinic Leather Repair Paint & Dye Black, 50ml",9.95,https://media.diy.com/is/image/KingfisherDigital/furniture-clinic-leather-repair-paint-dye-black-50ml~5060202379859_01c_MP?wid=284&hei=284,,bnq
"Gimcyn Luxury- Textured, Metallic, Iridescent Wall Paint Bundle. Includes Paint and Primer - Covers 5SQM - In Colour OBSIDIAN",88,https://media.diy.com/is/image/KingfisherDigital/gimcyn-luxury-textured-metallic-iridescent-wall-paint-bundle-includes-paint-and-primer-covers-5sqm-in-colour-obsidian~5061024831648_01c_MP?wid=284&hei=284,,bnq
"Furniture Clinic Leather Repair Paint & Dye Black, 250ml",17.95,https://media.diy.com/is/image/KingfisherDigital/furniture-clinic-leather-repair-paint-dye-black-250ml~5060202379903_01c_MP?wid=284&hei=284,,bnq
"Scratch Doctor Leather Dabber Touch Up Pen, Leather Dye, Leather Paint 10ml Black",8.95,https://media.diy.com/is/image/KingfisherDigital/scratch-doctor-leather-dabber-touch-up-pen-leather-dye-leather-paint-10ml-black~5056487907702_01c_MP?wid=284&hei=284,,bnq
Bradite One Can Matt Multi-Surface Primer and Finish (OC63) 1L - (RAL 6012) Black green,40,https://media.diy.com/is/image/KingfisherDigital/bradite-one-can-matt-multi-surface-primer-and-finish-oc63-1l-ral-6012-black-green~5056268851699_01c_MP?wid=284&hei=284,,bnq
Bradite One Can Eggshell Multi-Surface Primer and Finish (OC64) 1L - (RAL 6012) Black green,40,https://media.diy.com/is/image/KingfisherDigital/bradite-one-can-eggshell-multi-surface-primer-and-finish-oc64-1l-ral-6012-black-green~5056268855536_01c_MP?wid=284&hei=284,,bnq
Bradite One Can Matt Multi-Surface Primer and Finish (OC63) 1L - (RAL 5004) Black blue,40,https://media.diy.com/is/image/KingfisherDigital/bradite-one-can-matt-multi-surface-primer-and-finish-oc63-1l-ral-5004-black-blue~5056268851385_01c_MP?wid=284&hei=284,,bnq
Bradite One Can Eggshell Multi-Surface Primer and Finish (OC64) 2.5L - (RAL 7021) Black grey,65,https://media.diy.com/is/image/KingfisherDigital/bradite-one-can-eggshell-multi-surface-primer-and-finish-oc64-2-5l-ral-7021-black-grey~5056268857813_01c_MP?wid=284&hei=284,,bnq
Bradite One Can Matt Multi-Surface Primer and Finish (OC63) 1L - (RAL 7021) Black grey,40,https://media.diy.com/is/image/KingfisherDigital/bradite-one-can-matt-multi-surface-primer-and-finish-oc63-1l-ral-7021-black-grey~5056268852054_01c_MP?wid=284&hei=284,,bnq
SupaDec DIY Paper Hanging Brush Black (7in),10.99,https://media.diy.com/is/image/KingfisherDigital/supadec-diy-paper-hanging-brush-black-7in-~5059444101892_01c_MP?wid=284&hei=284,,bnq
ProDec Tradesman Brush Black (50mm),9,https://media.diy.com/is/image/KingfisherDigital/prodec-tradesman-brush-black-50mm-~5059444085048_01c_MP?wid=284&hei=284,,bnq
SupaDec Polyester Brush Set (Pack of 5) Black (13.5 x 28.5 x 3.5cm),10.18,https://media.diy.com/is/image/KingfisherDigital/supadec-polyester-brush-set-pack-of-5-black-13-5-x-28-5-x-3-5cm-~5059444100727_01c_MP?wid=284&hei=284,,bnq
Bradite One Can Eggshell Multi-Surface Primer and Finish (OC64) 1L - (RAL 5004) Black blue,40,https://media.diy.com/is/image/KingfisherDigital/bradite-one-can-eggshell-multi-surface-primer-and-finish-oc64-1l-ral-5004-black-blue~5056268855222_01c_MP?wid=284&hei=284,,bnq
NJL All Weather Roofing Compound Bitumen Waterproof Flat Roof Paint Coating 25L,71.99,https://media.diy.com/is/image/KingfisherDigital/njl-all-weather-roofing-compound-bitumen-waterproof-flat-roof-paint-coating-25l~5060502360465_01c_MP?wid=284&hei=284,,bnq
Bradite One Can Matt Multi-Surface Primer and Finish (OC63) 2.5L - (RAL 6012) Black green,65,https://media.diy.com/is/image/KingfisherDigital/bradite-one-can-matt-multi-surface-primer-and-finish-oc63-2-5l-ral-6012-black-green~5056268853617_01c_MP?wid=284&hei=284,,bnq
Bradite One Can Eggshell Multi-Surface Primer and Finish (OC64) 2.5L - (RAL 5004) Black blue,65,https://media.diy.com/is/image/KingfisherDigital/bradite-one-can-eggshell-multi-surface-primer-and-finish-oc64-2-5l-ral-5004-black-blue~5056268857141_01c_MP?wid=284&hei=284,,bnq
Bradite One Can Matt Multi-Surface Primer and Finish (OC63) 2.5L - (RAL 5004) Black blue,65,https://media.diy.com/is/image/KingfisherDigital/bradite-one-can-matt-multi-surface-primer-and-finish-oc63-2-5l-ral-5004-black-blue~5056268853303_01c_MP?wid=284&hei=284,,bnq
Bradite One Can Eggshell Multi-Surface Primer and Finish (OC64) 1L - (RAL 7021) Black grey,40,https://media.diy.com/is/image/KingfisherDigital/bradite-one-can-eggshell-multi-surface-primer-and-finish-oc64-1l-ral-7021-black-grey~5056268855895_01c_MP?wid=284&hei=284,,bnq
Bradite One Can Eggshell Multi-Surface Primer and Finish (OC64) 2.5L - (RAL 6012) Black green,65,https://media.diy.com/is/image/KingfisherDigital/bradite-one-can-eggshell-multi-surface-primer-and-finish-oc64-2-5l-ral-6012-black-green~5056268857455_01c_MP?wid=284&hei=284,,bnq
Bradite One Can Matt Multi-Surface Primer and Finish (OC63) 2.5L - (RAL 7021) Black grey,65,https://media.diy.com/is/image/KingfisherDigital/bradite-one-can-matt-multi-surface-primer-and-finish-oc63-2-5l-ral-7021-black-grey~5056268853976_01c_MP?wid=284&hei=284,,bnq
Rapide Auto Extreme Paint Black Satin 400ml 1929 (Pack of 6),16.52,https://media.diy.com/is/image/KingfisherDigital/rapide-auto-extreme-paint-black-satin-400ml-1929-pack-of-6-~5061031508816_01c_MP?wid=284&hei=284,,bnq
"Harris Trade Micropoly 12"" Medium pile Roller set, 5 pieces",25,https://media.diy.com/is/image/Kingfisher/harris-trade-micropoly-12-medium-pile-roller-set-5-pieces~5056287405125_01c_bq?wid=284&hei=284,,bnq
Bradite One Can Eggshell Multi-Surface Primer and Finish (OC64) 1L - (RAL 3007) Black red,40,https://media.diy.com/is/image/KingfisherDigital/bradite-one-can-eggshell-multi-surface-primer-and-finish-oc64-1l-ral-3007-black-red~5056268854935_01c_MP?wid=284&hei=284,,bnq
SupaDec Nook And Cranny Brush Black (50mm),7.72,https://media.diy.com/is/image/KingfisherDigital/supadec-nook-and-cranny-brush-black-50mm-~5059444633010_01c_MP?wid=284&hei=284,,bnq
SupaDec Nook And Cranny Brush Black (25mm),7.42,https://media.diy.com/is/image/KingfisherDigital/supadec-nook-and-cranny-brush-black-25mm-~5059444633027_01c_MP?wid=284&hei=284,,bnq
Smartseal - Grout Magic (Black) 20ml SAMPLE - Grout Reviver - Superior to Grout Paint & Grout Pens - 15Yr Lifespan,5.95,https://media.diy.com/is/image/KingfisherDigital/smartseal-grout-magic-black-20ml-sample-grout-reviver-superior-to-grout-paint-grout-pens-15yr-lifespan~5061002781743_01c_MP?wid=284&hei=284,,bnq
Bradite One Can Eggshell Multi-Surface Primer and Finish (OC64) 2.5L - (RAL 3007) Black red,65,https://media.diy.com/is/image/KingfisherDigital/bradite-one-can-eggshell-multi-surface-primer-and-finish-oc64-2-5l-ral-3007-black-red~5056268856854_01c_MP?wid=284&hei=284,,bnq
Bradite One Can Matt Multi-Surface Primer and Finish (OC63) 2.5L - (RAL 3007) Black red,65,https://media.diy.com/is/image/KingfisherDigital/bradite-one-can-matt-multi-surface-primer-and-finish-oc63-2-5l-ral-3007-black-red~5056268853013_01c_MP?wid=284&hei=284,,bnq
SupaDec Decorator Brush Set Black (One Size),11.45,https://media.diy.com/is/image/KingfisherDigital/supadec-decorator-brush-set-black-one-size-~5059444632136_01c_MP?wid=284&hei=284,,bnq
ProDec Tradesman Brush Black (63mm),10.38,https://media.diy.com/is/image/KingfisherDigital/prodec-tradesman-brush-black-63mm-~5059444383816_01c_MP?wid=284&hei=284,,bnq
Faithfull General-Purpose Bucket 14 litre (3 gallon) - Black FAI3GBUCKET,5.23,https://media.diy.com/is/image/KingfisherDigital/faithfull-general-purpose-bucket-14-litre-3-gallon-black-fai3gbucket~5023969286341_01c_MP?wid=284&hei=284,,bnq
Smartseal - Grout Magic - Grout Sealer + Pre-Treatment - (Black) Grout Reviver - Superior to Grout Paint & Grout Pens - 15Yr Life,34.95,https://media.diy.com/is/image/KingfisherDigital/smartseal-grout-magic-grout-sealer-pre-treatment-black-grout-reviver-superior-to-grout-paint-grout-pens-15yr-life~5061002781965_01c_MP?wid=284&hei=284,,bnq
Tikkurila Akrostop Sealing Primer - Stain-Blocking Primer For Interior Walls & Ceilings (Water-Based) - 1 Litre,25.86,https://media.diy.com/is/image/KingfisherDigital/tikkurila-akrostop-sealing-primer-stain-blocking-primer-for-interior-walls-ceilings-water-based-1-litre~6408070031742_01c_MP?wid=284&hei=284,,bnq
"Farrow & Ball Estate Downpipe No.26 Eggshell Metal & wood paint, 2.5L",74,https://media.diy.com/is/image/Kingfisher/farrow-ball-estate-downpipe-no-26-eggshell-metal-wood-paint-2-5l~5029496732627_02c_bq?wid=284&hei=284,,bnq
Tikkurila Multistop - Matt Blocking Primer For Interior Wooden Surfaces - Reduces Discolouration - 10 Litres,240.20,https://media.diy.com/is/image/KingfisherDigital/tikkurila-multistop-matt-blocking-primer-for-interior-wooden-surfaces-reduces-discolouration-10-litres~6408070072523_01c_MP?wid=284&hei=284,,bnq
Farrow & Ball Dead Flat Mixed Colour 57 Off Black 2.5 Litre,75.50,https://media.diy.com/is/image/KingfisherDigital/farrow-ball-dead-flat-mixed-colour-57-off-black-2-5-litre~5029496015218_01c_MP?wid=284&hei=284,,bnq
Pour Pro Paint Pourer - 5 Litre,12.99,https://media.diy.com/is/image/KingfisherDigital/pour-pro-paint-pourer-5-litre~5061007236071_01c_MP?wid=284&hei=284,,bnq
Johnstone's My Colour Durable Matt Paint Whitby Jet - Peel and Stick Sample,8,https://media.diy.com/is/image/KingfisherDigital/johnstone-s-my-colour-durable-matt-paint-whitby-jet-peel-and-stick-sample~5010426822174_01c_MP?wid=284&hei=284,,bnq
Johnstone's My Colour Durable Matt Paint Whitby Jet - 60ml,9,https://media.diy.com/is/image/KingfisherDigital/johnstone-s-my-colour-durable-matt-paint-whitby-jet-60ml~5010426821962_01c_MP?wid=284&hei=284,,bnq
Lynwood 15 Litre Paint Bucket Scuttle Black,8.38,https://media.diy.com/is/image/KingfisherDigital/lynwood-15-litre-paint-bucket-scuttle-black~5016574129608_01c_MP?wid=284&hei=284,,bnq
"Dulux One coat sprayable Black Matt Fencing, sheds & trellis Treatment, 5L",22,https://media.diy.com/is/image/Kingfisher/dulux-one-coat-sprayable-black-matt-fencing-sheds-trellis-treatment-5l~5010212650912_02c_bq?wid=284&hei=284,,bnq
SupaDec Masonry Brush Yellow/Black (100mm),12.37,https://media.diy.com/is/image/KingfisherDigital/supadec-masonry-brush-yellow-black-100mm-~5059444632648_01c_MP?wid=284&hei=284,,bnq
Tikkurila Valtti Furniture & Decking Oil - UV & Weather-Resistant - Black (Solvent-Based) - 3 Litres,88.70,https://media.diy.com/is/image/KingfisherDigital/tikkurila-valtti-furniture-decking-oil-uv-weather-resistant-black-solvent-based-3-litres~6408070055700_01c_MP?wid=284&hei=284,,bnq
Lick Black 01 Peel & stick Tester,2,https://media.diy.com/is/image/Kingfisher/lick-black-01-peel-stick-tester~5060756111042_01c_bq?wid=284&hei=284,,bnq
"Harris Seriously Good Woven Medium pile Decorating set, 8 pieces",17.50,https://media.diy.com/is/image/Kingfisher/harris-seriously-good-woven-medium-pile-decorating-set-8-pieces~5056287402094_01c?wid=284&hei=284,,bnq
Upvc Window Repair Pen Black Brown,14.95,https://media.diy.com/is/image/KingfisherDigital/upvc-window-repair-pen-black-brown~9507133943262_01c_MP?wid=284&hei=284,,bnq
"Tikkurila Valtti Plus Terrace Oil - Premium, High-Performance Wood Oil - Partly Bio-Based - Black - 10 Litres",244.08,https://media.diy.com/is/image/KingfisherDigital/tikkurila-valtti-plus-terrace-oil-premium-high-performance-wood-oil-partly-bio-based-black-10-litres~6408070074183_01c_MP?wid=284&hei=284,,bnq
Tikkurila Supi Sauna Wax - Wax For Wooden Sauna Surfaces (Contains Natural Wax) - Black - 0.33 Litres,24,https://media.diy.com/is/image/KingfisherDigital/tikkurila-supi-sauna-wax-wax-for-wooden-sauna-surfaces-contains-natural-wax-black-0-33-litres~6408070051962_01c_MP?wid=284&hei=284,,bnq
Harris Seriously Good Flat Artist Paint Brushes (Pack of 10) Black (One Size),6.99,https://media.diy.com/is/image/KingfisherDigital/harris-seriously-good-flat-artist-paint-brushes-pack-of-10-black-one-size-~5059444310683_01c_MP?wid=284&hei=284,,bnq
SupaDec Paint Scuttle Black (15L),19.89,https://media.diy.com/is/image/KingfisherDigital/supadec-paint-scuttle-black-15l-~5059444684173_01c_MP?wid=284&hei=284,,bnq
Pro User - No Bristle Loss Plastic DIY Paint Brush - 2.5cm - Black,5.39,https://media.diy.com/is/image/KingfisherDigital/pro-user-no-bristle-loss-plastic-diy-paint-brush-2-5cm-black~5017403065685_01c_MP?wid=284&hei=284,,bnq
Pro User - No Bristle Loss Plastic DIY Paint Brush - 1.5cm - Black,5.39,https://media.diy.com/is/image/KingfisherDigital/pro-user-no-bristle-loss-plastic-diy-paint-brush-1-5cm-black~5017403065678_01c_MP?wid=284&hei=284,,bnq
SupaDec Decorator Wall Brush Red/Black (150mm),13.29,https://media.diy.com/is/image/KingfisherDigital/supadec-decorator-wall-brush-red-black-150mm-~5059444632402_01c_MP?wid=284&hei=284,,bnq
"Watco Epoxicote High Build - Industrial Strength Epoxy Resin Floor Coating - Black, 4L",238.44,https://media.diy.com/is/image/KingfisherDigital/watco-epoxicote-high-build-industrial-strength-epoxy-resin-floor-coating-black-4l~5029468039549_01c_MP?wid=284&hei=284,,bnq
SupaDec Dec No Loss Brush (Pack Of 10) Blue/Black (One Size),16.64,https://media.diy.com/is/image/KingfisherDigital/supadec-dec-no-loss-brush-pack-of-10-blue-black-one-size-~5059444632082_01c_MP?wid=284&hei=284,,bnq
Smartseal - Patio ColourSeal - Black (150ml SAMPLE) Seal & Restore Old Concrete Paving Slabs - Superior Protection to Paint,7.95,https://media.diy.com/is/image/KingfisherDigital/smartseal-patio-colourseal-black-150ml-sample-seal-restore-old-concrete-paving-slabs-superior-protection-to-paint~5061002783112_01c_MP?wid=284&hei=284,,bnq
Blackspur - Wooden Artist's Paint Brush Set - Black - 12pc,6.29,https://media.diy.com/is/image/KingfisherDigital/blackspur-wooden-artist-s-paint-brush-set-black-12pc~5017403268451_01c_MP?wid=284&hei=284,,bnq
Blackspur - Wooden Artist's Paint Brush Set - Black - 15pc,6.29,https://media.diy.com/is/image/KingfisherDigital/blackspur-wooden-artist-s-paint-brush-set-black-15pc~5017403016908_01c_MP?wid=284&hei=284,,bnq
SupaDec Polyester Brush Set (2 Pack) Brown/Gold/Black (One Size),8.98,https://media.diy.com/is/image/KingfisherDigital/supadec-polyester-brush-set-2-pack-brown-gold-black-one-size-~5059444497841_01c_MP?wid=284&hei=284,,bnq
Pro User - No Bristle Loss Plastic DIY Paint Brush - 4cm - Black,5.39,https://media.diy.com/is/image/KingfisherDigital/pro-user-no-bristle-loss-plastic-diy-paint-brush-4cm-black~5017403065692_01c_MP?wid=284&hei=284,,bnq
Blackspur - Plastic DIY Paint Brush Set - Black - 3pc,6.29,https://media.diy.com/is/image/KingfisherDigital/blackspur-plastic-diy-paint-brush-set-black-3pc~5017403125020_01c_MP?wid=284&hei=284,,bnq
Pro User - No Bristle Loss Plastic DIY Paint Brush - 5cm - Black,5.39,https://media.diy.com/is/image/KingfisherDigital/pro-user-no-bristle-loss-plastic-diy-paint-brush-5cm-black~5017403065708_01c_MP?wid=284&hei=284,,bnq
Pro User - No Bristle Loss Plastic DIY Paint Brush - 7.5cm - Black,6.29,https://media.diy.com/is/image/KingfisherDigital/pro-user-no-bristle-loss-plastic-diy-paint-brush-7-5cm-black~5017403065715_01c_MP?wid=284&hei=284,,bnq
Milwaukee - INKZALL Liquid Paint Marker Black,9.35,https://media.diy.com/is/image/KingfisherDigital/milwaukee-inkzall-liquid-paint-marker-black~0045242363384_01c_MP?wid=284&hei=284,,bnq
SupaDec Wet & Dry Sandpaper (Pack of 12) Black (One Size),7.99,https://media.diy.com/is/image/KingfisherDigital/supadec-wet-dry-sandpaper-pack-of-12-black-one-size-~5063107789426_01c_MP?wid=284&hei=284,,bnq
SupaDec Foam Roller & Tray Set Black (7in),11.44,https://media.diy.com/is/image/KingfisherDigital/supadec-foam-roller-tray-set-black-7in-~5059444101908_01c_MP?wid=284&hei=284,,bnq
Easimat A4 EVA Foam Craft Sheets Kids Arts Project DIY in Black 2mm,3.89,https://media.diy.com/is/image/KingfisherDigital/easimat-a4-eva-foam-craft-sheets-kids-arts-project-diy-in-black-2mm~5060477743058_01c_MP?wid=284&hei=284,,bnq
"Furniture Clinic Leather Steering Wheel Repair Kit, Black",25.95,https://media.diy.com/is/image/KingfisherDigital/furniture-clinic-leather-steering-wheel-repair-kit-black~5060202371396_01c_MP?wid=284&hei=284,,bnq
"Scratch Doctor Compact Leather Repair Kit for small repairs, rips, tears and holes Black",17.95,https://media.diy.com/is/image/KingfisherDigital/scratch-doctor-compact-leather-repair-kit-for-small-repairs-rips-tears-and-holes-black~5056487920916_01c_MP?wid=284&hei=284,,bnq
SupaDec Wet & Dry Sandpaper (Pack of 30) Black (230mm x 280mm),16.35,https://media.diy.com/is/image/KingfisherDigital/supadec-wet-dry-sandpaper-pack-of-30-black-230mm-x-280mm-~5063238000377_01c_MP?wid=284&hei=284,,bnq
Farrow & Ball Dead Flat Mixed Colour 256 Pitch Black 5 Litre,117.80,https://media.diy.com/is/image/KingfisherDigital/farrow-ball-dead-flat-mixed-colour-256-pitch-black-5-litre~5029496020700_01c_MP?wid=284&hei=284,,bnq
"Smartseal - Black Limestone Sealer (5L) - Protects, Transforms, Recolours and Seals Slate and Limestone Surfaces",69.95,https://media.diy.com/is/image/KingfisherDigital/smartseal-black-limestone-sealer-5l-protects-transforms-recolours-and-seals-slate-and-limestone-surfaces~0732068599294_01c_MP?wid=284&hei=284,,bnq
"Smartseal - Black Limestone Sealer (1L) - Protects, Transforms, Recolours and Seals Slate and Limestone Surfaces",28.95,https://media.diy.com/is/image/KingfisherDigital/smartseal-black-limestone-sealer-1l-protects-transforms-recolours-and-seals-slate-and-limestone-surfaces~0660111276062_01c_MP?wid=284&hei=284,,bnq
"Hammerite Underbody Seal With Waxoyl Black, 1 Litre",16.48,https://media.diy.com/is/image/KingfisherDigital/hammerite-underbody-seal-with-waxoyl-black-1-litre~5011867114033_01c_MP?wid=284&hei=284,,bnq
Red Gorilla PRM/BK Premium Bucket 14 litre (3 gallon) - Black GORPRMBK,8.08,https://media.diy.com/is/image/KingfisherDigital/red-gorilla-prm-bk-premium-bucket-14-litre-3-gallon-black-gorprmbk~0729848001832_01c_MP?wid=284&hei=284,,bnq
"Smartseal - Black Limestone Sealer (2x5L) - Protects, Transforms, Recolours and Seals Slate and Limestone Surfaces",124.95,https://media.diy.com/is/image/KingfisherDigital/smartseal-black-limestone-sealer-2x5l-protects-transforms-recolours-and-seals-slate-and-limestone-surfaces~0660111276048_01c_MP?wid=284&hei=284,,bnq
Farrow & Ball Modern Emulsion Mixed Colour 256 Pitch Black 5 Litre,98,https://media.diy.com/is/image/KingfisherDigital/farrow-ball-modern-emulsion-mixed-colour-256-pitch-black-5-litre~5029496295658_01c_MP?wid=284&hei=284,,bnq
"Smartseal - Black Limestone Sealer (2x1L) - Protects, Transforms, Recolours and Seals Slate and Limestone Surfaces",48.95,https://media.diy.com/is/image/KingfisherDigital/smartseal-black-limestone-sealer-2x1l-protects-transforms-recolours-and-seals-slate-and-limestone-surfaces~0660111276079_01c_MP?wid=284&hei=284,,bnq
"Smartseal - Black Limestone Sealer (3x5L) - Protects, Transforms, Recolours and Seals Slate and Limestone Surfaces",169.95,https://media.diy.com/is/image/KingfisherDigital/smartseal-black-limestone-sealer-3x5l-protects-transforms-recolours-and-seals-slate-and-limestone-surfaces~0660111276055_01c_MP?wid=284&hei=284,,bnq
Hammerite Underbody Seal With Waxoyl Black 500ml,11.75,https://media.diy.com/is/image/KingfisherDigital/hammerite-underbody-seal-with-waxoyl-black-500ml~5011867114026_01c_MP?wid=284&hei=284,,bnq
Farrow & Ball Modern Emulsion Mixed Colour 57 Off Black 5 Litre,98,https://media.diy.com/is/image/KingfisherDigital/farrow-ball-modern-emulsion-mixed-colour-57-off-black-5-litre~5029496275759_01c_MP?wid=284&hei=284,,bnq
"Zinsser Bulls Eye 1-2-3 White Multi-surface Primer, sealant & stain block, 2.5L",52,https://media.diy.com/is/image/Kingfisher/zinsser-bulls-eye-1-2-3-white-multi-surface-primer-sealant-stain-block-2-5l~5037898610818_01c?wid=284&hei=284,,bnq
Farrow & Ball Estate Emulsion Mixed Colour 256 Pitch Black 5 Litre,84.99,https://media.diy.com/is/image/KingfisherDigital/farrow-ball-estate-emulsion-mixed-colour-256-pitch-black-5-litre~5029496885651_01c_MP?wid=284&hei=284,,bnq
Farrow & Ball Estate Emulsion Mixed Colour 57 Off Black 5 Litre,84.99,https://media.diy.com/is/image/KingfisherDigital/farrow-ball-estate-emulsion-mixed-colour-57-off-black-5-litre~5029496025750_01c_MP?wid=284&hei=284,,bnq
"Hammerite Underbody Seal With Waxoyl Black, 1 Litre Schutz",17.29,https://media.diy.com/is/image/KingfisherDigital/hammerite-underbody-seal-with-waxoyl-black-1-litre-schutz~5011867100302_01c_MP?wid=284&hei=284,,bnq
"Hammerite Underbody Seal With Waxoyl Black, 2.5 Litre",30.45,https://media.diy.com/is/image/KingfisherDigital/hammerite-underbody-seal-with-waxoyl-black-2-5-litre~5011867114040_01c_MP?wid=284&hei=284,,bnq
"Hammerite Waxoyl Black Car Rust Proofing Schutz, 1 Litre",17.29,https://media.diy.com/is/image/KingfisherDigital/hammerite-waxoyl-black-car-rust-proofing-schutz-1-litre~5011867013442_01c_MP?wid=284&hei=284,,bnq
"Hammerite Waxoyl Black Car Rust Proofing Refill Can, 5 Litres",47.99,https://media.diy.com/is/image/KingfisherDigital/hammerite-waxoyl-black-car-rust-proofing-refill-can-5-litres~5011867101057_01c_MP?wid=284&hei=284,,bnq
"Hammerite Waxoyl Black Car Rust Proofing, 400ml Areosol",15.12,https://media.diy.com/is/image/KingfisherDigital/hammerite-waxoyl-black-car-rust-proofing-400ml-areosol~5011867021188_01c_MP?wid=284&hei=284,,bnq
"Furniture Clinic Complete Leather Repair Kit, Black",26.95,https://media.diy.com/is/image/KingfisherDigital/furniture-clinic-complete-leather-repair-kit-black~5060202371600_01c_MP?wid=284&hei=284,,bnq
"Hammerite Waxoyl Black Car Rust Proofing Pressure Can, 2.5 Litres",39.90,https://media.diy.com/is/image/KingfisherDigital/hammerite-waxoyl-black-car-rust-proofing-pressure-can-2-5-litres~5011867021171_01c_MP?wid=284&hei=284,,bnq
Britannia Paints Driveway Paint Black 5 litres - Ideal for Tarmac & Concrete - Perfect for Both Driveways & Car Parks,42.50,https://media.diy.com/is/image/KingfisherDigital/britannia-paints-driveway-paint-black-5-litres-ideal-for-tarmac-concrete-perfect-for-both-driveways-car-parks~5060952080852_01c_MP?wid=284&hei=284,,bnq
SupaDec Artist Brush Set (12 Piece) Black (One Size),5.99,https://media.diy.com/is/image/KingfisherDigital/supadec-artist-brush-set-12-piece-black-one-size-~5059444688393_01c_MP?wid=284&hei=284,,bnq
Farrow & Ball Modern Emulsion Mixed Colour 294 Paean Black 5 Litre,98,https://media.diy.com/is/image/KingfisherDigital/farrow-ball-modern-emulsion-mixed-colour-294-paean-black-5-litre~5029496299458_01c_MP?wid=284&hei=284,,bnq
Farrow & Ball Estate Emulsion Mixed Colour 294 Paean Black 5 Litre,84.99,https://media.diy.com/is/image/KingfisherDigital/farrow-ball-estate-emulsion-mixed-colour-294-paean-black-5-litre~5029496889451_01c_MP?wid=284&hei=284,,bnq
"Ronseal One Coat White Matt Wall & ceiling Stain block primer, 2.5L",28,https://media.diy.com/is/image/Kingfisher/ronseal-one-coat-white-matt-wall-ceiling-stain-block-primer-2-5l~5010214869619_02c_bq?wid=284&hei=284,,bnq
The Scratch Doctor Leather Colour Coat Kit Black,15.95,https://media.diy.com/is/image/KingfisherDigital/the-scratch-doctor-leather-colour-coat-kit-black~5055438424527_01c_MP?wid=284&hei=284,,bnq
Farrow & Ball Dead Flat Mixed Colour 294 Paean Black 5 Litre,117.80,https://media.diy.com/is/image/KingfisherDigital/farrow-ball-dead-flat-mixed-colour-294-paean-black-5-litre~5029496022636_01c_MP?wid=284&hei=284,,bnq
The Scratch Doctor Leather Repair Kit Black,24.95,https://media.diy.com/is/image/KingfisherDigital/the-scratch-doctor-leather-repair-kit-black~5055438436759_01c_MP?wid=284&hei=284,,bnq
Scratch Doctor Black Enamel Metal Touch Up Paint 15ml,9.95,https://media.diy.com/is/image/KingfisherDigital/scratch-doctor-black-enamel-metal-touch-up-paint-15ml~5056487903049_01c_MP?wid=284&hei=284,,bnq
SupaDec Sanding Block Black (One Size),7.60,https://media.diy.com/is/image/KingfisherDigital/supadec-sanding-block-black-one-size-~5063107653048_01c_MP?wid=284&hei=284,,bnq
"Valspar Trade Knot Block White Matt Wood Primer, 2.5L",28,https://media.diy.com/is/image/Kingfisher/valspar-trade-knot-block-white-matt-wood-primer-2-5l~5055018189877_01c_bq?wid=284&hei=284,,bnq
"Dulux Trade Plus White Wall & ceiling Matt Stain block primer, 2.5L",54,https://media.diy.com/is/image/Kingfisher/dulux-trade-plus-white-wall-ceiling-matt-stain-block-primer-2-5l~5010212570494_02c_bq?wid=284&hei=284,,bnq
Superfresco Easy Moon & Back Peel & Stick Sample,1,https://media.diy.com/is/image/KingfisherDigital/superfresco-easy-moon-back-peel-stick-sample~5011583501834_01c_MP?wid=284&hei=284,,bnq
Superfresco Easy Up All Night Peel & Stick Sample,1,https://media.diy.com/is/image/KingfisherDigital/superfresco-easy-up-all-night-peel-stick-sample~5011583501803_01c_MP?wid=284&hei=284,,bnq
"Lint Remover Brush & Shoe Horn - Travel Size Accessory for Removing Fluff, Lint and Pet Hair - Measures L26 x W6cm",9.99,https://media.diy.com/is/image/KingfisherDigital/lint-remover-brush-shoe-horn-travel-size-accessory-for-removing-fluff-lint-and-pet-hair-measures-l26-x-w6cm~5053335767402_01c_MP?wid=284&hei=284,,bnq
Superfresco Easy Up To No Good Peel & Stick Sample,1,https://media.diy.com/is/image/KingfisherDigital/superfresco-easy-up-to-no-good-peel-stick-sample~5011583501797_01c_MP?wid=284&hei=284,,bnq
Superfresco Easy Every Cloud Peel & Stick Sample,1,https://media.diy.com/is/image/KingfisherDigital/superfresco-easy-every-cloud-peel-stick-sample~5011583501827_01c_MP?wid=284&hei=284,,bnq
Electric Lint Remover - Battery Powered Fluff Bobble and Fuzz Shaver For Clothes and Fabrics - Measures 14 x 8 x 14cm,17.95,https://media.diy.com/is/image/KingfisherDigital/electric-lint-remover-battery-powered-fluff-bobble-and-fuzz-shaver-for-clothes-and-fabrics-measures-14-x-8-x-14cm~5053335808969_01c_MP?wid=284&hei=284,,bnq
Dulux Trade Stain Block Primer White 5 Litres,100.54,https://media.diy.com/is/image/KingfisherDigital/dulux-trade-stain-block-primer-white-5-litres~5010212571118_01c_MP?wid=284&hei=284,,bnq
Smartseal- Patio Sealer (3x5L) Protect Concrete Precast Slabs against Black Spot - Stain Resistant - Concrete Sealant -MATT FINISH,119.95,https://media.diy.com/is/image/KingfisherDigital/smartseal-patio-sealer-3x5l-protect-concrete-precast-slabs-against-black-spot-stain-resistant-concrete-sealant-matt-finish~0660111276789_01c_MP?wid=284&hei=284,,bnq
Smartseal - Patio Sealer (5L) Protect Concrete Precast Slabs against Black Spot - Stain Resistant - Concrete Sealant - MATT FINISH,48.95,https://media.diy.com/is/image/KingfisherDigital/smartseal-patio-sealer-5l-protect-concrete-precast-slabs-against-black-spot-stain-resistant-concrete-sealant-matt-finish~0660111276765_01c_MP?wid=284&hei=284,,bnq
Smartseal- Patio Sealer (4x5L) Protect Concrete Precast Slabs against Black Spot - Stain Resistant - Concrete Sealant -MATT FINISH,144.95,https://media.diy.com/is/image/KingfisherDigital/smartseal-patio-sealer-4x5l-protect-concrete-precast-slabs-against-black-spot-stain-resistant-concrete-sealant-matt-finish~0660111276796_01c_MP?wid=284&hei=284,,bnq
Smartseal- Patio Sealer (2x5L) Protect Concrete Precast Slabs against Black Spot - Stain Resistant - Concrete Sealant -MATT FINISH,84.95,https://media.diy.com/is/image/KingfisherDigital/smartseal-patio-sealer-2x5l-protect-concrete-precast-slabs-against-black-spot-stain-resistant-concrete-sealant-matt-finish~0660111276772_01c_MP?wid=284&hei=284,,bnq
"Cuprinol Exterior Wood Preserver Black, 5 Litres",35.19,https://media.diy.com/is/image/KingfisherDigital/cuprinol-exterior-wood-preserver-black-5-litres~5010212545881_01c_MP?wid=284&hei=284,,bnq
Smartseal- Patio Sealer (25L) Protect Concrete Precast Slabs against Black Spot - Stain Resistant - Concrete Sealant -MATT FINISH,164.95,https://media.diy.com/is/image/KingfisherDigital/smartseal-patio-sealer-25l-protect-concrete-precast-slabs-against-black-spot-stain-resistant-concrete-sealant-matt-finish~0660111276802_01c_MP?wid=284&hei=284,,bnq
Sadolin 5028828 Superdec Opaque Wood Protection Black Satin 1 litre SAD5028828,27.20,https://media.diy.com/is/image/KingfisherDigital/sadolin-5028828-superdec-opaque-wood-protection-black-satin-1-litre-sad5028828~5721143137426_01c_MP?wid=284&hei=284,,bnq
Sadolin 5028830 Superdec Opaque Wood Protection Black Satin 5 litre SAD5028830,95,https://media.diy.com/is/image/KingfisherDigital/sadolin-5028830-superdec-opaque-wood-protection-black-satin-5-litre-sad5028830~5721143137440_01c_MP?wid=284&hei=284,,bnq
Sadolin 5028829 Superdec Opaque Wood Protection Black Satin 2.5 litre SAD5028829,51.80,https://media.diy.com/is/image/KingfisherDigital/sadolin-5028829-superdec-opaque-wood-protection-black-satin-2-5-litre-sad5028829~5721143137433_01c_MP?wid=284&hei=284,,bnq
Smartseal- Patio Sealer (150ml SAMPLE) Protect Precast Slabs against Black Spot - Stain Resistant - Concrete Sealant -MATT FINISH,7.95,https://media.diy.com/is/image/KingfisherDigital/smartseal-patio-sealer-150ml-sample-protect-precast-slabs-against-black-spot-stain-resistant-concrete-sealant-matt-finish~5061002782832_01c_MP?wid=284&hei=284,,bnq
Farrow & Ball Exterior Eggshell Mixed Colour 225 Bible Black 750ml,38.60,https://media.diy.com/is/image/KingfisherDigital/farrow-ball-exterior-eggshell-mixed-colour-225-bible-black-750ml~5051836207250_01c_MP?wid=284&hei=284,,bnq
Farrow & Ball Exterior Eggshell Mixed Colour 225 Bible Black 2.5 Litre,80.90,https://media.diy.com/is/image/KingfisherDigital/farrow-ball-exterior-eggshell-mixed-colour-225-bible-black-2-5-litre~5051836202255_01c_MP?wid=284&hei=284,,bnq
Farrow & Ball Estate Eggshell Mixed Colour 225 Bible Black 750ml,35.90,https://media.diy.com/is/image/KingfisherDigital/farrow-ball-estate-eggshell-mixed-colour-225-bible-black-750ml~5029496752571_01c_MP?wid=284&hei=284,,bnq
Farrow & Ball Estate Eggshell Mixed Colour 225 Bible Black 2.5 Litre,74.60,https://media.diy.com/is/image/KingfisherDigital/farrow-ball-estate-eggshell-mixed-colour-225-bible-black-2-5-litre~5029496752526_01c_MP?wid=284&hei=284,,bnq
Farrow & Ball Estate Eggshell Mixed Colour 225 Bible Black 5 Litre,117.80,https://media.diy.com/is/image/KingfisherDigital/farrow-ball-estate-eggshell-mixed-colour-225-bible-black-5-litre~5029496752557_01c_MP?wid=284&hei=284,,bnq
Farrow & Ball Modern Eggshell Mixed Colour 225 Bible Black 750ml,38.60,https://media.diy.com/is/image/KingfisherDigital/farrow-ball-modern-eggshell-mixed-colour-225-bible-black-750ml~5051836277253_01c_MP?wid=284&hei=284,,bnq
Farrow & Ball Modern Eggshell Mixed Colour 225 Bible Black 5 Litre,125,https://media.diy.com/is/image/KingfisherDigital/farrow-ball-modern-eggshell-mixed-colour-225-bible-black-5-litre~5051836275259_01c_MP?wid=284&hei=284,,bnq
Farrow & Ball Modern Eggshell Mixed Colour 225 Bible Black 2.5 Litre,80.90,https://media.diy.com/is/image/KingfisherDigital/farrow-ball-modern-eggshell-mixed-colour-225-bible-black-2-5-litre~5051836272258_01c_MP?wid=284&hei=284,,bnq
"15"" Heavy duty Large Black Roller Tray With Anti Skid Grip",13.99,https://media.diy.com/is/image/KingfisherDigital/15-heavy-duty-large-black-roller-tray-with-anti-skid-grip~5019200026838_01c_MP?wid=284&hei=284,,bnq
Farrow & Ball Modern Emulsion Mixed Colour 225 Bible Black 5 Litre,98,https://media.diy.com/is/image/KingfisherDigital/farrow-ball-modern-emulsion-mixed-colour-225-bible-black-5-litre~5029496292558_01c_MP?wid=284&hei=284,,bnq
Farrow & Ball Dead Flat Mixed Colour 225 Bible Black 5 Litre,117.80,https://media.diy.com/is/image/KingfisherDigital/farrow-ball-dead-flat-mixed-colour-225-bible-black-5-litre~5029496020311_01c_MP?wid=284&hei=284,,bnq
Farrow & Ball Estate Emulsion Mixed Colour 225 Bible Black 5 Litre,84.99,https://media.diy.com/is/image/KingfisherDigital/farrow-ball-estate-emulsion-mixed-colour-225-bible-black-5-litre~5029496882551_01c_MP?wid=284&hei=284,,bnq
Everbuild 90105 Black Jack 901 Black Bitumen Paint 5 litre EVB90105,32.89,https://media.diy.com/is/image/KingfisherDigital/everbuild-90105-black-jack-901-black-bitumen-paint-5-litre-evb90105~5029347009151_01c_MP?wid=284&hei=284,,bnq
Harris Essentials Gloss 4 Inch Mini Paint Roller Set (4 Piece) Black/White (One Size),10,https://media.diy.com/is/image/KingfisherDigital/harris-essentials-gloss-4-inch-mini-paint-roller-set-4-piece-black-white-one-size-~5059444575235_01c_MP?wid=284&hei=284,,bnq
SupaDec Masonry Paint Roller Set Black/Cream (10in),20.74,https://media.diy.com/is/image/KingfisherDigital/supadec-masonry-paint-roller-set-black-cream-10in-~5059699444812_01c_MP?wid=284&hei=284,,bnq
SupaDec Textured Paint Roller Black/Yellow (One Size),12.37,https://media.diy.com/is/image/KingfisherDigital/supadec-textured-paint-roller-black-yellow-one-size-~5059699444836_01c_MP?wid=284&hei=284,,bnq
Fine filament tip Block paint brush,6.75,https://media.diy.com/is/image/Kingfisher/fine-filament-tip-block-paint-brush~5059340015910_02c?wid=284&hei=284,,bnq
SupaDec DIY Paint Pad With Handle White/Black (15 x 10cm),9.87,https://media.diy.com/is/image/KingfisherDigital/supadec-diy-paint-pad-with-handle-white-black-15-x-10cm-~5059444095184_01c_MP?wid=284&hei=284,,bnq
"Scratch Doctor All In One Leather Colourant, Leather Dye, Leather Paint 250ml Black",15.95,https://media.diy.com/is/image/KingfisherDigital/scratch-doctor-all-in-one-leather-colourant-leather-dye-leather-paint-250ml-black~5055438402716_01c_MP?wid=284&hei=284,,bnq
"2Pcs Fence Paint Brushes, Block Brush Set, Decking Paint Brush, Shed and Fence Brush, Masonry Paint Brush",6.99,https://media.diy.com/is/image/KingfisherDigital/2pcs-fence-paint-brushes-block-brush-set-decking-paint-brush-shed-and-fence-brush-masonry-paint-brush~5056175945023_01c_MP?wid=284&hei=284,,bnq
Ronseal 30853 Thompson's Stain Block Damp Seal 250ml RSLTDS250,11.62,https://media.diy.com/is/image/KingfisherDigital/ronseal-30853-thompson-s-stain-block-damp-seal-250ml-rsltds250~5010214808533_01c_MP?wid=284&hei=284,,bnq
"GoodHome 4"" Fine filament tip Block paint brush",10,https://media.diy.com/is/image/Kingfisher/goodhome-4-fine-filament-tip-block-paint-brush~5059340015880_01c?wid=284&hei=284,,bnq
"GoodHome 6"" Fine filament tip Block paint brush",11,https://media.diy.com/is/image/Kingfisher/goodhome-6-fine-filament-tip-block-paint-brush~5059340015897_01c?wid=284&hei=284,,bnq
Johnstone's Quick Dry Gloss Black 750ml,21,https://media.diy.com/is/image/KingfisherDigital/johnstone-s-quick-dry-gloss-black-750ml~5010426813653_01c_MP?wid=284&hei=284,,bnq
Johnstone's Hardwearing Non Drip Gloss Black 750ml,21,https://media.diy.com/is/image/KingfisherDigital/johnstone-s-hardwearing-non-drip-gloss-black-750ml~5010426738994_01c_MP?wid=284&hei=284,,bnq
Leyland Trade Smooth Truguard Pliolite Black - 5L,58,https://media.diy.com/is/image/KingfisherDigital/leyland-trade-smooth-truguard-pliolite-black-5l~5010426629353_01c_MP?wid=284&hei=284,,bnq
Leyland Trade Smooth Truguard Black - 5L,45,https://media.diy.com/is/image/KingfisherDigital/leyland-trade-smooth-truguard-black-5l~5010426031002_01c_MP?wid=284&hei=284,,bnq
Ronseal 34577 Thompson's One Coat Stain Block Damp Seal 250ml RSLTOCDS250,13.58,https://media.diy.com/is/image/KingfisherDigital/ronseal-34577-thompson-s-one-coat-stain-block-damp-seal-250ml-rsltocds250~5010214845774_01c_MP?wid=284&hei=284,,bnq
Harris Seriously Good Masonry Paint Roller Set Black/Orange/Grey (One Size),15.35,https://media.diy.com/is/image/KingfisherDigital/harris-seriously-good-masonry-paint-roller-set-black-orange-grey-one-size-~5059958679764_01c_MP?wid=284&hei=284,,bnq
Harris Essentials Walls And Ceilings 9 Inch Paint Roller Set (4 Piece) Black/White (One Size),11.98,https://media.diy.com/is/image/KingfisherDigital/harris-essentials-walls-and-ceilings-9-inch-paint-roller-set-4-piece-black-white-one-size-~5059444575242_01c_MP?wid=284&hei=284,,bnq
SupaDec Foam Paint Roller Set Yellow/Black (255mm),15.12,https://media.diy.com/is/image/KingfisherDigital/supadec-foam-paint-roller-set-yellow-black-255mm-~5063107645463_01c_MP?wid=284&hei=284,,bnq
Harris Ultimate Wall And Ceiling Paint Roller Set Black/White (9 Inch),11.99,https://media.diy.com/is/image/KingfisherDigital/harris-ultimate-wall-and-ceiling-paint-roller-set-black-white-9-inch-~5059444312328_01c_MP?wid=284&hei=284,,bnq
SupaDec Mini Paint Roller Set (Pack of 11) Blue/Black (One Size),17.09,https://media.diy.com/is/image/KingfisherDigital/supadec-mini-paint-roller-set-pack-of-11-blue-black-one-size-~5063107070449_01c_MP?wid=284&hei=284,,bnq
SupaDec Paint Roller Set (Pack of 5) White/Black (One Size),15.35,https://media.diy.com/is/image/KingfisherDigital/supadec-paint-roller-set-pack-of-5-white-black-one-size-~5063107002525_01c_MP?wid=284&hei=284,,bnq
Harris Seriously Good Paint Roller And Frame White/Black (9in),17.68,https://media.diy.com/is/image/KingfisherDigital/harris-seriously-good-paint-roller-and-frame-white-black-9in-~5059958551831_01c_MP?wid=284&hei=284,,bnq
Harris Seriously Good Paint Roller Set (Pack Of 4) Black/White (9 Inch),17.13,https://media.diy.com/is/image/KingfisherDigital/harris-seriously-good-paint-roller-set-pack-of-4-black-white-9-inch-~5059444312311_01c_MP?wid=284&hei=284,,bnq
Harris Ultimate Wall And Ceiling Paint Roller Set Black/White (4 Inch),11.29,https://media.diy.com/is/image/KingfisherDigital/harris-ultimate-wall-and-ceiling-paint-roller-set-black-white-4-inch-~5059444312335_01c_MP?wid=284&hei=284,,bnq
Harris Essentials Paint Roller Set Black/White (9in),10.72,https://media.diy.com/is/image/KingfisherDigital/harris-essentials-paint-roller-set-black-white-9in-~5059444683220_01c_MP?wid=284&hei=284,,bnq
SupaDec Foam Paint Roller Set Orange/Black (4in),12.62,https://media.diy.com/is/image/KingfisherDigital/supadec-foam-paint-roller-set-orange-black-4in-~5059699444775_01c_MP?wid=284&hei=284,,bnq
SupaDec Cage Frame Paint Roller Black/Blue (9 x 1.7in),6.16,https://media.diy.com/is/image/KingfisherDigital/supadec-cage-frame-paint-roller-black-blue-9-x-1-7in-~5059444101953_01c_MP?wid=284&hei=284,,bnq
SupaDec Paint Roller Cream/Black/Blue (One Size),11.09,https://media.diy.com/is/image/KingfisherDigital/supadec-paint-roller-cream-black-blue-one-size-~5059699443532_01c_MP?wid=284&hei=284,,bnq
ProDec Trojan Paint Brush Set (Pack of 6) Beige/Black (One Size),18.47,https://media.diy.com/is/image/KingfisherDigital/prodec-trojan-paint-brush-set-pack-of-6-beige-black-one-size-~5059958551893_01c_MP?wid=284&hei=284,,bnq
"Scratch Doctor All In One Leather Colourant, Leather Dye, Leather Paint 1000ml Black",32.95,https://media.diy.com/is/image/KingfisherDigital/scratch-doctor-all-in-one-leather-colourant-leather-dye-leather-paint-1000ml-black~5055438402730_01c_MP?wid=284&hei=284,,bnq
"Scratch Doctor All In One Leather Colourant, Leather Dye, Leather Paint 500ml Black",22.95,https://media.diy.com/is/image/KingfisherDigital/scratch-doctor-all-in-one-leather-colourant-leather-dye-leather-paint-500ml-black~5055438402723_01c_MP?wid=284&hei=284,,bnq
Harris Seriously Good Woodwork Paint Brush Black/Grey (21mm),10.51,https://media.diy.com/is/image/KingfisherDigital/harris-seriously-good-woodwork-paint-brush-black-grey-21mm-~5059958726307_01c_MP?wid=284&hei=284,,bnq
4Pcs Fence Paint Brushes - Block Brush Set - Decking Paint Brush - Shed and Fence Brush - Masonry Paint Brush - Wallpaper Brush,11.49,https://media.diy.com/is/image/KingfisherDigital/4pcs-fence-paint-brushes-block-brush-set-decking-paint-brush-shed-and-fence-brush-masonry-paint-brush-wallpaper-brush~5056175983117_01c_MP?wid=284&hei=284,,bnq
151 Paint Nonslip Black Matt 180ml (Tin) - Pack of 2,8.99,https://media.diy.com/is/image/KingfisherDigital/151-paint-nonslip-black-matt-180ml-tin-pack-of-2~5060168466587_01c_MP?wid=284&hei=284,,bnq
151 Paint Matt Black 180ml (Tin) - Pack of 2,8.99,https://media.diy.com/is/image/KingfisherDigital/151-paint-matt-black-180ml-tin-pack-of-2~5060168466464_01c_MP?wid=284&hei=284,,bnq
151 Paint Nonslip Black Matt 180ml (Tin) - Pack of 4,12.99,https://media.diy.com/is/image/KingfisherDigital/151-paint-nonslip-black-matt-180ml-tin-pack-of-4~5060168466594_01c_MP?wid=284&hei=284,,bnq
SupaDec Decorator Flexible Jointer Paint Scraper Black/Grey (One Size),9.44,https://media.diy.com/is/image/KingfisherDigital/supadec-decorator-flexible-jointer-paint-scraper-black-grey-one-size-~5059444427701_01c_MP?wid=284&hei=284,,bnq
3 Piece Brick Breeze Block Paint Roller & Tray Set Rough Render Masonry Painting,20.49,https://media.diy.com/is/image/KingfisherDigital/3-piece-brick-breeze-block-paint-roller-tray-set-rough-render-masonry-painting~5056199829965_01c_MP?wid=284&hei=284,,bnq
151 Paint Matt Black 180ml (Tin) - Pack of 4,12.99,https://media.diy.com/is/image/KingfisherDigital/151-paint-matt-black-180ml-tin-pack-of-4~5060168466471_01c_MP?wid=284&hei=284,,bnq
Bedec Multi-Surface Paint Soft Black Satin - 750ml,29,https://media.diy.com/is/image/KingfisherDigital/bedec-multi-surface-paint-soft-black-satin-750ml~5055006703009_01c_MP?wid=284&hei=284,,bnq
SupaDec Softgrip Paint Roller Set White/Black/Blue (225mm),17.09,https://media.diy.com/is/image/KingfisherDigital/supadec-softgrip-paint-roller-set-white-black-blue-225mm-~5063107645425_01c_MP?wid=284&hei=284,,bnq
SupaDec Low Splatter Paint Roller Set Black/Yellow (7in),12.84,https://media.diy.com/is/image/KingfisherDigital/supadec-low-splatter-paint-roller-set-black-yellow-7in-~5059699444782_01c_MP?wid=284&hei=284,,bnq
SupaDec Decorator Paint Brush Set (Pack of 5) Brown/Black (One Size),17.57,https://media.diy.com/is/image/KingfisherDigital/supadec-decorator-paint-brush-set-pack-of-5-brown-black-one-size-~5059699445154_01c_MP?wid=284&hei=284,,bnq
SupaDec Paint Roller Set Yellow/Black (One Size),9.95,https://media.diy.com/is/image/KingfisherDigital/supadec-paint-roller-set-yellow-black-one-size-~5059699444768_01c_MP?wid=284&hei=284,,bnq
SupaDec No Bristle Loss Paint Brush Blue/Black (62mm),9.43,https://media.diy.com/is/image/KingfisherDigital/supadec-no-bristle-loss-paint-brush-blue-black-62mm-~5063107626295_01c_MP?wid=284&hei=284,,bnq
Fine filament tip Block paint brush,7.50,https://media.diy.com/is/image/Kingfisher/fine-filament-tip-block-paint-brush~5059340015903_02c?wid=284&hei=284,,bnq
Meguiars Black Small Kit Bag Paint Work Protection Clay Bar + 3 in 1 Wax Polish,88.34,https://media.diy.com/is/image/KingfisherDigital/meguiars-black-small-kit-bag-paint-work-protection-clay-bar-3-in-1-wax-polish~5055995572075_01c_MP?wid=284&hei=284,,bnq
Harris Seriously Good Walls and Ceilings 7 Inch Roller Set Black/White (One Size),12.30,https://media.diy.com/is/image/KingfisherDigital/harris-seriously-good-walls-and-ceilings-7-inch-roller-set-black-white-one-size-~5059444427718_01c_MP?wid=284&hei=284,,bnq
ProDec Advance Microfibre Medium Pile Mini Rollers (Pack Of 10) White/Black (Pack Of 10),11.99,https://media.diy.com/is/image/KingfisherDigital/prodec-advance-microfibre-medium-pile-mini-rollers-pack-of-10-white-black-pack-of-10-~5059444084652_01c_MP?wid=284&hei=284,,bnq
Harris Seriously Good Wall and Ceiling 4 Inch Roller Set Black/White (One Size),10.40,https://media.diy.com/is/image/KingfisherDigital/harris-seriously-good-wall-and-ceiling-4-inch-roller-set-black-white-one-size-~5059444427695_01c_MP?wid=284&hei=284,,bnq
Dulux Trade Weathershield Gloss Black 5 Litres,120.55,https://media.diy.com/is/image/KingfisherDigital/dulux-trade-weathershield-gloss-black-5-litres~5010212569405_01c_MP?wid=284&hei=284,,bnq
Dulux Trade Weathershield Gloss Black 2.5 Litres,74.84,https://media.diy.com/is/image/KingfisherDigital/dulux-trade-weathershield-gloss-black-2-5-litres~5010212569306_01c_MP?wid=284&hei=284,,bnq
Zinsser AllCoat (Water Based) Exterior Gloss Black 2.5 Litres,52.18,https://media.diy.com/is/image/KingfisherDigital/zinsser-allcoat-water-based-exterior-gloss-black-2-5-litres~5037898612478_01c_MP?wid=284&hei=284,,bnq
Zinsser AllCoat (Water Based) Exterior Satin Black 2.5 Litres,49.11,https://media.diy.com/is/image/KingfisherDigital/zinsser-allcoat-water-based-exterior-satin-black-2-5-litres~5037898612164_01c_MP?wid=284&hei=284,,bnq
Zinsser AllCoat (Solvent Based) Exterior Satin Black 1 Litres,27.18,https://media.diy.com/is/image/KingfisherDigital/zinsser-allcoat-solvent-based-exterior-satin-black-1-litres~5037898614229_01c_MP?wid=284&hei=284,,bnq
Zinsser AllCoat (Water Based) Exterior Matt Black 1 Litre,22.19,https://media.diy.com/is/image/KingfisherDigital/zinsser-allcoat-water-based-exterior-matt-black-1-litre~5037898614328_01c_MP?wid=284&hei=284,,bnq
SupaDec Sandpaper (Pack of 30) Blue/Black (280mm x 230mm),16.35,https://media.diy.com/is/image/KingfisherDigital/supadec-sandpaper-pack-of-30-blue-black-280mm-x-230mm-~5063107663580_01c_MP?wid=284&hei=284,,bnq
Zinsser AllCoat (Water Based) Exterior Gloss Black 5 Litres,93.59,https://media.diy.com/is/image/KingfisherDigital/zinsser-allcoat-water-based-exterior-gloss-black-5-litres~5037898612553_01c_MP?wid=284&hei=284,,bnq
Dulux Trade Weathershield Quick Dry Opaque Black 2.5 Litres,57.74,https://media.diy.com/is/image/KingfisherDigital/dulux-trade-weathershield-quick-dry-opaque-black-2-5-litres~5010212481509_01c_MP?wid=284&hei=284,,bnq
Dulux Trade Vinyl Matt Black 5 Litres,64.01,https://media.diy.com/is/image/KingfisherDigital/dulux-trade-vinyl-matt-black-5-litres~5010212010037_01c_MP?wid=284&hei=284,,bnq
Zinsser AllCoat (Water Based) Exterior Gloss Black 1 Litre,24.30,https://media.diy.com/is/image/KingfisherDigital/zinsser-allcoat-water-based-exterior-gloss-black-1-litre~5037898612461_01c_MP?wid=284&hei=284,,bnq
Zinsser AllCoat (Solvent Based) Exterior Gloss Black 2.5 Litres,78,https://media.diy.com/is/image/KingfisherDigital/zinsser-allcoat-solvent-based-exterior-gloss-black-2-5-litres~5037898614540_01c_MP?wid=284&hei=284,,bnq
Zinsser AllCoat (Water Based) Exterior Matt Black 2.5 Litres,49.12,https://media.diy.com/is/image/KingfisherDigital/zinsser-allcoat-water-based-exterior-matt-black-2-5-litres~5037898614168_01c_MP?wid=284&hei=284,,bnq
Zinsser AllCoat (Solvent Based) Exterior Gloss Black 1 Litre,34.20,https://media.diy.com/is/image/KingfisherDigital/zinsser-allcoat-solvent-based-exterior-gloss-black-1-litre~5037898614533_01c_MP?wid=284&hei=284,,bnq
Dulux Trade Vinyl Matt Black 2.5 Litres,40.93,https://media.diy.com/is/image/KingfisherDigital/dulux-trade-vinyl-matt-black-2-5-litres~5010212101988_01c_MP?wid=284&hei=284,,bnq
Farrow & Ball Modern Eggshell Mixed Colour 256 Pitch Black 5 Litre,125,https://media.diy.com/is/image/KingfisherDigital/farrow-ball-modern-eggshell-mixed-colour-256-pitch-black-5-litre~5051836275563_01c_MP?wid=284&hei=284,,bnq
Zinsser All Weather Masonry 5 Litres Black,80.37,https://media.diy.com/is/image/KingfisherDigital/zinsser-all-weather-masonry-5-litres-black~5037898614649_01c_MP?wid=284&hei=284,,bnq
Farrow & Ball Exterior Eggshell Mixed Colour 256 Pitch Black 2.5 Litre,80.90,https://media.diy.com/is/image/KingfisherDigital/farrow-ball-exterior-eggshell-mixed-colour-256-pitch-black-2-5-litre~5051836202569_01c_MP?wid=284&hei=284,,bnq
Farrow & Ball Exterior Eggshell Mixed Colour 57 Off Black 750ml,38.60,https://media.diy.com/is/image/KingfisherDigital/farrow-ball-exterior-eggshell-mixed-colour-57-off-black-750ml~5051836227579_01c_MP?wid=284&hei=284,,bnq
Zinsser AllCoat (Solvent Based) Exterior Satin Black 2.5 Litres,56.50,https://media.diy.com/is/image/KingfisherDigital/zinsser-allcoat-solvent-based-exterior-satin-black-2-5-litres~5037898614236_01c_MP?wid=284&hei=284,,bnq
Dulux Trade Metalshield Satin Black / 5 Litre,125.25,https://media.diy.com/is/image/KingfisherDigital/dulux-trade-metalshield-satin-black-5-litre~5010212572498_01c_MP?wid=284&hei=284,,bnq
Dulux Trade Metalshield Gloss Black 5 Litre,125.25,https://media.diy.com/is/image/KingfisherDigital/dulux-trade-metalshield-gloss-black-5-litre~5010212570999_01c_MP?wid=284&hei=284,,bnq
Dulux Trade Metalshield Gloss Black 2.5 Litre,77.65,https://media.diy.com/is/image/KingfisherDigital/dulux-trade-metalshield-gloss-black-2-5-litre~5010212570425_01c_MP?wid=284&hei=284,,bnq
Farrow & Ball Exterior Eggshell Mixed Colour 256 Pitch Black 750ml,38.60,https://media.diy.com/is/image/KingfisherDigital/farrow-ball-exterior-eggshell-mixed-colour-256-pitch-black-750ml~5051836207564_01c_MP?wid=284&hei=284,,bnq
Farrow & Ball Exterior Eggshell Mixed Colour 57 Off Black 2.5 Litre,80.90,https://media.diy.com/is/image/KingfisherDigital/farrow-ball-exterior-eggshell-mixed-colour-57-off-black-2-5-litre~5051836222574_01c_MP?wid=284&hei=284,,bnq
Dulux Trade Metalshield Satin Black 2.5 Litres,77.65,https://media.diy.com/is/image/KingfisherDigital/dulux-trade-metalshield-satin-black-2-5-litres~5010212572481_01c_MP?wid=284&hei=284,,bnq
Farrow & Ball Estate Eggshell Mixed Colour 256 Pitch Black 5 Litre,117.80,https://media.diy.com/is/image/KingfisherDigital/farrow-ball-estate-eggshell-mixed-colour-256-pitch-black-5-litre~5029496755657_01c_MP?wid=284&hei=284,,bnq
Zinsser AllCoat (Water Based) Exterior Satin Black 5 Litres,87.29,https://media.diy.com/is/image/KingfisherDigital/zinsser-allcoat-water-based-exterior-satin-black-5-litres~5037898612157_01c_MP?wid=284&hei=284,,bnq
Farrow & Ball Estate Eggshell Mixed Colour 57 Off Black 5 Litre,117.80,https://media.diy.com/is/image/KingfisherDigital/farrow-ball-estate-eggshell-mixed-colour-57-off-black-5-litre~5029496735758_01c_MP?wid=284&hei=284,,bnq
Farrow & Ball Modern Eggshell Mixed Colour 57 Off Black 5 Litre,125,https://media.diy.com/is/image/KingfisherDigital/farrow-ball-modern-eggshell-mixed-colour-57-off-black-5-litre~5051836295578_01c_MP?wid=284&hei=284,,bnq
Elle Decoration Flat Matt Black Glass 194 2.5Ltr,34,https://media.diy.com/is/image/KingfisherDigital/elle-decoration-flat-matt-black-glass-194-2-5ltr~5010131577239_01c_MP?wid=284&hei=284,,bnq
Farrow & Ball Modern Emulsion Mixed Colour 95 Black Blue 5 Litre,98,https://media.diy.com/is/image/KingfisherDigital/farrow-ball-modern-emulsion-mixed-colour-95-black-blue-5-litre~5029496279559_01c_MP?wid=284&hei=284,,bnq
Farrow & Ball Estate Emulsion Mixed Colour 95 Black Blue 5 Litre,84.99,https://media.diy.com/is/image/KingfisherDigital/farrow-ball-estate-emulsion-mixed-colour-95-black-blue-5-litre~5029496029550_01c_MP?wid=284&hei=284,,bnq
Farrow & Ball Exterior Eggshell Mixed Colour 95 Black Blue 750ml,38.60,https://media.diy.com/is/image/KingfisherDigital/farrow-ball-exterior-eggshell-mixed-colour-95-black-blue-750ml~5051836227951_01c_MP?wid=284&hei=284,,bnq
Farrow & Ball Exterior Eggshell Mixed Colour 95 Black Blue 2.5 Litre,80.90,https://media.diy.com/is/image/KingfisherDigital/farrow-ball-exterior-eggshell-mixed-colour-95-black-blue-2-5-litre~5051836222956_01c_MP?wid=284&hei=284,,bnq
SupaHome Lint Roller White/Black (One Size),7.42,https://media.diy.com/is/image/KingfisherDigital/supahome-lint-roller-white-black-one-size-~5059699443587_01c_MP?wid=284&hei=284,,bnq
Farrow & Ball Exterior Eggshell Mixed Colour 294 Paean Black 750ml,38.60,https://media.diy.com/is/image/KingfisherDigital/farrow-ball-exterior-eggshell-mixed-colour-294-paean-black-750ml~5051836207946_01c_MP?wid=284&hei=284,,bnq
Farrow & Ball Estate Eggshell Mixed Colour 95 Black Blue 750ml,35.90,https://media.diy.com/is/image/KingfisherDigital/farrow-ball-estate-eggshell-mixed-colour-95-black-blue-750ml~5029496739572_01c_MP?wid=284&hei=284,,bnq
115mm Large Block Brush Big Painting Decorating Paste Tool Hanging Clip Hole,12.49,https://media.diy.com/is/image/KingfisherDigital/115mm-large-block-brush-big-painting-decorating-paste-tool-hanging-clip-hole~5055538159855_01c_MP?wid=284&hei=284,,bnq
Farrow & Ball Exterior Eggshell Mixed Colour 294 Paean Black 2.5 Litre,80.90,https://media.diy.com/is/image/KingfisherDigital/farrow-ball-exterior-eggshell-mixed-colour-294-paean-black-2-5-litre~5051836202941_01c_MP?wid=284&hei=284,,bnq
Farrow & Ball Estate Eggshell Mixed Colour 294 Paean Black 5 Litre,117.80,https://media.diy.com/is/image/KingfisherDigital/farrow-ball-estate-eggshell-mixed-colour-294-paean-black-5-litre~5029496759457_01c_MP?wid=284&hei=284,,bnq
Farrow & Ball Modern Eggshell Mixed Colour 294 Paean Black 2.5 Litre,80.90,https://media.diy.com/is/image/KingfisherDigital/farrow-ball-modern-eggshell-mixed-colour-294-paean-black-2-5-litre~5051836272944_01c_MP?wid=284&hei=284,,bnq
Farrow & Ball Modern Eggshell Mixed Colour 294 Paean Black 5 Litre,125,https://media.diy.com/is/image/KingfisherDigital/farrow-ball-modern-eggshell-mixed-colour-294-paean-black-5-litre~5051836275945_01c_MP?wid=284&hei=284,,bnq
Farrow & Ball Modern Eggshell Mixed Colour 95 Black Blue 750ml,38.60,https://media.diy.com/is/image/KingfisherDigital/farrow-ball-modern-eggshell-mixed-colour-95-black-blue-750ml~5051836297954_01c_MP?wid=284&hei=284,,bnq
Farrow & Ball Modern Eggshell Mixed Colour 95 Black Blue 5 Litre,125,https://media.diy.com/is/image/KingfisherDigital/farrow-ball-modern-eggshell-mixed-colour-95-black-blue-5-litre~5051836295950_01c_MP?wid=284&hei=284,,bnq
Farrow & Ball Dead Flat Mixed Colour 95 Black Blue 5 Litre,117.80,https://media.diy.com/is/image/KingfisherDigital/farrow-ball-dead-flat-mixed-colour-95-black-blue-5-litre~5029496022063_01c_MP?wid=284&hei=284,,bnq
Farrow & Ball Estate Eggshell Mixed Colour 95 Black Blue 2.5 Litre,74.60,https://media.diy.com/is/image/KingfisherDigital/farrow-ball-estate-eggshell-mixed-colour-95-black-blue-2-5-litre~5029496739527_01c_MP?wid=284&hei=284,,bnq
SupaDec Brush Set (5 Pack) Black/Beige (One Size),8.24,https://media.diy.com/is/image/KingfisherDigital/supadec-brush-set-5-pack-black-beige-one-size-~5059444867316_01c_MP?wid=284&hei=284,,bnq
Farrow & Ball Estate Eggshell Mixed Colour 95 Black Blue 5 Litre,117.80,https://media.diy.com/is/image/KingfisherDigital/farrow-ball-estate-eggshell-mixed-colour-95-black-blue-5-litre~5029496739558_01c_MP?wid=284&hei=284,,bnq
Smartseal - Eco-Friendly Block Paving Sealer (5L) - Solvent-Free - Durable Sand Hardener & Weed Inhibitor - Block Paving Sealant,36.95,https://media.diy.com/is/image/KingfisherDigital/smartseal-eco-friendly-block-paving-sealer-5l-solvent-free-durable-sand-hardener-weed-inhibitor-block-paving-sealant~0660111276727_01c_MP?wid=284&hei=284,,bnq
Smartseal - Eco-Friendly Block Paving Sealer (25L) - Solvent-Free - Durable Sand Hardener & Weed Inhibitor - Block Paving Sealant,114.95,https://media.diy.com/is/image/KingfisherDigital/smartseal-eco-friendly-block-paving-sealer-25l-solvent-free-durable-sand-hardener-weed-inhibitor-block-paving-sealant~0660111276758_01c_MP?wid=284&hei=284,,bnq
Farrow & Ball Modern Eggshell Mixed Colour 95 Black Blue 2.5 Litre,80.90,https://media.diy.com/is/image/KingfisherDigital/farrow-ball-modern-eggshell-mixed-colour-95-black-blue-2-5-litre~5051836292959_01c_MP?wid=284&hei=284,,bnq
SupaDec Roller Frame Black (9in),8.45,https://media.diy.com/is/image/KingfisherDigital/supadec-roller-frame-black-9in-~5059444093791_01c_MP?wid=284&hei=284,,bnq
Smartseal - Block Paving Sealer (4x5L) - MATT Finish - Strong Sand Hardener & Weed Inhibitor for a MATT Look on Driveways & Patios,144.95,https://media.diy.com/is/image/KingfisherDigital/smartseal-block-paving-sealer-4x5l-matt-finish-strong-sand-hardener-weed-inhibitor-for-a-matt-look-on-driveways-patios~0660111275232_01c_MP?wid=284&hei=284,,bnq
Smartseal - Eco-Friendly Block Paving Sealer (2x5L) - Solvent-Free - Durable Sand Hardener & Weed Inhibitor - Block Paving Sealant,59.95,https://media.diy.com/is/image/KingfisherDigital/smartseal-eco-friendly-block-paving-sealer-2x5l-solvent-free-durable-sand-hardener-weed-inhibitor-block-paving-sealant~0660111276734_01c_MP?wid=284&hei=284,,bnq
Smartseal - Block Paving DIY Bundle - Transform & Protect Driveway - Block Paving Sealer MATT - (1 car 30m2 Drive & Patio Sealant),224.95,https://media.diy.com/is/image/KingfisherDigital/smartseal-block-paving-diy-bundle-transform-protect-driveway-block-paving-sealer-matt-1-car-30m2-drive-patio-sealant-~0660111275669_01c_MP?wid=284&hei=284,,bnq
Smartseal - Block Paving Sealer (5L) - MATT Finish - Strong Sand Hardener & Weed Inhibitor for a MATT Look on Driveways & Patios,48.95,https://media.diy.com/is/image/KingfisherDigital/smartseal-block-paving-sealer-5l-matt-finish-strong-sand-hardener-weed-inhibitor-for-a-matt-look-on-driveways-patios~0660111275201_01c_MP?wid=284&hei=284,,bnq
Smartseal - Block Paving Sealer (25L) - SILK Finish - Strong Sand Hardener & Weed Inhibitor for a WET Look on Driveways & Patios,164.95,https://media.diy.com/is/image/KingfisherDigital/smartseal-block-paving-sealer-25l-silk-finish-strong-sand-hardener-weed-inhibitor-for-a-wet-look-on-driveways-patios~0660111275799_01c_MP?wid=284&hei=284,,bnq
Smartseal - Block Paving Sealer (2x5L) - SILK Finish - Strong Sand Hardener & Weed Inhibitor for a WET Look on Driveways & Patios,84.95,https://media.diy.com/is/image/KingfisherDigital/smartseal-block-paving-sealer-2x5l-silk-finish-strong-sand-hardener-weed-inhibitor-for-a-wet-look-on-driveways-patios~0660111275768_01c_MP?wid=284&hei=284,,bnq
Smartseal - Block Paving Sealer (2x5L) - MATT Finish - Strong Sand Hardener & Weed Inhibitor for a MATT Look on Driveways & Patios,84.95,https://media.diy.com/is/image/KingfisherDigital/smartseal-block-paving-sealer-2x5l-matt-finish-strong-sand-hardener-weed-inhibitor-for-a-matt-look-on-driveways-patios~0660111275218_01c_MP?wid=284&hei=284,,bnq
Smartseal - Block Paving Sealer (5L) - SILK Finish - Strong Sand Hardener & Weed Inhibitor for a WET Look on Driveways & Patios,48.95,https://media.diy.com/is/image/KingfisherDigital/smartseal-block-paving-sealer-5l-silk-finish-strong-sand-hardener-weed-inhibitor-for-a-wet-look-on-driveways-patios~0660111275553_01c_MP?wid=284&hei=284,,bnq
"Silverline - Block Brush - 115mm / 4-1/2""",8.39,https://media.diy.com/is/image/KingfisherDigital/silverline-block-brush-115mm-4-1-2-~5055058121301_01c_MP?wid=284&hei=284,,bnq
Smartseal - Eco-Friendly Block Paving Sealer (3x5L) - Solvent-Free - Durable Sand Hardener & Weed Inhibitor - Block Paving Sealant,84.95,https://media.diy.com/is/image/KingfisherDigital/smartseal-eco-friendly-block-paving-sealer-3x5l-solvent-free-durable-sand-hardener-weed-inhibitor-block-paving-sealant~0660111276741_01c_MP?wid=284&hei=284,,bnq
Smartseal - Block Paving DIY Bundle - Transform & Protect Driveway - Block Paving Sealer MATT - (2 car 60m2 Drive & Patio Sealant),365,https://media.diy.com/is/image/KingfisherDigital/smartseal-block-paving-diy-bundle-transform-protect-driveway-block-paving-sealer-matt-2-car-60m2-drive-patio-sealant-~0660111275676_01c_MP?wid=284&hei=284,,bnq
Smartseal - Block Paving DIY Bundle - Transform & Protect Driveway - Block Paving Sealer MATT - (4 car 90m2 Drive & Patio Sealant),509.95,https://media.diy.com/is/image/KingfisherDigital/smartseal-block-paving-diy-bundle-transform-protect-driveway-block-paving-sealer-matt-4-car-90m2-drive-patio-sealant-~0660111275683_01c_MP?wid=284&hei=284,,bnq
Smartseal - Eco-Friendly Block Paving Sealer (100ml SAMPLE) - Solvent-Free - Sand Hardener & Weed Inhibitor - Block Paving Sealant,5.95,https://media.diy.com/is/image/KingfisherDigital/smartseal-eco-friendly-block-paving-sealer-100ml-sample-solvent-free-sand-hardener-weed-inhibitor-block-paving-sealant~5061002782849_01c_MP?wid=284&hei=284,,bnq
Smartseal - Block Paving Sealer (25L) - MATT Finish - Strong Sand Hardener & Weed Inhibitor for a MATT Look on Driveways & Patios,164.95,https://media.diy.com/is/image/KingfisherDigital/smartseal-block-paving-sealer-25l-matt-finish-strong-sand-hardener-weed-inhibitor-for-a-matt-look-on-driveways-patios~0660111275249_01c_MP?wid=284&hei=284,,bnq
Britannia Paints Block Paving Sealer Clear 5 litres - Protects & Enhances Patios & Pathways,33,https://media.diy.com/is/image/KingfisherDigital/britannia-paints-block-paving-sealer-clear-5-litres-protects-enhances-patios-pathways~5060952080753_01c_MP?wid=284&hei=284,,bnq
Britannia Paints Block Paving Sealer Clear 20 litres - Protects & Enhances Patios & Pathways,105,https://media.diy.com/is/image/KingfisherDigital/britannia-paints-block-paving-sealer-clear-20-litres-protects-enhances-patios-pathways~5060952080746_01c_MP?wid=284&hei=284,,bnq
Thompsons 750ml Stain Blocking Damp Seal White,19.97,https://media.diy.com/is/image/KingfisherDigital/thompsons-750ml-stain-blocking-damp-seal-white~5010214803231_01c_MP?wid=284&hei=284,,bnq
Smartseal - Block Paving Sealer (3x5L) - SILK Finish - Strong Sand Hardener & Weed Inhibitor for a WET Look on Driveways & Patios,119.95,https://media.diy.com/is/image/KingfisherDigital/smartseal-block-paving-sealer-3x5l-silk-finish-strong-sand-hardener-weed-inhibitor-for-a-wet-look-on-driveways-patios~0660111275775_01c_MP?wid=284&hei=284,,bnq
Norton Oakey Extreme Angled Sanding Block Green (Co),8.15,https://media.diy.com/is/image/KingfisherDigital/norton-oakey-extreme-angled-sanding-block-green-co-~5059444338830_01c_MP?wid=284&hei=284,,bnq
Smartseal - Block Paving Sealer (3x5L) - MATT Finish - Strong Sand Hardener & Weed Inhibitor for a MATT Look on Driveways & Patios,119.95,https://media.diy.com/is/image/KingfisherDigital/smartseal-block-paving-sealer-3x5l-matt-finish-strong-sand-hardener-weed-inhibitor-for-a-matt-look-on-driveways-patios~0660111275225_01c_MP?wid=284&hei=284,,bnq
Smartseal - Block Paving Sealer (4x5L) - SILK Finish - Strong Sand Hardener & Weed Inhibitor for a WET Look on Driveways & Patios,144.95,https://media.diy.com/is/image/KingfisherDigital/smartseal-block-paving-sealer-4x5l-silk-finish-strong-sand-hardener-weed-inhibitor-for-a-wet-look-on-driveways-patios~0660111275782_01c_MP?wid=284&hei=284,,bnq
Smartseal - Sealer Repair Fluid (3x5L) Removes Flaking and Surface Whiteness from Imprinted Concrete & Block Paving,97.95,https://media.diy.com/is/image/KingfisherDigital/smartseal-sealer-repair-fluid-3x5l-removes-flaking-and-surface-whiteness-from-imprinted-concrete-block-paving~5061002782382_01c_MP?wid=284&hei=284,,bnq
Smartseal - Sealer Repair Fluid (5L) Removes Flaking and Surface Whiteness from Imprinted Concrete & Block Paving,39.95,https://media.diy.com/is/image/KingfisherDigital/smartseal-sealer-repair-fluid-5l-removes-flaking-and-surface-whiteness-from-imprinted-concrete-block-paving~5061002782368_01c_MP?wid=284&hei=284,,bnq
Smartseal - Sealer Repair Fluid (25L) Removes Flaking and Surface Whiteness from Imprinted Concrete & Block Paving,129.95,https://media.diy.com/is/image/KingfisherDigital/smartseal-sealer-repair-fluid-25l-removes-flaking-and-surface-whiteness-from-imprinted-concrete-block-paving~5061002782399_01c_MP?wid=284&hei=284,,bnq
Smartseal - Sealer Repair Fluid (2x5L) Removes Flaking and Surface Whiteness from Imprinted Concrete & Block Paving,72.95,https://media.diy.com/is/image/KingfisherDigital/smartseal-sealer-repair-fluid-2x5l-removes-flaking-and-surface-whiteness-from-imprinted-concrete-block-paving~5061002782375_01c_MP?wid=284&hei=284,,bnq
"Stencil It Block Daisy Reusable Tile Stencil for Walls, Floors, Patio and Furniture 45cm(L) 45cm(W)",23,https://media.diy.com/is/image/KingfisherDigital/stencil-it-block-daisy-reusable-tile-stencil-for-walls-floors-patio-and-furniture-45cm-l-45cm-w-~5056525316619_01c_MP?wid=284&hei=284,,bnq
Smartseal - Sealer Repair Fluid (150ml SAMPLE) Removes Flaking and Surface Whiteness from Imprinted Concrete & Block Paving,5.95,https://media.diy.com/is/image/KingfisherDigital/smartseal-sealer-repair-fluid-150ml-sample-removes-flaking-and-surface-whiteness-from-imprinted-concrete-block-paving~5061002782405_01c_MP?wid=284&hei=284,,bnq
"Stencil It Block Daisy Reusable Tile Stencil for Walls, Floors, Patio and Furniture 30cm(L) 30cm(W)",16,https://media.diy.com/is/image/KingfisherDigital/stencil-it-block-daisy-reusable-tile-stencil-for-walls-floors-patio-and-furniture-30cm-l-30cm-w-~5056525316602_01c_MP?wid=284&hei=284,,bnq
Smartseal - Block Paving Sealer (150ml SAMPLE) - SILK - Strong Sand Hardener & Weed Inhibitor for a WET Look on Driveways & Patios,7.95,https://media.diy.com/is/image/KingfisherDigital/smartseal-block-paving-sealer-150ml-sample-silk-strong-sand-hardener-weed-inhibitor-for-a-wet-look-on-driveways-patios~5061002782702_01c_MP?wid=284&hei=284,,bnq
Smartseal - Block Paving Sealer (150ml SAMPLE) - MATT Finish - Strong Sand Hardener & Weed Inhibitor for Driveways & Patios,7.95,https://media.diy.com/is/image/KingfisherDigital/smartseal-block-paving-sealer-150ml-sample-matt-finish-strong-sand-hardener-weed-inhibitor-for-driveways-patios~5061002782696_01c_MP?wid=284&hei=284,,bnq
230mm Paper Paste Brush Block Painting Decorating Flat tool Hanging Clip Hole,9.99,https://media.diy.com/is/image/KingfisherDigital/230mm-paper-paste-brush-block-painting-decorating-flat-tool-hanging-clip-hole~5055538169878_01c_MP?wid=284&hei=284,,bnq
"Stencil It Block Daisy Reusable Tile Stencil for Walls, Floors, Patio and Furniture 60cm(L) 60cm(W)",30,https://media.diy.com/is/image/KingfisherDigital/stencil-it-block-daisy-reusable-tile-stencil-for-walls-floors-patio-and-furniture-60cm-l-60cm-w-~5056525316626_01c_MP?wid=284&hei=284,,bnq
"Dekton 4"" Multipurpose Block Brush Pro",6.62,https://media.diy.com/is/image/KingfisherDigital/dekton-4-multipurpose-block-brush-pro~5055441439587_01c_MP?wid=284&hei=284,,bnq
"Draper Block Brush, 115mm 82518",14.52,https://media.diy.com/is/image/KingfisherDigital/draper-block-brush-115mm-82518~5010559825189_01c_MP?wid=284&hei=284,,bnq
"Farrow & Ball Modern Paean black No.294 Matt Emulsion paint, 2.5L",59,https://media.diy.com/is/image/Kingfisher/farrow-ball-modern-paean-black-no-294-matt-emulsion-paint-2-5l~5029496299427_02c_bq?wid=284&hei=284,,bnq
"Farrow & Ball Estate Pitch Black No.256 Eggshell Paint, 2.5L",70,https://media.diy.com/is/image/Kingfisher/farrow-ball-estate-pitch-black-no-256-eggshell-paint-2-5l~5029496755626_02c_bq?wid=284&hei=284,,bnq
"Farrow & Ball Estate Pitch Black No.256 Eggshell Paint, 750ml",29,https://media.diy.com/is/image/Kingfisher/farrow-ball-estate-pitch-black-no-256-eggshell-paint-750ml~5029496755671_02c_bq?wid=284&hei=284,,bnq
"Farrow & Ball Estate Paean black No.294 Eggshell Paint, 750ml",29,https://media.diy.com/is/image/Kingfisher/farrow-ball-estate-paean-black-no-294-eggshell-paint-750ml~5029496759471_02c_bq?wid=284&hei=284,,bnq
"Farrow & Ball Modern Paean Black No.294 Eggshell Paint, 750ml",33,https://media.diy.com/is/image/Kingfisher/farrow-ball-modern-paean-black-no-294-eggshell-paint-750ml~5051836277949_02c_bq?wid=284&hei=284,,bnq
"Farrow & Ball Modern Off-Black No.57 Matt Emulsion paint, 2.5L",56,https://media.diy.com/is/image/Kingfisher/farrow-ball-modern-off-black-no-57-matt-emulsion-paint-2-5l~5029496275728_02c_bq?wid=284&hei=284,,bnq
Luminosa Carrara Table Lamp Satin Black Paint & Black Fabric,95.04,https://media.diy.com/is/image/KingfisherDigital/luminosa-carrara-table-lamp-satin-black-paint-black-fabric~5056013654537_01c_MP?wid=284&hei=284,,bnq
"Luminosa Lecce Complete Table Lamp, Glass, Matt Black Paint With Black Cotton Fabric",188.30,https://media.diy.com/is/image/KingfisherDigital/luminosa-lecce-complete-table-lamp-glass-matt-black-paint-with-black-cotton-fabric~5056013677284_01c_MP?wid=284&hei=284,,bnq
Luminosa LALO LED Bathroom Recessed Fixed Clear Acrylic & Matt Black Paint 3000K IP44,31.89,https://media.diy.com/is/image/KingfisherDigital/luminosa-lalo-led-bathroom-recessed-fixed-clear-acrylic-matt-black-paint-3000k-ip44~5017588995579_01c_MP?wid=284&hei=284,,bnq
"Luminosa Plexus 1 Light Cylindrical Pendant Matt Black Paint, Antique Brass Mesh , E27",70.15,https://media.diy.com/is/image/KingfisherDigital/luminosa-plexus-1-light-cylindrical-pendant-matt-black-paint-antique-brass-mesh-e27~5016087906550_01c_MP?wid=284&hei=284,,bnq
"Luminosa Mathias Bar Pendant Ceiling Lamp, Natural Bamboo, Plywood, Matt Black Paint",149.98,https://media.diy.com/is/image/KingfisherDigital/luminosa-mathias-bar-pendant-ceiling-lamp-natural-bamboo-plywood-matt-black-paint~5016087158775_01c_MP?wid=284&hei=284,,bnq
Luminosa ShieldPLUS Indoor Recessed Tilt Matt Black Paint,25.79,https://media.diy.com/is/image/KingfisherDigital/luminosa-shieldplus-indoor-recessed-tilt-matt-black-paint~5017588997597_01c_MP?wid=284&hei=284,,bnq
Luminosa Amalfi Task Floor Lamp Matt Black Paint,71.74,https://media.diy.com/is/image/KingfisherDigital/luminosa-amalfi-task-floor-lamp-matt-black-paint~5016087179770_01c_MP?wid=284&hei=284,,bnq
"Luminosa Mathias Single Pendant Ceiling Lamp, Natural Bamboo, Plywood, Matt Black Paint",60,https://media.diy.com/is/image/KingfisherDigital/luminosa-mathias-single-pendant-ceiling-lamp-natural-bamboo-plywood-matt-black-paint~5016087158843_01c_MP?wid=284&hei=284,,bnq
"Luminosa Saroma Complete Table Lamp, Matt Black Paint",76.95,https://media.diy.com/is/image/KingfisherDigital/luminosa-saroma-complete-table-lamp-matt-black-paint~5016087157884_01c_MP?wid=284&hei=284,,bnq
"Luminosa Studio 1 Light Pendant Matt Black Paint, E27",33.34,https://media.diy.com/is/image/KingfisherDigital/luminosa-studio-1-light-pendant-matt-black-paint-e27~5016087911592_01c_MP?wid=284&hei=284,,bnq
"Black marbled paint (Picutre Frame) / 12x12"" / Black",14.99,https://media.diy.com/is/image/KingfisherDigital/black-marbled-paint-picutre-frame-12x12-black~5063169236579_01c_MP?wid=284&hei=284,,bnq
"Butterfly & paint splats (Picutre Frame) / 12x12"" / Black",14.99,https://media.diy.com/is/image/KingfisherDigital/butterfly-paint-splats-picutre-frame-12x12-black~5063169279897_01c_MP?wid=284&hei=284,,bnq
"Butterfly & paint splats (Picutre Frame) / 20x20"" / Black",22.99,https://media.diy.com/is/image/KingfisherDigital/butterfly-paint-splats-picutre-frame-20x20-black~5063169304124_01c_MP?wid=284&hei=284,,bnq
"Abstract grunged paint (Picutre Frame) / 16x16"" / Black",17.99,https://media.diy.com/is/image/KingfisherDigital/abstract-grunged-paint-picutre-frame-16x16-black~5063169322500_01c_MP?wid=284&hei=284,,bnq
"Abstract grunged paint (Picutre Frame) / 12x12"" / Black",14.99,https://media.diy.com/is/image/KingfisherDigital/abstract-grunged-paint-picutre-frame-12x12-black~5063169316998_01c_MP?wid=284&hei=284,,bnq
"Black marbled paint (Picutre Frame) / 24x24"" / Black",27.99,https://media.diy.com/is/image/KingfisherDigital/black-marbled-paint-picutre-frame-24x24-black~5070000023621_01c_MP?wid=284&hei=284,,bnq
"Black marbled paint (Picutre Frame) / 30x30"" / Black",37.99,https://media.diy.com/is/image/KingfisherDigital/black-marbled-paint-picutre-frame-30x30-black~5070000023622_01c_MP?wid=284&hei=284,,bnq
"Black marbled paint (Picutre Frame) / 20x20"" / Black",22.99,https://media.diy.com/is/image/KingfisherDigital/black-marbled-paint-picutre-frame-20x20-black~5070000023620_01c_MP?wid=284&hei=284,,bnq
Luminosa Vicenza 4 Light Ceiling Pendant Matt Black & Gold Paint,319.94,https://media.diy.com/is/image/KingfisherDigital/luminosa-vicenza-4-light-ceiling-pendant-matt-black-gold-paint~5056013654377_01c_MP?wid=284&hei=284,,bnq
Black Marbled Paint (Kitchen Towel) / Default Title,16.99,https://media.diy.com/is/image/KingfisherDigital/black-marbled-paint-kitchen-towel-default-title~5063169073556_01c_MP?wid=284&hei=284,,bnq
Luminosa Arenzano Table Lamp Antique Brass Paint & Black Fabric,104.20,https://media.diy.com/is/image/KingfisherDigital/luminosa-arenzano-table-lamp-antique-brass-paint-black-fabric~5056013655848_01c_MP?wid=284&hei=284,,bnq
"Black marbled paint (Picutre Frame) / 20x20"" / Oak",22.99,https://media.diy.com/is/image/KingfisherDigital/black-marbled-paint-picutre-frame-20x20-oak~5063169281128_01c_MP?wid=284&hei=284,,bnq
Luminosa Barack Bear Base & Shade Table Lamp Vintage Silver Paint & Black Fabric,128.37,https://media.diy.com/is/image/KingfisherDigital/luminosa-barack-bear-base-shade-table-lamp-vintage-silver-paint-black-fabric~5016087179688_01c_MP?wid=284&hei=284,,bnq
Luminosa Fox Base & Shade Table Lamp Vintage Gold Paint & Black Fabric,95.19,https://media.diy.com/is/image/KingfisherDigital/luminosa-fox-base-shade-table-lamp-vintage-gold-paint-black-fabric~5016087179725_01c_MP?wid=284&hei=284,,bnq
"Black marbled paint (Picutre Frame) / 20x20"" / Brown",22.99,https://media.diy.com/is/image/KingfisherDigital/black-marbled-paint-picutre-frame-20x20-brown~5070000023625_01c_MP?wid=284&hei=284,,bnq
"Black marbled paint (Picutre Frame) / 12x12"" / Oak",14.99,https://media.diy.com/is/image/KingfisherDigital/black-marbled-paint-picutre-frame-12x12-oak~5070000023628_01c_MP?wid=284&hei=284,,bnq
"Black marbled paint (Picutre Frame) / 24x24"" / Oak",27.99,https://media.diy.com/is/image/KingfisherDigital/black-marbled-paint-picutre-frame-24x24-oak~5063169214195_01c_MP?wid=284&hei=284,,bnq
"Black marbled paint (Picutre Frame) / 24x24"" / Brown",27.99,https://media.diy.com/is/image/KingfisherDigital/black-marbled-paint-picutre-frame-24x24-brown~5070000023626_01c_MP?wid=284&hei=284,,bnq
"Black marbled paint (Picutre Frame) / 30x30"" / Oak",37.99,https://media.diy.com/is/image/KingfisherDigital/black-marbled-paint-picutre-frame-30x30-oak~5070000023632_01c_MP?wid=284&hei=284,,bnq
"Black marbled paint (Picutre Frame) / 12x12"" / White",14.99,https://media.diy.com/is/image/KingfisherDigital/black-marbled-paint-picutre-frame-12x12-white~5070000023638_01c_MP?wid=284&hei=284,,bnq
"Black marbled paint (Picutre Frame) / 16x16"" / Brown",17.99,https://media.diy.com/is/image/KingfisherDigital/black-marbled-paint-picutre-frame-16x16-brown~5063169235329_01c_MP?wid=284&hei=284,,bnq
"Black marbled paint (Picutre Frame) / 16x16"" / Grey",17.99,https://media.diy.com/is/image/KingfisherDigital/black-marbled-paint-picutre-frame-16x16-grey~5070000023634_01c_MP?wid=284&hei=284,,bnq
"Black marbled paint (Picutre Frame) / 30x30"" / White",37.99,https://media.diy.com/is/image/KingfisherDigital/black-marbled-paint-picutre-frame-30x30-white~5063169280190_01c_MP?wid=284&hei=284,,bnq
"Black marbled paint (Picutre Frame) / 30x30"" / Grey",37.99,https://media.diy.com/is/image/KingfisherDigital/black-marbled-paint-picutre-frame-30x30-grey~5063169241474_01c_MP?wid=284&hei=284,,bnq
"Black marbled paint (Picutre Frame) / 20x20"" / Grey",22.99,https://media.diy.com/is/image/KingfisherDigital/black-marbled-paint-picutre-frame-20x20-grey~5070000023635_01c_MP?wid=284&hei=284,,bnq
Luminosa Siriodisc Recessed Downlight 6W Matt White Paint & Frosted Acrylic,25.91,https://media.diy.com/is/image/KingfisherDigital/luminosa-siriodisc-recessed-downlight-6w-matt-white-paint-frosted-acrylic~5017588909569_01c_MP?wid=284&hei=284,,bnq
Navy Chainlink Rope (Canvas Print) / 114 x 114 x 4cm,39.99,https://media.diy.com/is/image/KingfisherDigital/navy-chainlink-rope-canvas-print-114-x-114-x-4cm~5063169190901_01c_MP?wid=284&hei=284,,bnq
"Luminosa Burford 1 Light Outdoor Wall Lantern Matt Black Paint, Glass IP44, E27",93.11,https://media.diy.com/is/image/KingfisherDigital/luminosa-burford-1-light-outdoor-wall-lantern-matt-black-paint-glass-ip44-e27~5016087911479_01c_MP?wid=284&hei=284,,bnq
"Luminosa Burford 3 Light Outdoor Floor Lamp Matt Black Paint, Glass IP44, E27",319.10,https://media.diy.com/is/image/KingfisherDigital/luminosa-burford-3-light-outdoor-floor-lamp-matt-black-paint-glass-ip44-e27~5016087911516_01c_MP?wid=284&hei=284,,bnq
Luminosa Hoxton Outdoor Recessed Ground Light Warm White IP67 6W Matt Black Paint & Brushed Stainless Steel,69.01,https://media.diy.com/is/image/KingfisherDigital/luminosa-hoxton-outdoor-recessed-ground-light-warm-white-ip67-6w-matt-black-paint-brushed-stainless-steel~5017588909620_01c_MP?wid=284&hei=284,,bnq
"Luminosa Burford 1 Light Outdoor Wall Lantern Matt Black Paint, Glass IP44, E27",61.38,https://media.diy.com/is/image/KingfisherDigital/luminosa-burford-1-light-outdoor-wall-lantern-matt-black-paint-glass-ip44-e27~5016087911462_01c_MP?wid=284&hei=284,,bnq
"Luminosa Traditional PIR Outdoor Wall Lantern Satin Black Paint, Clear Polycarbonate IP44, E27",74.03,https://media.diy.com/is/image/KingfisherDigital/luminosa-traditional-pir-outdoor-wall-lantern-satin-black-paint-clear-polycarbonate-ip44-e27~5017588910343_01c_MP?wid=284&hei=284,,bnq
"Luminosa Burford 1 Light Outdoor Floor Lamp Matt Black Paint, Glass IP44, E27",201.63,https://media.diy.com/is/image/KingfisherDigital/luminosa-burford-1-light-outdoor-floor-lamp-matt-black-paint-glass-ip44-e27~5016087911509_01c_MP?wid=284&hei=284,,bnq
"Luminosa Burford 1 Light Outdoor Wall Lantern Matt Black Paint, Glass IP44, E27",61.38,https://media.diy.com/is/image/KingfisherDigital/luminosa-burford-1-light-outdoor-wall-lantern-matt-black-paint-glass-ip44-e27~5016087911455_01c_MP?wid=284&hei=284,,bnq
Luminosa Hoxton Outdoor Recessed Ground Light Cool White IP67 10.5W Matt Black Paint & Brushed Stainless Steel,121.05,https://media.diy.com/is/image/KingfisherDigital/luminosa-hoxton-outdoor-recessed-ground-light-cool-white-ip67-10-5w-matt-black-paint-brushed-stainless-steel~5017588909637_01c_MP?wid=284&hei=284,,bnq
"Luminosa Burford 1 Light Outdoor Floor Lamp Matt Black Paint, Glass IP44, E27",81.87,https://media.diy.com/is/image/KingfisherDigital/luminosa-burford-1-light-outdoor-floor-lamp-matt-black-paint-glass-ip44-e27~5016087911493_01c_MP?wid=284&hei=284,,bnq
"Luminosa Chesham Outdoor PIR Wall Textured Black Paint, Glass IP44, E27",92.22,https://media.diy.com/is/image/KingfisherDigital/luminosa-chesham-outdoor-pir-wall-textured-black-paint-glass-ip44-e27~5016087903795_01c_MP?wid=284&hei=284,,bnq
"Luminosa Traditional Outdoor Wall Lantern Satin Black Paint, Clear Polycarbonate IP44, E27",56.83,https://media.diy.com/is/image/KingfisherDigital/luminosa-traditional-outdoor-wall-lantern-satin-black-paint-clear-polycarbonate-ip44-e27~5017588910336_01c_MP?wid=284&hei=284,,bnq
"Luminosa Burford 1 Light Outdoor Floor Lamp Matt Black Paint, Glass IP44, E27",61.38,https://media.diy.com/is/image/KingfisherDigital/luminosa-burford-1-light-outdoor-floor-lamp-matt-black-paint-glass-ip44-e27~5016087911486_01c_MP?wid=284&hei=284,,bnq
"Luminosa Franklin Task Floor Lamp, Aged Pewter Plate, Matt Black Paint",197.86,https://media.diy.com/is/image/KingfisherDigital/luminosa-franklin-task-floor-lamp-aged-pewter-plate-matt-black-paint~5016087159048_01c_MP?wid=284&hei=284,,bnq
Luminosa Salde Outdoor Wall Flood Light 20W IP65 20W Matt Black Paint,32.92,https://media.diy.com/is/image/KingfisherDigital/luminosa-salde-outdoor-wall-flood-light-20w-ip65-20w-matt-black-paint~5017588918615_01c_MP?wid=284&hei=284,,bnq
Luminosa Salde Outdoor Wall Flood Light 30W IP65 30W Matt Black Paint,39.38,https://media.diy.com/is/image/KingfisherDigital/luminosa-salde-outdoor-wall-flood-light-30w-ip65-30w-matt-black-paint~5017588918622_01c_MP?wid=284&hei=284,,bnq
Luminosa Salde Outdoor Wall Flood Light 10W IP65 10W Matt Black Paint,28.20,https://media.diy.com/is/image/KingfisherDigital/luminosa-salde-outdoor-wall-flood-light-10w-ip65-10w-matt-black-paint~5017588918608_01c_MP?wid=284&hei=284,,bnq
Luminosa Salde Outdoor Wall Flood Light 50W IP65 50W Matt Black Paint,49.40,https://media.diy.com/is/image/KingfisherDigital/luminosa-salde-outdoor-wall-flood-light-50w-ip65-50w-matt-black-paint~5017588918639_01c_MP?wid=284&hei=284,,bnq
Luminosa Dax Outdoor Floor IP65 20W Textured Black Paint,141.67,https://media.diy.com/is/image/KingfisherDigital/luminosa-dax-outdoor-floor-ip65-20w-textured-black-paint~5017588923107_01c_MP?wid=284&hei=284,,bnq
"Luminosa Plexus 1 Light Cylindrical Pendant Matt Black Paint, Antique Brass Mesh , E27",53.74,https://media.diy.com/is/image/KingfisherDigital/luminosa-plexus-1-light-cylindrical-pendant-matt-black-paint-antique-brass-mesh-e27~5016087906369_01c_MP?wid=284&hei=284,,bnq
Luminosa Louvre Photocell Outdoor Tall Bollard Light Matt Black Paint IP44,134.24,https://media.diy.com/is/image/KingfisherDigital/luminosa-louvre-photocell-outdoor-tall-bollard-light-matt-black-paint-ip44~5017588978534_01c_MP?wid=284&hei=284,,bnq
Anson Lighting Orta 1lt flush dark bamboo and matt black paint and dark plywoood,70.70,https://media.diy.com/is/image/KingfisherDigital/anson-lighting-orta-1lt-flush-dark-bamboo-and-matt-black-paint-and-dark-plywoood~5016087180547_01c_MP?wid=284&hei=284,,bnq
Luminosa Merano Table Lamp Matt Black Paint,171.23,https://media.diy.com/is/image/KingfisherDigital/luminosa-merano-table-lamp-matt-black-paint~5056013655664_01c_MP?wid=284&hei=284,,bnq
Luminosa Carrara Floor Lamp Satin Black Paint & Black Fabric,223.49,https://media.diy.com/is/image/KingfisherDigital/luminosa-carrara-floor-lamp-satin-black-paint-black-fabric~5056013654520_01c_MP?wid=284&hei=284,,bnq
"Luminosa Largo Task Floor Lamp Satin Black, Aged Brass Paint",406.34,https://media.diy.com/is/image/KingfisherDigital/luminosa-largo-task-floor-lamp-satin-black-aged-brass-paint~5016087996452_01c_MP?wid=284&hei=284,,bnq
GoodHome Dacite Ball Matt Black Paint effect Wired LED Wall light,24,https://media.diy.com/is/image/Kingfisher/goodhome-dacite-ball-matt-black-paint-effect-wired-led-wall-light~5063022030689_01i?wid=284&hei=284,,bnq
GoodHome Smertrio Matt Black Paint effect Wired Wall light,15,https://media.diy.com/is/image/Kingfisher/goodhome-smertrio-matt-black-paint-effect-wired-wall-light~5059340076522_01i?wid=284&hei=284,,bnq
"Luminosa Lecce Base & Shade Table Lamp, Grey Tinted Glass, Black Cotton Fabric With Matt Black Paint",196.85,https://media.diy.com/is/image/KingfisherDigital/luminosa-lecce-base-shade-table-lamp-grey-tinted-glass-black-cotton-fabric-with-matt-black-paint~5056013677291_01c_MP?wid=284&hei=284,,bnq
Luminosa Speculo Bathroom Recessed Fixed Matt Black Paint & Clear Glass IP65,25.35,https://media.diy.com/is/image/KingfisherDigital/luminosa-speculo-bathroom-recessed-fixed-matt-black-paint-clear-glass-ip65~5017588997603_01c_MP?wid=284&hei=284,,bnq
"Luminosa Mathias Base & Shade Floor Lamp, Natural Bamboo, Plywood, Matt Black Paint",135,https://media.diy.com/is/image/KingfisherDigital/luminosa-mathias-base-shade-floor-lamp-natural-bamboo-plywood-matt-black-paint~5016087158768_01c_MP?wid=284&hei=284,,bnq
"Luminosa Mathias Bar Pendant Ceiling Lamp, Dark Bamboo, Plywood With Matt Black Paint",149.98,https://media.diy.com/is/image/KingfisherDigital/luminosa-mathias-bar-pendant-ceiling-lamp-dark-bamboo-plywood-with-matt-black-paint~5016087158720_01c_MP?wid=284&hei=284,,bnq
"Luminosa Mathias Complete Table Lamp, Natural Bamboo, Plywood, Matt Black Paint",58.64,https://media.diy.com/is/image/KingfisherDigital/luminosa-mathias-complete-table-lamp-natural-bamboo-plywood-matt-black-paint~5016087158751_01c_MP?wid=284&hei=284,,bnq
GoodHome Pegmati Matt Black Paint effect Wired LED Wall light,35,https://media.diy.com/is/image/Kingfisher/goodhome-pegmati-matt-black-paint-effect-wired-led-wall-light~5063022068880_01i?wid=284&hei=284,,bnq
Cushions - Black Marbled Paint (Cushion) / 45cm x 45cm,16.99,https://media.diy.com/is/image/KingfisherDigital/cushions-black-marbled-paint-cushion-45cm-x-45cm~5070000027931_01c_MP?wid=284&hei=284,,bnq
"Paint print autumn decoration (Picutre Frame) / 12x12"" / Black",14.99,https://media.diy.com/is/image/KingfisherDigital/paint-print-autumn-decoration-picutre-frame-12x12-black~5063169239815_01c_MP?wid=284&hei=284,,bnq
"Paint print autumn decoration (Picutre Frame) / 24x24"" / Black",27.99,https://media.diy.com/is/image/KingfisherDigital/paint-print-autumn-decoration-picutre-frame-24x24-black~5063169243294_01c_MP?wid=284&hei=284,,bnq
"Paint print autumn decoration (Picutre Frame) / 30x30"" / Black",37.99,https://media.diy.com/is/image/KingfisherDigital/paint-print-autumn-decoration-picutre-frame-30x30-black~5063169205704_01c_MP?wid=284&hei=284,,bnq
"Imprint fantastic paint bouquet (Picutre Frame) / 20x20"" / Black",22.99,https://media.diy.com/is/image/KingfisherDigital/imprint-fantastic-paint-bouquet-picutre-frame-20x20-black~5063169215222_01c_MP?wid=284&hei=284,,bnq
Luminosa Andria Table Lamp Vintage Gold Paint & Matt Black,98.85,https://media.diy.com/is/image/KingfisherDigital/luminosa-andria-table-lamp-vintage-gold-paint-matt-black~5056013655077_01c_MP?wid=284&hei=284,,bnq
Luminosa Andria Table Lamp Vintage Gold Paint & Matt Black,134.84,https://media.diy.com/is/image/KingfisherDigital/luminosa-andria-table-lamp-vintage-gold-paint-matt-black~5056013655039_01c_MP?wid=284&hei=284,,bnq
Luminosa Andria Table Lamp Vintage Gold Paint & Matt Black,91.21,https://media.diy.com/is/image/KingfisherDigital/luminosa-andria-table-lamp-vintage-gold-paint-matt-black~5056013655091_01c_MP?wid=284&hei=284,,bnq
"Imprint fantastic paint bouquet (Picutre Frame) / 30x30"" / Black",37.99,https://media.diy.com/is/image/KingfisherDigital/imprint-fantastic-paint-bouquet-picutre-frame-30x30-black~5063169303462_01c_MP?wid=284&hei=284,,bnq
"Imprint fantastic paint bouquet (Picutre Frame) / 16x16"" / Black",17.99,https://media.diy.com/is/image/KingfisherDigital/imprint-fantastic-paint-bouquet-picutre-frame-16x16-black~5063169194848_01c_MP?wid=284&hei=284,,bnq
Luminosa Arenzano Floor Lamp Antique Brass Paint & Black Fabric,231.76,https://media.diy.com/is/image/KingfisherDigital/luminosa-arenzano-floor-lamp-antique-brass-paint-black-fabric~5056013655886_01c_MP?wid=284&hei=284,,bnq
Cushions - Black Marbled Paint (Cushion) / 60cm x 60cm,21.99,https://media.diy.com/is/image/KingfisherDigital/cushions-black-marbled-paint-cushion-60cm-x-60cm~5063169133250_01c_MP?wid=284&hei=284,,bnq
Random Arty Paint Swirls Doormat,24.99,https://media.diy.com/is/image/KingfisherDigital/random-arty-paint-swirls-doormat~9507729812385_01c_MP?wid=284&hei=284,,bnq
Luminosa Zone Outdoor Bollard IP65 12.3W Textured Black Paint & Clear Pc,170.24,https://media.diy.com/is/image/KingfisherDigital/luminosa-zone-outdoor-bollard-ip65-12-3w-textured-black-paint-clear-pc~5017588315520_01c_MP?wid=284&hei=284,,bnq
"Luminosa Franklin Metal Wall Lamp, Aged Pewter Plate, Matt Black Paint",76.24,https://media.diy.com/is/image/KingfisherDigital/luminosa-franklin-metal-wall-lamp-aged-pewter-plate-matt-black-paint~5016087157952_01c_MP?wid=284&hei=284,,bnq
Anson Lighting Utah 3lt Semi Flush light finished in Satin black paint and smoked mirror glass,109.60,https://media.diy.com/is/image/KingfisherDigital/anson-lighting-utah-3lt-semi-flush-light-finished-in-satin-black-paint-and-smoked-mirror-glass~5016087162659_01c_MP?wid=284&hei=284,,bnq
Luminosa Odyssey Outdoor Wall IP65 7W Satin Black Paint & Clear Glass 2 Light Dimmable IP65 - GU10,61.74,https://media.diy.com/is/image/KingfisherDigital/luminosa-odyssey-outdoor-wall-ip65-7w-satin-black-paint-clear-glass-2-light-dimmable-ip65-gu10~5017588178446_01c_MP?wid=284&hei=284,,bnq
"Luminosa Franklin Task Floor Lamp, Antique Brass Plate, Matt Black Paint",282,https://media.diy.com/is/image/KingfisherDigital/luminosa-franklin-task-floor-lamp-antique-brass-plate-matt-black-paint~5016087157921_01c_MP?wid=284&hei=284,,bnq
Luminosa Odyssey Outdoor Wall IP65 7W Satin Black Paint & Clear Glass 1 Light Dimmable IP65 - GU10,43.80,https://media.diy.com/is/image/KingfisherDigital/luminosa-odyssey-outdoor-wall-ip65-7w-satin-black-paint-clear-glass-1-light-dimmable-ip65-gu10~5017588178484_01c_MP?wid=284&hei=284,,bnq
"Luminosa Mathias Single Pendant Ceiling Lamp, Dark Bamboo, Plywood With Matt Black Paint",58.64,https://media.diy.com/is/image/KingfisherDigital/luminosa-mathias-single-pendant-ceiling-lamp-dark-bamboo-plywood-with-matt-black-paint~5016087158744_01c_MP?wid=284&hei=284,,bnq
8 Bulb Chandelier Aged Brass Finish Plated And Charcoal Black Paint LED E14 40W,609.99,https://media.diy.com/is/image/KingfisherDigital/8-bulb-chandelier-aged-brass-finish-plated-and-charcoal-black-paint-led-e14-40w~5056199875313_01c_MP?wid=284&hei=284,,bnq
Luminosa Mayfield Floor Lamp Dark Antique Bronze Effect Plate & Textured Matt Black Paint 1 Light IP20 - E27,161.87,https://media.diy.com/is/image/KingfisherDigital/luminosa-mayfield-floor-lamp-dark-antique-bronze-effect-plate-textured-matt-black-paint-1-light-ip20-e27~5016087916016_01c_MP?wid=284&hei=284,,bnq
Anson Lighting Mealux 4lt Flush Sand Black Paint and matt white silicone,214.70,https://media.diy.com/is/image/KingfisherDigital/anson-lighting-mealux-4lt-flush-sand-black-paint-and-matt-white-silicone~5016087180509_01c_MP?wid=284&hei=284,,bnq
5 Bulb Chandelier Aged Brass Finish Plated And Charcoal Black Paint LED E14 40W,419.99,https://media.diy.com/is/image/KingfisherDigital/5-bulb-chandelier-aged-brass-finish-plated-and-charcoal-black-paint-led-e14-40w~5056199875290_01c_MP?wid=284&hei=284,,bnq
"Luminosa Franklin Single Spotlight, Aged Pewter Plate, Matt Black Paint",76.24,https://media.diy.com/is/image/KingfisherDigital/luminosa-franklin-single-spotlight-aged-pewter-plate-matt-black-paint~5016087157914_01c_MP?wid=284&hei=284,,bnq
Luminosa Oxford Outdoor Wall Matt Black Paint & Clear Glass 1 Light Dimmable IP44 - E27,71.65,https://media.diy.com/is/image/KingfisherDigital/luminosa-oxford-outdoor-wall-matt-black-paint-clear-glass-1-light-dimmable-ip44-e27~5016087917242_01c_MP?wid=284&hei=284,,bnq
Luminosa Palin Outdoor Up Down Wall Lamp Matt Black Paint & Clear Glass IP44,55.99,https://media.diy.com/is/image/KingfisherDigital/luminosa-palin-outdoor-up-down-wall-lamp-matt-black-paint-clear-glass-ip44~5017588955559_01c_MP?wid=284&hei=284,,bnq
Luminosa Frosinone Wall Lamp Satin Black Paint & Matt Opal Glass,73.23,https://media.diy.com/is/image/KingfisherDigital/luminosa-frosinone-wall-lamp-satin-black-paint-matt-opal-glass~5056013654735_01c_MP?wid=284&hei=284,,bnq
"Luminosa Mathias Complete Table Lamp, Dark Bamboo, Plywood With Matt Black Paint",58.64,https://media.diy.com/is/image/KingfisherDigital/luminosa-mathias-complete-table-lamp-dark-bamboo-plywood-with-matt-black-paint~5016087158539_01c_MP?wid=284&hei=284,,bnq
"Luminosa Drayton 1 Light Outdoor Wall Lantern Clear Glass, Black Paint IP44, E27",69.97,https://media.diy.com/is/image/KingfisherDigital/luminosa-drayton-1-light-outdoor-wall-lantern-clear-glass-black-paint-ip44-e27~5016087850273_01c_MP?wid=284&hei=284,,bnq
3 Bulb Pendant Light Fitting Aged Brass Finish Charcoal Black Paint LED E14 40W,274.99,https://media.diy.com/is/image/KingfisherDigital/3-bulb-pendant-light-fitting-aged-brass-finish-charcoal-black-paint-led-e14-40w~5056199875276_01c_MP?wid=284&hei=284,,bnq
"Luminosa Franklin Single Pendant Ceiling Lamp, Aged Pewter Plate, Matt Black Paint",129.02,https://media.diy.com/is/image/KingfisherDigital/luminosa-franklin-single-pendant-ceiling-lamp-aged-pewter-plate-matt-black-paint~5016087157938_01c_MP?wid=284&hei=284,,bnq
Luminosa Odyssey PIR Motion Sensor Up Down Wall Lamp Satin Black Paint & Clear Glass IP44,72.72,https://media.diy.com/is/image/KingfisherDigital/luminosa-odyssey-pir-motion-sensor-up-down-wall-lamp-satin-black-paint-clear-glass-ip44~5017588978220_01c_MP?wid=284&hei=284,,bnq
Luminosa Frosinone Floor Lamp Satin Black Paint & Matt Opal Glass,223.49,https://media.diy.com/is/image/KingfisherDigital/luminosa-frosinone-floor-lamp-satin-black-paint-matt-opal-glass~5056013654544_01c_MP?wid=284&hei=284,,bnq
Luminosa Palin XL Outdoor Up Down Wall Lamp Textured Black Paint & Clear Glass IP44,51.37,https://media.diy.com/is/image/KingfisherDigital/luminosa-palin-xl-outdoor-up-down-wall-lamp-textured-black-paint-clear-glass-ip44~5017588984382_01c_MP?wid=284&hei=284,,bnq
Luminosa Eco Outdoor Plain & Louvre IP44 40W Textured Black Paint & Frosted Glass,30.65,https://media.diy.com/is/image/KingfisherDigital/luminosa-eco-outdoor-plain-louvre-ip44-40w-textured-black-paint-frosted-glass~5017588177784_01c_MP?wid=284&hei=284,,bnq
"Luminosa Franklin Task Table Lamp, Aged Pewter Plate, Matt Black Paint",115.45,https://media.diy.com/is/image/KingfisherDigital/luminosa-franklin-task-table-lamp-aged-pewter-plate-matt-black-paint~5016087157969_01c_MP?wid=284&hei=284,,bnq
3 Bulb Semi Flush Light Aged Brass Finish Charcoal Black Paint LED E14 40W,244.99,https://media.diy.com/is/image/KingfisherDigital/3-bulb-semi-flush-light-aged-brass-finish-charcoal-black-paint-led-e14-40w~5056199875337_01c_MP?wid=284&hei=284,,bnq
"Luminosa Drayton 1 Light Outdoor Wall Lantern Clear Glass, Black Paint IP44, E27",69.97,https://media.diy.com/is/image/KingfisherDigital/luminosa-drayton-1-light-outdoor-wall-lantern-clear-glass-black-paint-ip44-e27~5016087850280_01c_MP?wid=284&hei=284,,bnq
"Luminosa Franklin Single Pendant Ceiling Lamp, Aged Pewter Plate, Matt Black Paint",91.83,https://media.diy.com/is/image/KingfisherDigital/luminosa-franklin-single-pendant-ceiling-lamp-aged-pewter-plate-matt-black-paint~5016087157945_01c_MP?wid=284&hei=284,,bnq
Twin Wall Light Aged Brass Finish Charcoal Black Paint LED E14 40W,169.99,https://media.diy.com/is/image/KingfisherDigital/twin-wall-light-aged-brass-finish-charcoal-black-paint-led-e14-40w~5056199875252_01c_MP?wid=284&hei=284,,bnq
Luminosa Mayfield Table Lamp Dark Antique Bronze Effect Plate & Textured Matt Black Paint 1 Light IP20 - E27,122.66,https://media.diy.com/is/image/KingfisherDigital/luminosa-mayfield-table-lamp-dark-antique-bronze-effect-plate-textured-matt-black-paint-1-light-ip20-e27~5016087916009_01c_MP?wid=284&hei=284,,bnq
"Luminosa Fenwick 1 Light Outdoor Fisherman Dome Wall Light Clear Glass, Black Paint IP44, E27",93.11,https://media.diy.com/is/image/KingfisherDigital/luminosa-fenwick-1-light-outdoor-fisherman-dome-wall-light-clear-glass-black-paint-ip44-e27~5016087881765_01c_MP?wid=284&hei=284,,bnq
Wall Light Aged Brass Finish Plated And Charcoal Black Paint LED E14 40W,114.99,https://media.diy.com/is/image/KingfisherDigital/wall-light-aged-brass-finish-plated-and-charcoal-black-paint-led-e14-40w~5056199875238_01c_MP?wid=284&hei=284,,bnq
Hotspot Stove Paint Matt - Black 100ml,11.19,https://media.diy.com/is/image/KingfisherDigital/hotspot-stove-paint-matt-black-100ml~5016564201017_01c_MP?wid=284&hei=284,,bnq
Luminosa Odyssey Outdoor Spike Satin Black Paint & Clear Glass IP65,62.19,https://media.diy.com/is/image/KingfisherDigital/luminosa-odyssey-outdoor-spike-satin-black-paint-clear-glass-ip65~5017588984429_01c_MP?wid=284&hei=284,,bnq
"Imprint fantastic paint bouquet (Picutre Frame) / 24x24"" / Black",27.99,https://media.diy.com/is/image/KingfisherDigital/imprint-fantastic-paint-bouquet-picutre-frame-24x24-black~5070000025421_01c_MP?wid=284&hei=284,,bnq
Anson Lighting Lugano 1lt flush matt black paint and clear glass,153.20,https://media.diy.com/is/image/KingfisherDigital/anson-lighting-lugano-1lt-flush-matt-black-paint-and-clear-glass~5016087180523_01c_MP?wid=284&hei=284,,bnq
Luminosa Glover CCT LED Outdoor Up Down Wall Lamp Matt Black Paint & Clear Glass 3000/4000/6000K IP44,72.72,https://media.diy.com/is/image/KingfisherDigital/luminosa-glover-cct-led-outdoor-up-down-wall-lamp-matt-black-paint-clear-glass-3000-4000-6000k-ip44~5017588978244_01c_MP?wid=284&hei=284,,bnq
Hotspot Stove Paint Matt - Black 500ml,23.25,https://media.diy.com/is/image/KingfisherDigital/hotspot-stove-paint-matt-black-500ml~5015277000139_01c_MP?wid=284&hei=284,,bnq
Floor Lamp Light - Matt Black & Antique Brass Paint - 10W LED E27 -Complete Lamp,447.99,https://media.diy.com/is/image/KingfisherDigital/floor-lamp-light-matt-black-antique-brass-paint-10w-led-e27-complete-lamp~5056492530599_01c_MP?wid=284&hei=284,,bnq
Floor Lamp Light Satin Black & Aged Brass Paint 10W LED E27 Standing,435.99,https://media.diy.com/is/image/KingfisherDigital/floor-lamp-light-satin-black-aged-brass-paint-10w-led-e27-standing~5056492533682_01c_MP?wid=284&hei=284,,bnq
Table Lamp Satin Black & Aged Brass Paint 7W LED E14 Bedside Light,195.99,https://media.diy.com/is/image/KingfisherDigital/table-lamp-satin-black-aged-brass-paint-7w-led-e14-bedside-light~5056492533699_01c_MP?wid=284&hei=284,,bnq
Ceiling Pendant Light Antique Brass Paint & Matt Black 40W E27 GLS,207.99,https://media.diy.com/is/image/KingfisherDigital/ceiling-pendant-light-antique-brass-paint-matt-black-40w-e27-gls~5056492531602_01c_MP?wid=284&hei=284,,bnq
"Luminosa Largo Task Table Lamp Satin Black, Aged Brass Paint",196.34,https://media.diy.com/is/image/KingfisherDigital/luminosa-largo-task-table-lamp-satin-black-aged-brass-paint~5016087996469_01c_MP?wid=284&hei=284,,bnq
Table Lamp - Matt Black & Antique Brass Paint - 10W LED E27 - Complete Lamp,200.99,https://media.diy.com/is/image/KingfisherDigital/table-lamp-matt-black-antique-brass-paint-10w-led-e27-complete-lamp~5056492530612_01c_MP?wid=284&hei=284,,bnq
Anson Lighting Clovis Flush light finished in Matt black and rustic bronze paint,77.40,https://media.diy.com/is/image/KingfisherDigital/anson-lighting-clovis-flush-light-finished-in-matt-black-and-rustic-bronze-paint~5016087161669_01c_MP?wid=284&hei=284,,bnq
Luminosa Andria Table Lamp Vintage Gold Paint & Matt Black,131.23,https://media.diy.com/is/image/KingfisherDigital/luminosa-andria-table-lamp-vintage-gold-paint-matt-black~5056013655053_01c_MP?wid=284&hei=284,,bnq
Anson Lighting Bourget 1lt Matt black & satin gold paint Ceiling pendant,104.30,https://media.diy.com/is/image/KingfisherDigital/anson-lighting-bourget-1lt-matt-black-satin-gold-paint-ceiling-pendant~5016087167937_01c_MP?wid=284&hei=284,,bnq
Dulux Trade Weathershield Exterior Gloss Paint 2.5L Black,94.22,"https://media.jewson.co.uk/f_auto,q_auto/t_Regular/global/product-images/28898",https://www.jewson.co.uk/p/dulux-trade-weathershield-paint-2-5-litres-black-LDTWG2BL,jewson
Hammerite Direct to Rust Metal Smooth Finish Paint 750ml Black,19.96,"https://media.jewson.co.uk/f_auto,q_auto/t_Regular/global/product-images/DTCUP932_combi",https://www.jewson.co.uk/p/hammerite-direct-to-rust-metal-paint-smooth-finish-750ml-black-DTCUP932,jewson
Dulux Trade Vinyl Matt Paint 2.5 Litres Black,33.94,"https://media.jewson.co.uk/f_auto,q_auto/t_Regular/global/product-images/42373",https://www.jewson.co.uk/p/duluxtrade-vinyl-matt-paint-2-5-litres-black-LDTEM2BL,jewson
Dulux Trade Vinyl Matt Paint 5 Litres Black,51.73,"https://media.jewson.co.uk/f_auto,q_auto/t_Regular/global/product-images/28863",https://www.jewson.co.uk/p/duluxtrade-vinyl-matt-paint-5-litres-black-LDTEM5BL,jewson
Hammerite Direct to Rust Metal Smooth Finish Paint 400ml Black,13.57,"https://media.jewson.co.uk/f_auto,q_auto/t_Regular/global/product-images/56217",https://www.jewson.co.uk/p/hammerite-direct-to-rust-metal-paint-smooth-finish-400ml-black-LDFSBL04,jewson
Sandtex Trade High Cover Smooth Masonry Paint 5L Black,87.19,"https://media.jewson.co.uk/f_auto,q_auto/t_Regular/global/product-images/29880",https://www.jewson.co.uk/p/sandtex-trade-high-cover-smooth-masonry-5-litres-black-LDXHCS07,jewson
Dulux Trade Weathershield Smooth Masonry Paint 5L Black,47.24,"https://media.jewson.co.uk/f_auto,q_auto/t_Regular/global/product-images/D5583705_tin",https://www.jewson.co.uk/p/dulux-trade-weathershield-smooth-masonry-black-5l-D5583705,jewson
Blackfriar Matt Paint 1 Litre Black,26.87,"https://media.jewson.co.uk/f_auto,q_auto/t_Regular/global/product-images/LDBBD100",https://www.jewson.co.uk/p/blackfriar-matt-paint-1-litre-black-LDBBD100,jewson
Dulux Trade High Gloss Paint 1L Black,21.98,"https://media.jewson.co.uk/f_auto,q_auto/t_Regular/global/product-images/LDTGH1BL_combi",https://www.jewson.co.uk/p/dulux-trade-high-gloss-1-litre-black-LDTGH1BL,jewson
Hammerite Direct to Rust Metal Smooth Finish Paint 2.5L Black,81.90,"https://media.jewson.co.uk/f_auto,q_auto/t_Regular/global/product-images/LDFSBL25_combi",https://www.jewson.co.uk/p/hammerite-direct-to-rust-metal-paint-smooth-finish-2-5-litre-black-LDFSBL25,jewson
Dulux Trade Weathershield Exterior Gloss Paint 1L Black,48.61,"https://media.jewson.co.uk/f_auto,q_auto/t_Regular/global/product-images/28896",https://www.jewson.co.uk/p/dulux-trade-weathershield-paint-1-litre-black-LDTWG1BL,jewson
Coo-Var Vandalene Anti-Climb Paint 2kg Black,49.16,"https://media.jewson.co.uk/f_auto,q_auto/t_Regular/global/product-images/LDCVACP2_Vandalene",https://www.jewson.co.uk/p/coo-var-vandalene-anti-climb-paint-2kg-black-LDCVACP2,jewson
Hammerite Direct to Rust Metal Paint Smooth Finish Black 5 Litres,110.38,"https://media.jewson.co.uk/f_auto,q_auto/t_Regular/global/product-images/6934",https://www.jewson.co.uk/p/hammerite-direct-to-rust-metal-paint-smooth-finish-black-5-litres-LDFSBL50,jewson
Dulux Trade High Gloss Paint 2.5 Litres Black,43.19,"https://media.jewson.co.uk/f_auto,q_auto/t_Regular/global/product-images/42358",https://www.jewson.co.uk/p/dulux-trade-high-gloss-paint-2-5-litres-black-LDTGH2BL,jewson
Bostic Cementone Bitumen Waterproof Paint 5.0L Black,51.78,"https://media.jewson.co.uk/f_auto,q_auto/t_Regular/global/product-images/57291",https://www.jewson.co.uk/p/bostic-cementone-bitumen-waterproof-paint-black-5-litre-CMLAYA01,jewson
Hammerite Direct to Rust Metal Hammered Finish Paint 750ml Black,30.05,"https://media.jewson.co.uk/f_auto,q_auto/t_Regular/global/product-images/DTCUP930_tin",https://www.jewson.co.uk/p/hammerite-direct-to-rust-metal-paint-750ml-black-DTCUP930,jewson
Hammerite Direct to Rust Satin Finish Metal Paint 400ml Black,19.39,"https://media.jewson.co.uk/f_auto,q_auto/t_Regular/global/product-images/56224",https://www.jewson.co.uk/p/hammerite-direct-to-rust-satin-finish-metal-paint-400ml-black-LDFTBL04,jewson
Blackfriar Chalkboard Paint 1 Litre Black,29.04,"https://media.jewson.co.uk/f_auto,q_auto/t_Regular/global/product-images/LDBPB100",https://www.jewson.co.uk/p/blackfriar-chalkboard-paint-1-litre-black-LDBPB100,jewson
Coo-Var Suregrip Anti Slip Paint 2.5 Litres Black,60.38,"https://media.jewson.co.uk/f_auto,q_auto/t_Regular/global/product-images/CHACOO13_Suregrip",https://www.jewson.co.uk/p/coo-var-suregrip-anti-slip-paint-2-5-litres-black-CHACOO13,jewson
Hammerite Direct to Rust Metal Paint 400ml Black,19.39,"https://media.jewson.co.uk/f_auto,q_auto/t_Regular/global/product-images/56216",https://www.jewson.co.uk/p/hammerite-direct-to-rust-metal-paint-400ml-black-LDFHBL04,jewson
Sadolin Superdec Satin Paint 1.0L Black,34.39,"https://media.jewson.co.uk/f_auto,q_auto/t_Regular/global/product-images/2347",https://www.jewson.co.uk/p/sadolin-superdec-satin-1-litre-black-DTSDN892,jewson
Bostik Bituminous Paint 22.5 Litres Black,279.41,"https://media.jewson.co.uk/f_auto,q_auto/t_Regular/global/product-images/6144",https://www.jewson.co.uk/p/bostik-bituminous-paint-22-5-litres-black-LDAM1705,jewson
Sadolin Superdec Paint 2.5L Black Gloss,89.90,"https://media.jewson.co.uk/f_auto,q_auto/t_Regular/global/product-images/60355",https://www.jewson.co.uk/p/sadolin-superdec-2-50-litres-black-gloss-DTSDN631,jewson
BLACKFRIAR Chalkboard Paint 500ml,17.39,"https://media.jewson.co.uk/f_auto,q_auto/t_Regular/global/product-images/LDBPB050",https://www.jewson.co.uk/p/blackfriar-chalkboard-paint-LDBPB050,jewson
Everbuild 901 Black Jack Bitumen & Flashing Primer 2.5L,36.55,"https://media.jewson.co.uk/f_auto,q_auto/t_Regular/global/product-images/68466",https://www.jewson.co.uk/p/everbuild-901-black-jack-bitumen-and-flashing-primer-2-5l-EV901025,jewson
Bostik Super Penetration Primer 5 Litres Black,93.97,"https://media.jewson.co.uk/f_auto,q_auto/t_Regular/global/product-images/6129",https://www.jewson.co.uk/p/bostik-super-penetration-primer-5-litres-black-CMLAYA06,jewson
Bostik Penetration Primer 1 Litre Black,31.18,"https://media.jewson.co.uk/f_auto,q_auto/t_Regular/global/product-images/6129",https://www.jewson.co.uk/p/bostik-penetration-primer-1-litre-black-LDAM4200,jewson
Everbuild 902 Bitumen and Flash Primer 5 Litres Black,52.50,"https://media.jewson.co.uk/f_auto,q_auto/t_Regular/global/product-images/51453",https://www.jewson.co.uk/p/everbuild-902-bitumen-and-flash-primer-5-litres-black-EV902050,jewson
Everbuild 901 Black Jack Bitumen Paint 5L Black,58.49,"https://media.jewson.co.uk/f_auto,q_auto/t_Regular/global/product-images/90105_EV901050",https://www.jewson.co.uk/p/everbuild-bitumen-paint-5-litres-black-EV901050,jewson
Firestone QuickPrime Plus Primer for EPDM 3.78L,143.05,"https://media.jewson.co.uk/f_auto,q_auto/t_Regular/global/product-images/RFPR0044",https://www.jewson.co.uk/p/firestone-quickprime-plus-primer-for-epdm-3-78l-RFPR0044,jewson
Shurtape Frogtape For Gloss and Satin Paints 41.1m x 36mm,13.67,"https://media.jewson.co.uk/f_auto,q_auto/t_Regular/global/product-images/62122",https://www.jewson.co.uk/p/shurtape-frogtape-for-gloss-and-satin-paints-41-1m-x-36mm-TSH10421,jewson
Zinsser AllCoat Exterior Paint 1 Litre Black,30.20,"https://media.jewson.co.uk/f_auto,q_auto/t_Regular/global/product-images/LTD61217",https://www.jewson.co.uk/p/zinsser-allcoat-exterior-paint-1-litre-black-LDT61217,jewson
NOVIPro Multi-Block Brush 120mm Black,5.32,"https://media.jewson.co.uk/f_auto,q_auto/t_Regular/global/product-images/55957",https://www.jewson.co.uk/p/novipro-multi-block-brush-120mm-black-DNNMBB00,jewson
Zinsser AllCoat Exterior Paint 2.5 Litres Black,63.53,"https://media.jewson.co.uk/f_auto,q_auto/t_Regular/global/product-images/LDT61216_All_Coat_Ext_Black_2.5L",https://www.jewson.co.uk/p/zinsser-allcoat-exterior-paint-2-5-litres-black-LDT61216,jewson
STANLEY Hobby Paint Brush 75mm W Black / Yellow,8.65,"https://media.jewson.co.uk/f_auto,q_auto/t_Regular/global/product-images/THSTA813",https://www.jewson.co.uk/p/stanley-hobby-paint-brush-75mm-w-black-yellow-THSTA813,jewson
STANLEY Hobby Paint Brush 50mm W Black / Yellow,5.60,"https://media.jewson.co.uk/f_auto,q_auto/t_Regular/global/product-images/THSTA811",https://www.jewson.co.uk/p/stanley-hobby-paint-brush-50mm-w-black-yellow-THSTA811,jewson
"NOVIPro Medium Pile Roller 4"" W Black Pack of 10",12.59,"https://media.jewson.co.uk/f_auto,q_auto/t_Regular/global/product-images/26931",https://www.jewson.co.uk/p/novipro-medium-pile-roller-4-w-black-pack-of-10-LNRMM100,jewson
NOVIPro General Purpose Radiator Mini Roller Sleeves Pack of 2 Black,4.40,"https://media.jewson.co.uk/f_auto,q_auto/t_Regular/global/product-images/55965",https://www.jewson.co.uk/p/novipro-general-purpose-radiator-mini-roller-sleeves-pack-of-2-black-LDNOV043,jewson
Everbuild 901 Black Jack Bitumen Paint 25L Black,205.50,"https://media.jewson.co.uk/f_auto,q_auto/t_Regular/global/product-images/90125_EV901250",https://www.jewson.co.uk/p/everbuild-901-black-jack-bitumen-paint-25-litre-EV901250,jewson
NOVIPro All Purpose Paintbrush Set of 6,20.72,"https://media.jewson.co.uk/f_auto,q_auto/t_Regular/global/product-images/52170",https://www.jewson.co.uk/p/novipro-all-purpose-paint-brush-set-of-6-LNBAPS06,jewson
NOVIPro All Purpose Paintbrush Set of 3,9.98,"https://media.jewson.co.uk/f_auto,q_auto/t_Regular/global/product-images/56860",https://www.jewson.co.uk/p/novipro-all-purpose-paint-brush-set-of-3-LNBAPS03,jewson
Dulux Trade Stain Block Plus Primer 5 Litres White,97.63,"https://media.jewson.co.uk/f_auto,q_auto/t_Regular/global/product-images/3324",https://www.jewson.co.uk/p/dulux-trade-stain-block-plus-primer-5-litres-white-LDTSB09A,jewson
Dulux Trade Stain Block Plus Primer 1 Litre White,29.74,"https://media.jewson.co.uk/f_auto,q_auto/t_Regular/global/product-images/42356",https://www.jewson.co.uk/p/dulux-trade-stain-block-plus-primer-1-litre-white-LDTSB07A,jewson
Dulux Trade Stain Block Primer 2.5L,81.29,"https://media.jewson.co.uk/f_auto,q_auto/t_Regular/global/product-images/3324",https://www.jewson.co.uk/p/dulux-trade-stain-block-primer-2-5l-LDTSB08A,jewson
Dulux Tarde Weathershield Exterior Gloss Black 5L,134.40,"https://media.jewson.co.uk/f_auto,q_auto/t_Regular/global/product-images/LDTWG5BL",https://www.jewson.co.uk/p/dulux-tarde-weathersheild-exterior-gloss-black-5l-LDTWG5BL,jewson
Ronseal Fencing Stain 5.0L Tudor Black Oak,10.74,"https://media.jewson.co.uk/f_auto,q_auto/t_Regular/global/product-images/Ronseal_Trade_Fencing_Stain_Tudor_Black_Oak_5L",https://www.jewson.co.uk/p/ronseal-fencing-stain-5-0l-tudor-black-LDR38577,jewson
Zinsser Cover Stain Primer - Stain Blocker - Bond Coat 5L White,155.14,"https://media.jewson.co.uk/f_auto,q_auto/t_Regular/global/product-images/29661",https://www.jewson.co.uk/p/zinsser-cover-stain-primer-sealer-5-litres-white-HD7081A1,jewson
Dulux Trade Wood Primer 2.5L White,50.27,"https://media.jewson.co.uk/f_auto,q_auto/t_Regular/global/product-images/42384",https://www.jewson.co.uk/p/dulux-trade-primer-wood-white-2-50-litres-LDSPW2WH,jewson
Lindab Touch Up Paint STIFT 12ml Black,28.16,"https://media.jewson.co.uk/f_auto,q_auto/t_Regular/global/product-images/LPRWL001",https://www.jewson.co.uk/p/lindab-touch-up-paint-stift-12ml-black-LPRWL001,jewson
"NOVIPro General Purpose Mini Roller 4"" Pack of 10",12.59,"https://media.jewson.co.uk/f_auto,q_auto/t_Regular/global/product-images/56010",https://www.jewson.co.uk/p/novipro-general-purpose-mini-roller-4-pack-of-10-LNRMR100,jewson
"Hamilton Performance Plastic Handled Paintbrush 2""",7.18,"https://media.jewson.co.uk/f_auto,q_auto/t_Regular/global/product-images/47838",https://www.jewson.co.uk/p/hamilton-performance-plastic-handled-paint-brush-2-H3415120,jewson
"NOVIPro All Purpose Paintbrush 1.5""",4.97,"https://media.jewson.co.uk/f_auto,q_auto/t_Regular/global/product-images/55978",https://www.jewson.co.uk/p/novipro-all-purpose-paint-brush-1-5-LNBAP037,jewson
"NOVIPro All Purpose Paintbrush 3""",8.81,"https://media.jewson.co.uk/f_auto,q_auto/t_Regular/global/product-images/55984",https://www.jewson.co.uk/p/novipro-all-purpose-paint-brush-3-LNBAP075,jewson
ProDec Contractor Painters Paintbrush Set of 12,23.04,"https://media.jewson.co.uk/f_auto,q_auto/t_Regular/global/product-images/68337",https://www.jewson.co.uk/p/prodecprofessional-painters-dozen-brush-pack-of-12-RPBSDD00,jewson
"Fit For the Job Emulsion Roller and Tray 9"" Set",7.13,"https://media.jewson.co.uk/f_auto,q_auto/t_Regular/global/product-images/22512",https://www.jewson.co.uk/p/fit-for-the-job-emulsion-roller-and-tray-set-9-w-ROPSETTH,jewson
Hamilton Prestige Paint Bucket 15 Litre,7.19,"https://media.jewson.co.uk/f_auto,q_auto/t_Regular/global/product-images/33852",https://www.jewson.co.uk/p/hamilton-prestige-paint-bucket-15-litre-H2463215,jewson
"Hamilton Performance Wall Brush 4""",14.26,"https://media.jewson.co.uk/f_auto,q_auto/t_Regular/global/product-images/33839",https://www.jewson.co.uk/p/hamilton-performance-wall-brush-4-H3318040,jewson
"NOVIPro All Purpose Paintbrush 2""",5.88,"https://media.jewson.co.uk/f_auto,q_auto/t_Regular/global/product-images/55980",https://www.jewson.co.uk/p/novipro-all-purpose-paint-brush-2-LNBAP050,jewson
The Brick Tile Company Brick Slips Tile Primer 1L Clear,17.50,"https://media.jewson.co.uk/f_auto,q_auto/t_Regular/global/product-images/BTC50538-1",https://www.jewson.co.uk/p/brick-tile-primer-BTC50538,jewson
Sadolin Extra Durable Woodstain 1L Ebony,34.74,"https://media.jewson.co.uk/f_auto,q_auto/t_Regular/global/product-images/44192",https://www.jewson.co.uk/p/sadolin-extra-durable-woodstain-ebony-1-litre-DTSDN817,jewson
"Hamilton Performance Plastic Handled Paintbrush 1.5""",6.46,"https://media.jewson.co.uk/f_auto,q_auto/t_Regular/global/product-images/13824",https://www.jewson.co.uk/p/hamilton-performance-plastic-handled-paint-brush-1-5-H3415115,jewson
"Hamilton Performance Plastic Handled Paintbrush 3""",12.96,"https://media.jewson.co.uk/f_auto,q_auto/t_Regular/global/product-images/33837",https://www.jewson.co.uk/p/hamilton-performance-plastic-handled-paint-brush-3-H3415130,jewson
"Hamilton Performance Plastic Handled Paintbrush 1""",5.62,"https://media.jewson.co.uk/f_auto,q_auto/t_Regular/global/product-images/13824",https://www.jewson.co.uk/p/hamilton-performance-plastic-handled-paint-brush-1-H3415110,jewson
Oakey Steel Wool Roll 2C Medium Black,5.84,"https://media.jewson.co.uk/f_auto,q_auto/t_Regular/global/product-images/30258",https://www.jewson.co.uk/p/oakey-steel-wool-roll-2c-medium-black-SGA26772,jewson
Sadolin Superdec Gloss Opaque Wood Protection 1 Litre Black,34.39,"https://media.jewson.co.uk/f_auto,q_auto/t_Regular/global/product-images/61503",https://www.jewson.co.uk/p/sadolin-superdec-gloss-opaque-wood-protection-1-litre-black-DTSDN630,jewson
Sadolin Superdec Satin Opaque Wood Protection 2.5L Black,70.37,"https://media.jewson.co.uk/f_auto,q_auto/t_Regular/global/product-images/33540",https://www.jewson.co.uk/p/sadolin-superdec-satin-opaque-black-2-50-litres-DTSDN893,jewson
Cuprinol 5 Year Ducksback Black 9L,51.32,"https://media.jewson.co.uk/f_auto,q_auto/t_Regular/global/product-images/DTCUD9BL",https://www.jewson.co.uk/p/cuprinol-5-year-ducksback-black-9l-DTCUD9BL,jewson
Hamilton Prestige Heavy Duty Stripper 100mm,7.76,"https://media.jewson.co.uk/f_auto,q_auto/t_Regular/global/product-images/33850",https://www.jewson.co.uk/p/hamilton-prestige-heavy-duty-stripper-100mm-H2458210,jewson
"NOVIPro Roller Tray 9""",2.77,"https://media.jewson.co.uk/f_auto,q_auto/t_Regular/global/product-images/56014",https://www.jewson.co.uk/p/novipro-roller-tray-9-LNTPB225,jewson
Bostik Cementone Bituminous Mastic 2.5 Litre,39.36,"https://media.jewson.co.uk/f_auto,q_auto/t_Regular/global/product-images/56201",https://www.jewson.co.uk/p/bostik-cementone-bituminous-mastic-2-5-litre-LDAM5402,jewson
Silverhouse Paintbrush Set of 6,10.70,"https://media.jewson.co.uk/f_auto,q_auto/t_Regular/global/product-images/26097",https://www.jewson.co.uk/p/silverhouse-6-piece-paint-brush-set-THSHO001,jewson
Armstead Trade High Gloss 2.5 Litre Black,26.14,"https://media.jewson.co.uk/f_auto,q_auto/t_Regular/global/product-images/LDA59260_combi",https://www.jewson.co.uk/p/armstead-trade-high-gloss-2-5-litre-black-LDA59260,jewson
Norton Expert sanding sponges 140 x 115 180/220 grit,5.52,"https://media.jewson.co.uk/f_auto,q_auto/t_Regular/global/product-images/42602",https://www.jewson.co.uk/p/norton-expert-sanding-sponges-140-x-115-180220-grit-SGA72709,jewson
Armstead Trade High Gloss 1.0L Black,13.37,"https://media.jewson.co.uk/f_auto,q_auto/t_Regular/global/product-images/LDA59259_combi",https://www.jewson.co.uk/p/armstead-trade-high-gloss-1-litre-black-LDA59259,jewson
Dulux Trade High Gloss Black 5L,108.00,"https://media.jewson.co.uk/f_auto,q_auto/t_Regular/global/product-images/LDTGH5BL",https://www.jewson.co.uk/p/dulux-trade-high-gloss-black-5l-LDTGH5BL,jewson
"Hamilton Performance Timbercare Brush 4""",5.99,"https://media.jewson.co.uk/f_auto,q_auto/t_Regular/global/product-images/33838",https://www.jewson.co.uk/p/hamilton-performance-timbercare-brush-4-H3417740,jewson
Silverhouse Paintbrush Set of 3,7.55,"https://media.jewson.co.uk/f_auto,q_auto/t_Regular/global/product-images/44170",https://www.jewson.co.uk/p/silverhouse-3-piece-paint-brush-set-THSHO002,jewson
Polycell Stain Block Spray 500ml,18.96,"https://media.jewson.co.uk/f_auto,q_auto/t_Regular/global/product-images/DTPLY199_can",https://www.jewson.co.uk/p/polycell-stain-block-aerosol-500ml-DTPLY199,jewson
"Silverhouse Paintbrush 4""",8.18,"https://media.jewson.co.uk/f_auto,q_auto/t_Regular/global/product-images/44159",https://www.jewson.co.uk/p/silverhouse-4-paint-brush-THSHOB10,jewson
Polycell Stain Block 1L,30.84,"https://media.jewson.co.uk/f_auto,q_auto/t_Regular/global/product-images/DTPLY200_can",https://www.jewson.co.uk/p/polycell-liquid-stain-block-1-litre-DTPLY200,jewson
"Trimaco® X-Board Paint + Remodel® Surface Protector 35"" x 100ft",38.39,"https://media.jewson.co.uk/f_auto,q_auto/t_Regular/global/product-images/XB182002_1_12370_XBoard_100ft_Bkgd_white-sq_1000x1000",https://www.jewson.co.uk/p/trimaco-x-board-paint-+-remodel-surface-protector-35-x-100ft-XB182002,jewson
Premdor External Ply Flush Standard Core Door 1981 x 838 x 44mm,149.51,"https://media.jewson.co.uk/f_auto,q_auto/t_Regular/global/product-images/Popular_Paint_Grade_Flat",https://www.jewson.co.uk/p/premdor-f1x-flush-plywood-external-door-1981-x-838-x-44mm-blue-JCD21114,jewson
Premdor External Ply Flush Standard Core Door 1981 x 762 x 44mm,149.51,"https://media.jewson.co.uk/f_auto,q_auto/t_Regular/global/product-images/6570",https://www.jewson.co.uk/p/premdor-f1x-flush-plywood-external-door-1981-x-762-x-44mm-blue-JCD21111,jewson
Premdor External Ply Flush FD30 Fire Door 1981 x 762 x 44mm,193.63,"https://media.jewson.co.uk/f_auto,q_auto/t_Regular/global/product-images/Popular_Paint_Grade_Flat",https://www.jewson.co.uk/p/premdor-f1x-flush-plywood-external-fireshield-door-1981-x-762-x-44mm-JCD22311,jewson
Premdor External Ply Flush Standard Core Door 2032 x 813 x 44mm,154.00,"https://media.jewson.co.uk/f_auto,q_auto/t_Regular/global/product-images/Popular_Paint_Grade_Flat",https://www.jewson.co.uk/p/premdor-f1x-exterior-flush-plywood-door-2032-x-813-x-44mm-blue-JCD21139,jewson
Premdor External Ply Flush FD30 Fire Door 2032 x 813 x 44mm,189.95,"https://media.jewson.co.uk/f_auto,q_auto/t_Regular/global/product-images/Popular_Paint_Grade_Flat",https://www.jewson.co.uk/p/premdor-f1x-flush-plywood-external-fireshield-door-2032-x-813-x-44mm-JCD22339,jewson
Premdor External Ply Flush FD60 Fire Door 1981 x 762 x 44mm,"1,361.30","https://media.jewson.co.uk/f_auto,q_auto/t_Regular/global/product-images/Popular_Paint_Grade_Flat",https://www.jewson.co.uk/p/premdor-external-ply-flush-fd60-fire-door-1981-x-762-x-44mm-JCD24111,jewson
Warning Anti Climb Paint' Sign 200mm x 300mm,7.79,"https://media.jewson.co.uk/f_auto,q_auto/t_Regular/global/product-images/65571",https://www.jewson.co.uk/p/spectrum-warning-anti-climb-paint-sign-self-adhesive-300-x-200mm-LISS1113,jewson
NOVIPro Masonry Roller Kit,14.99,"https://media.jewson.co.uk/f_auto,q_auto/t_Regular/global/product-images/56002",https://www.jewson.co.uk/p/novipro-masonry-roller-kit-LNKRM000,jewson
Bedec Multi Surface Paint Matt Black 750ml,22.98,https://cdn.aws.toolstation.com/images/141020-UK/250/51700.jpg,https://www.toolstation.com/bedec-multi-surface-paint/p51700,toolstation
Zinsser Allcoat Exterior Satin Paint Black 1L,25.00,https://cdn.aws.toolstation.com/images/141020-UK/250/80614.jpg,https://www.toolstation.com/zinsser-allcoat-exterior-satin-paint/p80614,toolstation
Bedec Barn Paint Satin Black 2.5L,38.15,https://cdn.aws.toolstation.com/images/141020-UK/250/19339.jpg,https://www.toolstation.com/bedec-barn-paint/p19339,toolstation
Bedec Multi Surface Paint Satin Black 750ml,22.98,https://cdn.aws.toolstation.com/images/141020-UK/250/11976.jpg,https://www.toolstation.com/bedec-multi-surface-paint/p11976,toolstation
Bedec Multi Surface Paint Gloss Black 750ml,22.98,https://cdn.aws.toolstation.com/images/141020-UK/250/55080.jpg,https://www.toolstation.com/bedec-multi-surface-paint/p55080,toolstation
Hammerite Metal Paint Smooth Black 750ml,20.79,https://cdn.aws.toolstation.com/images/141020-UK/250/21566.jpg,https://www.toolstation.com/hammerite-metal-paint-smooth/p21566,toolstation
Rustins Quick Dry Textured Step & Tile Paint 500ml Black,10.65,https://cdn.aws.toolstation.com/images/141020-UK/250/70848.jpg,https://www.toolstation.com/rustins-quick-dry-textured-step-tile-paint-500ml/p70848,toolstation
Rustins Quick Dry Matt Blackboard Paint 1L,13.99,https://cdn.aws.toolstation.com/images/141020-UK/250/68106.jpg,https://www.toolstation.com/rustins-quick-dry-matt-blackboard-paint/p68106,toolstation
Industrial Spray Paint 500ml Satin Black,5.99,,https://www.toolstation.com/industrial-spray-paint-500ml/p80525,toolstation
Rustins Quick Dry Matt Blackboard Paint 500ml,8.25,https://cdn.aws.toolstation.com/images/141020-UK/250/41337.jpg,https://www.toolstation.com/rustins-quick-dry-matt-blackboard-paint/p41337,toolstation
Sandtex Ultra Smooth Masonry Paint 5L Black,32.50,https://cdn.aws.toolstation.com/images/141020-UK/250/42453.jpg,https://www.toolstation.com/sandtex-ultra-smooth-masonry-paint-5l/p42453,toolstation
Rustins Quick Dry Metal Paint Smooth Satin 500ml Black,12.65,https://cdn.aws.toolstation.com/images/141020-UK/250/39925.jpg,https://www.toolstation.com/rustins-quick-dry-metal-paint-smooth-satin-500ml/p39925,toolstation
Hammerite Metal Paint Smooth Black 250ml,9.47,https://cdn.aws.toolstation.com/images/141020-UK/250/83379.jpg,https://www.toolstation.com/hammerite-metal-paint-smooth/p83379,toolstation
Bedec Barn Paint Matt Black 5L,67.74,https://cdn.aws.toolstation.com/images/141020-UK/250/90433.jpg,https://www.toolstation.com/bedec-barn-paint/p90433,toolstation
Bedec Multi Surface Paint Gloss Black 2.5L,52.23,https://cdn.aws.toolstation.com/images/141020-UK/250/44416.jpg,https://www.toolstation.com/bedec-multi-surface-paint/p44416,toolstation
Bedec Multi Surface Paint Soft Matt Black 2.5L,52.23,https://cdn.aws.toolstation.com/images/141020-UK/250/70512.jpg,https://www.toolstation.com/bedec-multi-surface-paint/p70512,toolstation
Hammerite Metal Paint Hammered 750ml Black,19.98,https://cdn.aws.toolstation.com/images/141020-UK/250/46862.jpg,https://www.toolstation.com/hammerite-metal-paint-hammered-750ml/p46862,toolstation
Leyland Trade Direct to Metal Paint 750ml Black,23.68,https://cdn.aws.toolstation.com/images/141020-UK/250/73741.jpg,https://www.toolstation.com/leyland-trade-direct-to-metal-paint-750ml/p73741,toolstation
Blackfriar Anti-Climb Paint Black 1L,12.98,https://cdn.aws.toolstation.com/images/141020-UK/250/74796.jpg,https://www.toolstation.com/blackfriar-anti-climb-paint-black/p74796,toolstation
Bedec Multi Surface Paint Satin Black 2.5L,52.23,https://cdn.aws.toolstation.com/images/141020-UK/250/86511.jpg,https://www.toolstation.com/bedec-multi-surface-paint/p86511,toolstation
Industrial Spray Paint 500ml Matt Black,5.99,,https://www.toolstation.com/industrial-spray-paint-500ml/p36577,toolstation
High Temperature Spray Paint 500ml Matt Black,7.98,,https://www.toolstation.com/high-temperature-spray-paint-500ml/p64927,toolstation
Plastikote Quick Dry Acrylic Spray Paint 400ml Black Matt,8.35,https://cdn.aws.toolstation.com/images/141020-UK/250/73084.jpg,https://www.toolstation.com/plastikote-quick-dry-acrylic-spray-paint-400ml/p73084,toolstation
Plastikote Quick Dry Acrylic Spray Paint 400ml Black Gloss,8.35,https://cdn.aws.toolstation.com/images/141020-UK/250/44807.jpg,https://www.toolstation.com/plastikote-quick-dry-acrylic-spray-paint-400ml/p44807,toolstation
Plastikote High Temperature Spray Paint 400ml Black,7.98,https://cdn.aws.toolstation.com/images/141020-UK/250/84051.jpg,https://www.toolstation.com/plastikote-high-temperature-spray-paint-400ml/p84051,toolstation
Line Marking Spray Paint 750ml Black,5.98,,https://www.toolstation.com/line-marking-spray-paint-750ml/p83167,toolstation
Bedec Barn Paint Matt Black 2.5L,38.15,https://cdn.aws.toolstation.com/images/141020-UK/250/38399.jpg,https://www.toolstation.com/bedec-barn-paint/p38399,toolstation
Bedec Barn Paint Satin Black 5L,67.74,https://cdn.aws.toolstation.com/images/141020-UK/250/41126.jpg,https://www.toolstation.com/bedec-barn-paint/p41126,toolstation
Everbuild Black Jack Bitumen & Flashing Primer 1L,9.99,https://cdn.aws.toolstation.com/images/141020-UK/250/92809.jpg,https://www.toolstation.com/everbuild-black-jack-bitumen-flashing-primer/p92809,toolstation
Bedec Barn Paint Semi Gloss Black 5L,60.96,https://s3.amazonaws.com/ts-website-content/tsuk/badge-img-clearance2.png,https://www.toolstation.com/bedec-barn-paint/p67731,toolstation
Bedec Barn Paint Semi Gloss Black 2.5L,34.33,https://s3.amazonaws.com/ts-website-content/tsuk/badge-img-clearance2.png,https://www.toolstation.com/bedec-barn-paint/p74292,toolstation
Plastikote Chalkboard Spray Paint 400ml Black Matt,4.58,https://s3.amazonaws.com/ts-website-content/tsuk/badge-img-clearance2.png,https://www.toolstation.com/plastikote-chalkboard-spray-paint-400ml/p63830,toolstation
Everbuild Black Jack Bitumen & Flashing Primer 5L,26.99,https://s3.amazonaws.com/ts-website-content/tsuk/badge-img-clearance2.png,https://www.toolstation.com/everbuild-black-jack-bitumen-flashing-primer/p38120,toolstation
Plastikote Metal Paint & Primer Spray Paint 400ml Black Matt,8.69,https://cdn.aws.toolstation.com/images/141020-UK/250/48232.jpg,https://www.toolstation.com/plastikote-metal-paint-primer-spray-paint-400ml/p48232,toolstation
Plastikote Metal Paint & Primer Spray Paint 400ml Black Gloss,8.69,https://cdn.aws.toolstation.com/images/141020-UK/250/37998.jpg,https://www.toolstation.com/plastikote-metal-paint-primer-spray-paint-400ml/p37998,toolstation
Dryzone Anti-Mould Emulsion Paint 1L White,26.99,https://cdn.aws.toolstation.com/images/141020-UK/250/92264.jpg,https://www.toolstation.com/dryzone-anti-mould-emulsion-paint/p92264,toolstation
Dryzone Anti-Mould Emulsion Paint 1L Magnolia,26.99,https://cdn.aws.toolstation.com/images/141020-UK/250/82516.jpg,https://www.toolstation.com/dryzone-anti-mould-emulsion-paint/p82516,toolstation
Everbuild Black Jack Black Bitumen Paint 5L,28.99,https://cdn.aws.toolstation.com/images/141020-UK/250/88792.jpg,https://www.toolstation.com/everbuild-black-jack-black-bitumen-paint/p88792,toolstation
Everbuild Black Jack Black Bitumen Paint 1L,14.78,https://cdn.aws.toolstation.com/images/141020-UK/250/18859.jpg,https://www.toolstation.com/everbuild-black-jack-black-bitumen-paint/p18859,toolstation
Signe gradient floor black UK,279.99,https://cdn.aws.toolstation.com/images/141020-UK/250/88678.jpg,https://www.toolstation.com/signe-gradient-floor-black-uk/p88678,toolstation
Appear black,139.99,https://cdn.aws.toolstation.com/images/141020-UK/250/29197.jpg,https://www.toolstation.com/appear-black/p29197,toolstation
Fresco Apex Geometric Wallpaper - Charcoal & Rose Gold,£12.00,https://static.thcdn.com/images/xsmall/webp//productimg/original/12835990-9364831909640910.jpg,https://www.homebase.co.uk/fresco-apex-geometric-wallpaper-charcoal-rose-gold/12835990.html,homebase
Dulux Matt Emulsion Paint Rich Black - 2.5L,"£20.00
£8.00 per L",https://static.thcdn.com/images/xsmall/webp//productimg/original/12804484-1624842737420400.jpg,https://www.homebase.co.uk/dulux-matt-emulsion-paint-rich-black-2.5l/12804484.html,homebase
BLACK+DECKER 55W Corded Detail Mouse Sander with 6x Sanding Sheets (BEW230-GB),£20.00,https://static.thcdn.com/images/xsmall/webp//productimg/original/12829352-1364831882210134.jpg,https://www.homebase.co.uk/black-decker-55w-corded-detail-mouse-sander-with-6x-sanding-sheets-bew230-gb/12829352.html,homebase
Fresco House Brick Black Wallpaper,£12.00,https://static.thcdn.com/images/xsmall/webp//productimg/original/12835581-1554831604517252.jpg,https://www.homebase.co.uk/fresco-house-brick-black-wallpaper/12835581.html,homebase
Dulux Quick Dry Satinwood Black - 750ml,"£22.00
£29.33 per L",https://static.thcdn.com/images/xsmall/webp//productimg/original/12810710-1944831604069292.jpg,https://www.homebase.co.uk/dulux-quick-dry-satinwood-black-750ml/12810710.html,homebase
General Purpose Black Plastic Bucket - 14L,£1.75,https://static.thcdn.com/images/xsmall/webp//productimg/original/12818997-2034831882511379.jpg,https://www.homebase.co.uk/general-purpose-black-plastic-bucket-14l/12818997.html,homebase
Superfresco Easy Kaya Mono Wallpaper,£20.00,https://static.thcdn.com/images/xsmall/webp//productimg/original/13991894-7045003726517519.jpg,https://www.homebase.co.uk/superfresco-easy-kaya-mono-wallpaper/13991894.html,homebase
HomeBuild 3PC Paint Brush 1/1.5/2.5in,£4.50,https://static.thcdn.com/images/xsmall/webp//productimg/original/12822795-1385051167729518.jpg,https://www.homebase.co.uk/homebuild-3pc-paint-brush-1-1.5-2.5in/12822795.html,homebase
Bellevue 1 Light Industrial Pendant - Black,£55.00,https://static.thcdn.com/images/xsmall/webp//productimg/original/13177664-2024976242549986.jpg,https://www.homebase.co.uk/bellevue-1-light-industrial-pendant-black/13177664.html,homebase
Rust-Oleum Matt Furniture Paint Black Sand - 750ml,"£19.00
£25.33 per L",https://static.thcdn.com/images/xsmall/webp//productimg/original/13505975-2134940742094740.jpg,https://www.homebase.co.uk/rust-oleum-matt-furniture-paint-black-sand-750ml/13505975.html,homebase
Crown Easyclean Washable & Wipeable Multi Surface Matt Paint Rebel - 2.5L,"£22.00
£8.80 per L",https://static.thcdn.com/images/xsmall/webp//productimg/original/12823596-1504847600259294.jpg,https://www.homebase.co.uk/crown-easyclean-washable-wipeable-multi-surface-matt-paint-rebel-2.5l/12823596.html,homebase
Set of 4 HomeBuild Paint Brushes - 25/2x38/50mm,£5.50,https://static.thcdn.com/images/xsmall/webp//productimg/original/12822793-1565051167985568.jpg,https://www.homebase.co.uk/set-of-4-homebuild-paint-brushes-25-2x38-50mm/12822793.html,homebase
Rust-Oleum Universal Matt Paint Black - 750ml,"£22.00
£29.33 per L",https://static.thcdn.com/images/xsmall/webp//productimg/original/13367356-1414904220171798.jpg,https://www.homebase.co.uk/rust-oleum-universal-matt-paint-black-750ml/13367356.html,homebase
Grandeco Layla Black Wallpaper,£20.00,https://static.thcdn.com/images/xsmall/webp//productimg/original/12839835-8964831967232060.jpg,https://www.homebase.co.uk/grandeco-layla-black-wallpaper/12839835.html,homebase
Crown Quick Dry Satin Paint Jet Black - 750ml,"£19.00
£25.33 per L",https://static.thcdn.com/images/xsmall/webp//productimg/original/14883436-1385076596741493.jpg,https://www.homebase.co.uk/crown-quick-dry-satin-paint-jet-black-750ml/14883436.html,homebase
Cuprinol 5 Year Ducksback Black - 5L,"£14.00
£2.80 per L",https://static.thcdn.com/images/xsmall/webp//productimg/original/12810296-5304865616070164.jpg,https://www.homebase.co.uk/cuprinol-5-year-ducksback-black-5l/12810296.html,homebase
Annie Sloan Athenian Black Chalk Paint - 1L,"£27.00
£27.00 per L",https://static.thcdn.com/images/xsmall/webp//productimg/original/13965672-1844995161264757.jpg,https://www.homebase.co.uk/annie-sloan-athenian-black-chalk-paint-1l/13965672.html,homebase
Ronseal Diamond Hard Floor Paint Black - 750ml,"£20.00
£26.67 per L",https://static.thcdn.com/images/xsmall/webp//productimg/original/12841581-5194960430918493.jpg,https://www.homebase.co.uk/ronseal-diamond-hard-floor-paint-black-750ml/12841581.html,homebase
Harris Essentials Walls & Ceilings & Woodwork Gloss Paint Brush 10 Pack,£15.00,https://static.thcdn.com/images/xsmall/webp//productimg/original/12891618-3524866065010966.jpg,https://www.homebase.co.uk/harris-essentials-walls-ceilings-woodwork-gloss-paint-brush-10-pack/12891618.html,homebase
Rust-Oleum Painters Touch Matt Paint Black - 250ml,"£10.00
£40.00 per L",https://static.thcdn.com/images/xsmall/webp//productimg/original/14606448-1855053507588395.jpg,https://www.homebase.co.uk/rust-oleum-painters-touch-matt-paint-black-250ml/14606448.html,homebase
Dulux Quick Dry Eggshell Paint Black - 750ml,"£22.00
£29.33 per L",https://static.thcdn.com/images/xsmall/webp//productimg/original/12837024-1104831916808108.jpg,https://www.homebase.co.uk/dulux-quick-dry-eggshell-paint-black-750ml/12837024.html,homebase
Crown Easyclean Mouldguard+ Bathroom Mid Sheen Washable Multi Surface Paint Rebel® - 2.5L,"£22.00
£8.80 per L",https://static.thcdn.com/images/xsmall/webp//productimg/original/12886771-2044847492951559.jpg,https://www.homebase.co.uk/crown-easyclean-mouldguard-bathroom-mid-sheen-washable-multi-surface-paint-rebel-2.5l/12886771.html,homebase
Homebase Interior Quick Dry Satin Paint Zebra Black - 750ml,"£15.00
£20.00 per L",https://static.thcdn.com/images/xsmall/webp//productimg/original/12833050-2024831918823526.jpg,https://www.homebase.co.uk/homebase-interior-quick-dry-satin-paint-zebra-black-750ml/12833050.html,homebase
Rust-Oleum Universal Matt Paint Black - 250ml,"£12.00
£48.00 per L",https://static.thcdn.com/images/xsmall/webp//productimg/original/13367355-1544904219552001.jpg,https://www.homebase.co.uk/rust-oleum-universal-matt-paint-black-250ml/13367355.html,homebase
Farrow & Ball Estate Matt Emulsion Paint Joa's White - 2.5L,"£54.00
£21.60 per L",https://static.thcdn.com/images/xsmall/webp//productimg/original/12845115-2124952921260854.jpg,https://www.homebase.co.uk/farrow-ball-estate-matt-emulsion-paint-joa-s-white-2.5l/12845115.html,homebase
Homebase Matt Emulsion Paint Zebra Black - 2.5L,"£15.00
£6.00 per L",https://static.thcdn.com/images/xsmall/webp//productimg/original/12836085-1774831948799031.jpg,https://www.homebase.co.uk/homebase-matt-emulsion-paint-zebra-black-2.5l/12836085.html,homebase
Rust-Oleum Chalkboard Paint Matt Black - 750ml,"£17.00
£22.67 per L",https://static.thcdn.com/images/xsmall/webp//productimg/original/12804695-1734831959376755.jpg,https://www.homebase.co.uk/rust-oleum-chalkboard-paint-matt-black-750ml/12804695.html,homebase
Farrow & Ball Estate Eggshell Pitch Black - 750ml,"£32.00
£42.67 per L",https://static.thcdn.com/images/xsmall/webp//productimg/original/12844176-1204951868963013.jpg,https://www.homebase.co.uk/farrow-ball-estate-eggshell-pitch-black-750ml/12844176.html,homebase
Farrow & Ball Modern Matt Emulsion Paint Blackened - 2.5L,"£59.00
£23.60 per L",https://static.thcdn.com/images/xsmall/webp//productimg/original/12811724-1384951340361666.jpg,https://www.homebase.co.uk/farrow-ball-modern-matt-emulsion-paint-blackened-2.5l/12811724.html,homebase
Dulux Simply Refresh Feature Wall One Coat Matt Emulsion Paint Cannon Ball - 1.25L,"£21.00
£16.80 per L",https://static.thcdn.com/images/xsmall/webp//productimg/original/12881588-1814843855757643.jpg,https://www.homebase.co.uk/dulux-simply-refresh-feature-wall-one-coat-matt-emulsion-paint-cannon-ball-1.25l/12881588.html,homebase
Farrow & Ball Estate Matt Emulsion Paint Pitch Black - 2.5L,"£54.00
£21.60 per L",https://static.thcdn.com/images/xsmall/webp//productimg/original/12842208-1824951866119541.jpg,https://www.homebase.co.uk/farrow-ball-estate-matt-emulsion-paint-pitch-black-2.5l/12842208.html,homebase
Hammerite Direct to Rust Metal Paint Smooth Black - 250ml,"£13.00
£52.00 per L",https://static.thcdn.com/images/xsmall/webp//productimg/original/12841832-2094831884746538.jpg,https://www.homebase.co.uk/hammerite-direct-to-rust-metal-paint-smooth-black-250ml/12841832.html,homebase
"BLACK+DECKER Power Tool Triple Pack (BCK28S1-GB) - Combi Drill, Sander & Jigsaw","Was £100.00
£90.00",https://static.thcdn.com/images/xsmall/webp//productimg/original/13103347-1584956284742063.png,https://www.homebase.co.uk/black-decker-power-tool-triple-pack-bck28s1-gb-combi-drill-sander-jigsaw/13103347.html,homebase
Sandtex Ultra Smooth Masonry Paint Black - 1L,"£15.00
£15.00 per L",https://static.thcdn.com/images/xsmall/webp//productimg/original/12804807-1044870255977744.jpg,https://www.homebase.co.uk/sandtex-ultra-smooth-masonry-paint-black-1l/12804807.html,homebase
Dulux Easycare Washable & Tough Matt Paint Rich Black - 2.5L,"£25.00
£10.00 per L",https://static.thcdn.com/images/xsmall/webp//productimg/original/12815718-1364831967812668.jpg,https://www.homebase.co.uk/dulux-easycare-washable-tough-matt-paint-rich-black-2.5l/12815718.html,homebase
Crown Matt Emulsion Paint Rebel - 2.5L,"£18.00
£7.20 per L",https://static.thcdn.com/images/xsmall/webp//productimg/original/13807032-1894964057948592.jpg,https://www.homebase.co.uk/crown-matt-emulsion-paint-rebel-2.5l/13807032.html,homebase
Homebase Smooth Masonry Colour Paint Tester - Black 250ml,£3.00,https://static.thcdn.com/images/xsmall/webp//productimg/original/12833089-1724831918189770.jpg,https://www.homebase.co.uk/homebase-smooth-masonry-colour-paint-tester-black-250ml/12833089.html,homebase
"Maison Deco Refresh Kitchen Cupboards, Worktops & Splashbacks Paint Charcoal Black - 2L","£40.00
£20.00 per L",https://static.thcdn.com/images/xsmall/webp//productimg/original/12878353-7054866385650252.jpg,https://www.homebase.co.uk/maison-deco-refresh-kitchen-cupboards-worktops-splashbacks-paint-charcoal-black-2l/12878353.html,homebase
Farrow & Ball Estate Matt Emulsion Paint White Tie - 2.5L,"£54.00
£21.60 per L",https://static.thcdn.com/images/xsmall/webp//productimg/original/12812326-2074952645929008.jpg,https://www.homebase.co.uk/farrow-ball-estate-matt-emulsion-paint-white-tie-2.5l/12812326.html,homebase
BLACK+DECKER 400W Corded Fine Paint Sprayer (HVLP200-GB),£65.00,https://static.thcdn.com/images/xsmall/webp//productimg/original/12838397-6804831909866150.jpg,https://www.homebase.co.uk/black-decker-400w-corded-fine-paint-sprayer-hvlp200-gb/12838397.html,homebase
Rust-Oleum Chalky Floor Paint Black Sand - 2.5L,"£43.00
£17.20 per L",https://static.thcdn.com/images/xsmall/webp//productimg/original/14606519-1615053487025252.jpg,https://www.homebase.co.uk/rust-oleum-chalky-floor-paint-black-sand-2.5l/14606519.html,homebase
Dulux Simply Refresh Multi Surface Eggshell Paint Rich Black - 750ml,"£30.00
£40.00 per L",https://static.thcdn.com/images/xsmall/webp//productimg/original/14272800-7835036376164925.jpg,https://www.homebase.co.uk/dulux-simply-refresh-multi-surface-eggshell-paint-rich-black-750ml/14272800.html,homebase
Ronseal One Coat Fence Life Paint Tudor Black Oak - 5L,"£12.00
£2.40 per L",https://static.thcdn.com/images/xsmall/webp//productimg/original/12804242-2004942087300050.png,https://www.homebase.co.uk/ronseal-one-coat-fence-life-paint-tudor-black-oak-5l/12804242.html,homebase
Rust-Oleum Universal Satin Paint Black - 750ml,"£22.00
£29.33 per L",https://static.thcdn.com/images/xsmall/webp//productimg/original/13367358-8374904225545971.jpg,https://www.homebase.co.uk/rust-oleum-universal-satin-paint-black-750ml/13367358.html,homebase
Dulux Silk Paint Rich Black - 2.5L,"£20.00
£8.00 per L",https://static.thcdn.com/images/xsmall/webp//productimg/original/12804480-1054843297112937.jpg,https://www.homebase.co.uk/dulux-silk-paint-rich-black-2.5l/12804480.html,homebase
Crown Easyclean Greaseguard+ Kitchen Matt Washable Multi Surface Paint Marble Top - 2.5L,"£22.00
£8.80 per L",https://static.thcdn.com/images/xsmall/webp//productimg/original/12886965-7894847492173485.jpg,https://www.homebase.co.uk/crown-easyclean-greaseguard-kitchen-matt-washable-multi-surface-paint-marble-top-2.5l/12886965.html,homebase
Pack of 2 HomeBuild Paint Brushes Hollow - 75/100mm,£5.50,https://static.thcdn.com/images/xsmall/webp//productimg/original/12822791-5145051167620579.jpg,https://www.homebase.co.uk/pack-of-2-homebuild-paint-brushes-hollow-75-100mm/12822791.html,homebase
Rust-Oleum Matt Furniture Paint Black Sand - 125ml,£6.00,https://static.thcdn.com/images/xsmall/webp//productimg/original/14606514-3875053485253485.jpg,https://www.homebase.co.uk/rust-oleum-matt-furniture-paint-black-sand-125ml/14606514.html,homebase
Farrow & Ball Modern Eggshell Paint Pitch Black - 750ml,"£34.00
£45.33 per L",https://static.thcdn.com/images/xsmall/webp//productimg/original/12820366-2134951849573065.jpg,https://www.homebase.co.uk/farrow-ball-modern-eggshell-paint-pitch-black-750ml/12820366.html,homebase
Chester Single Pendant Light - Black,£60.00,https://static.thcdn.com/images/xsmall/webp//productimg/original/13865027-3574977253283613.jpg,https://www.homebase.co.uk/chester-single-pendant-light-black/13865027.html,homebase
Maison Deco Refresh Floor & Stairs Paint Charcoal Black - 2L,"£40.00
£20.00 per L",https://static.thcdn.com/images/xsmall/webp//productimg/original/12878372-1134866365577726.jpg,https://www.homebase.co.uk/maison-deco-refresh-floor-stairs-paint-charcoal-black-2l/12878372.html,homebase
Ronseal One Coat Fence Life Paint Tudor Black Oak - 9L,"£18.00
£2.00 per L",https://static.thcdn.com/images/xsmall/webp//productimg/original/13032828-8834942087180065.png,https://www.homebase.co.uk/ronseal-one-coat-fence-life-paint-tudor-black-oak-9l/13032828.html,homebase
Farrow & Ball Modern Matt Emulsion Paint Pitch Black - 2.5L,"£59.00
£23.60 per L",https://static.thcdn.com/images/xsmall/webp//productimg/original/12811547-5404951872909900.jpg,https://www.homebase.co.uk/farrow-ball-modern-matt-emulsion-paint-pitch-black-2.5l/12811547.html,homebase
Rust-Oleum Universal Satin Paint Black - 250ml,"£12.00
£48.00 per L",https://static.thcdn.com/images/xsmall/webp//productimg/original/13367361-5794904225008605.jpg,https://www.homebase.co.uk/rust-oleum-universal-satin-paint-black-250ml/13367361.html,homebase
ELLE Decoration by Crown Flat Matt Paint Black Glass - 2.5L,"£38.00
£15.20 per L",https://static.thcdn.com/images/xsmall/webp//productimg/original/12834331-1394873580380515.jpg,https://www.homebase.co.uk/elle-decoration-by-crown-flat-matt-paint-black-glass-2.5l/12834331.html,homebase
Annie Sloan Black Wax - 120ml,£7.00,https://static.thcdn.com/images/xsmall/webp//productimg/original/13965836-1584995162139782.jpg,https://www.homebase.co.uk/annie-sloan-black-wax-120ml/13965836.html,homebase
Next Deco Geometric Black Wallpaper,£34.00,https://static.thcdn.com/images/xsmall/webp//productimg/original/13956084-1044998026107755.jpg,https://www.homebase.co.uk/next-deco-geometric-black-wallpaper/13956084.html,homebase
Dulux Non Drip Gloss Paint Black - 2.5L,"£38.00
£15.20 per L",https://static.thcdn.com/images/xsmall/webp//productimg/original/12810145-1504831955175315.jpg,https://www.homebase.co.uk/dulux-non-drip-gloss-paint-black-2.5l/12810145.html,homebase
Homebase Interior Quick Dry Gloss Paint Zebra Black - 750ml,"£15.00
£20.00 per L",https://static.thcdn.com/images/xsmall/webp//productimg/original/12832712-1844831918905690.jpg,https://www.homebase.co.uk/homebase-interior-quick-dry-gloss-paint-zebra-black-750ml/12832712.html,homebase
Farrow & Ball Modern Matt Emulsion Paint White Tie - 2.5L,"£59.00
£23.60 per L",https://static.thcdn.com/images/xsmall/webp//productimg/original/12810646-2094951337879955.jpg,https://www.homebase.co.uk/farrow-ball-modern-matt-emulsion-paint-white-tie-2.5l/12810646.html,homebase
Cuprinol Garden Shades Black Ash - 2.5L,"£24.00
£9.60 per L",https://static.thcdn.com/images/xsmall/webp//productimg/original/12804485-9184949843020290.png,https://www.homebase.co.uk/cuprinol-garden-shades-black-ash-2.5l/12804485.html,homebase
Farrow & Ball Estate Matt Emulsion Paint Oval Room Blue - 2.5L,"£54.00
£21.60 per L",https://static.thcdn.com/images/xsmall/webp//productimg/original/12804499-1264951333839666.jpg,https://www.homebase.co.uk/farrow-ball-estate-matt-emulsion-paint-oval-room-blue-2.5l/12804499.html,homebase
Craig & Rose 1829 Chalky Emulsion Paint Jet Black - 2.5L,"£42.00
£16.80 per L",https://static.thcdn.com/images/xsmall/webp//productimg/original/12820570-5674831962111306.jpg,https://www.homebase.co.uk/craig-rose-1829-chalky-emulsion-paint-jet-black-2.5l/12820570.html,homebase
Farrow & Ball Estate Matt Emulsion Paint Off Black - 2.5L,"£54.00
£21.60 per L",https://static.thcdn.com/images/xsmall/webp//productimg/original/12842501-1604951868070510.jpg,https://www.homebase.co.uk/farrow-ball-estate-matt-emulsion-paint-off-black-2.5l/12842501.html,homebase
Chester 3 Light Pendant - Black,£125.00,https://static.thcdn.com/images/xsmall/webp//productimg/original/13864151-1274977253536585.jpg,https://www.homebase.co.uk/chester-3-light-pendant-black/13864151.html,homebase
Homebase Smooth Masonry Paint - Black 5L,"£28.00
£5.60 per L",https://static.thcdn.com/images/xsmall/webp//productimg/original/12833264-1014831918537941.jpg,https://www.homebase.co.uk/homebase-smooth-masonry-paint-black-5l/12833264.html,homebase
Hammerite Garage Door Paint Black - 750ml,"£21.00
£28.00 per L",https://static.thcdn.com/images/xsmall/webp//productimg/original/12842150-1774831603684593.jpg,https://www.homebase.co.uk/hammerite-garage-door-paint-black-750ml/12842150.html,homebase
Farrow & Ball Estate Matt Emulsion Paint Babouche - 2.5L,"£54.00
£21.60 per L",https://static.thcdn.com/images/xsmall/webp//productimg/original/12819929-7724952647738545.jpg,https://www.homebase.co.uk/farrow-ball-estate-matt-emulsion-paint-babouche-2.5l/12819929.html,homebase
Annie Sloan Athenian Black Chalk Paint - 120ml,£8.00,https://static.thcdn.com/images/xsmall/webp//productimg/original/13965716-6704995161309550.jpg,https://www.homebase.co.uk/annie-sloan-athenian-black-chalk-paint-120ml/13965716.html,homebase
Ronseal Diamond Hard Doorstep Paint Black - 750ml,"£19.00
£25.33 per L",https://static.thcdn.com/images/xsmall/webp//productimg/original/12841262-1704847480391456.jpg,https://www.homebase.co.uk/ronseal-diamond-hard-doorstep-paint-black-750ml/12841262.html,homebase
Annie Sloan Satin Paint Athenian Black - 750ml,"£25.00
£33.33 per L",https://static.thcdn.com/images/xsmall/webp//productimg/original/13965823-6854996180474149.jpg,https://www.homebase.co.uk/annie-sloan-satin-paint-athenian-black-750ml/13965823.html,homebase
Shea Glass Easy Fit Shade - Black,£15.00,https://static.thcdn.com/images/xsmall/webp//productimg/original/13529621-2125009205572964.jpg,https://www.homebase.co.uk/shea-glass-easy-fit-shade-black/13529621.html,homebase
Texas Black Painted Steel Stripe Fire Basket,£50.00,https://static.thcdn.com/images/xsmall/webp//productimg/original/12884644-7904846438972524.jpg,https://www.homebase.co.uk/texas-black-painted-steel-stripe-fire-basket/12884644.html,homebase
Farrow & Ball Estate Eggshell Paint Railings - 2.5L,"£74.00
£29.60 per L",https://static.thcdn.com/images/xsmall/webp//productimg/original/12805844-2084951336324773.jpg,https://www.homebase.co.uk/farrow-ball-estate-eggshell-paint-railings-2.5l/12805844.html,homebase
Rust-Oleum Magnetic Chalkboard Paint Matt Black - 750ml,"£19.00
£25.33 per L",https://static.thcdn.com/images/xsmall/webp//productimg/original/12840768-5594831910219895.jpg,https://www.homebase.co.uk/rust-oleum-magnetic-chalkboard-paint-matt-black-750ml/12840768.html,homebase
Hammerite Direct to Rust Paint Hammered Black - 250ml,"£13.00
£52.00 per L",https://static.thcdn.com/images/xsmall/webp//productimg/original/12841799-8404847447728878.jpg,https://www.homebase.co.uk/hammerite-direct-to-rust-paint-hammered-black-250ml/12841799.html,homebase
Crown Quick Dry Gloss Paint Jet Black - 750ml,"£19.00
£25.33 per L",https://static.thcdn.com/images/xsmall/webp//productimg/original/14883435-1135076596696940.jpg,https://www.homebase.co.uk/crown-quick-dry-gloss-paint-jet-black-750ml/14883435.html,homebase
Farrow & Ball Estate Eggshell Paint Off Black - 750ml,"£32.00
£42.67 per L",https://static.thcdn.com/images/xsmall/webp//productimg/original/12843724-1774951868826063.jpg,https://www.homebase.co.uk/farrow-ball-estate-eggshell-paint-off-black-750ml/12843724.html,homebase
Farrow & Ball Eggshell Paint Off-Black - 2.5L,"£74.00
£29.60 per L",https://static.thcdn.com/images/xsmall/webp//productimg/original/12807078-9264951870879800.jpg,https://www.homebase.co.uk/farrow-ball-eggshell-paint-off-black-2.5l/12807078.html,homebase
Rust-Oleum Universal All-Surface Gloss Paint Black - 750ml,"£22.00
£29.33 per L",https://static.thcdn.com/images/xsmall/webp//productimg/original/13367359-1514902924853038.jpg,https://www.homebase.co.uk/rust-oleum-universal-all-surface-gloss-paint-black-750ml/13367359.html,homebase
BLACK+DECKER Powerfile 350W Corded Belt Sander with Sanding Sheets (KA900E-GB),£50.00,https://static.thcdn.com/images/xsmall/webp//productimg/original/12838544-3974831909454841.jpg,https://www.homebase.co.uk/black-decker-powerfile-350w-corded-belt-sander-with-sanding-sheets-ka900e-gb/12838544.html,homebase
BLACK+DECKER 115mm 710W Corded Angle Grinder with 5 Cutting Discs (BEG010A5-GB),£35.00,https://static.thcdn.com/images/xsmall/webp//productimg/original/12838248-1694831910546913.jpg,https://www.homebase.co.uk/black-decker-115mm-710w-corded-angle-grinder-with-5-cutting-discs-beg010a5-gb/12838248.html,homebase
Next Scatter Geometric Black Wallpaper,£34.00,https://static.thcdn.com/images/xsmall/webp//productimg/original/13827401-1334969471829310.jpg,https://www.homebase.co.uk/next-scatter-geometric-black-wallpaper/13827401.html,homebase
Hammerite Satin Radiator Paint Black - 250ml,"£13.00
£52.00 per L",https://static.thcdn.com/images/xsmall/webp//productimg/original/12844239-4574831968197064.jpg,https://www.homebase.co.uk/hammerite-satin-radiator-paint-black-250ml/12844239.html,homebase
Superfresco Easy Dalmatian Black and White Wallpaper,£18.00,https://static.thcdn.com/images/xsmall/webp//productimg/original/13991898-8575003726370423.jpg,https://www.homebase.co.uk/superfresco-easy-dalmatian-black-and-white-wallpaper/13991898.html,homebase
Belgravia Decor Amara Damask Black Textured Wallpaper,£28.00,https://static.thcdn.com/images/xsmall/webp//productimg/original/14406772-3935040549451206.jpg,https://www.homebase.co.uk/belgravia-decor-amara-damask-black-textured-wallpaper/14406772.html,homebase
Vitrex Tile Markers - Black & Red - 2 pack,"Was £2.10
£1.00",https://static.thcdn.com/images/xsmall/webp//productimg/original/12808519-1974831431814443.jpg,https://www.homebase.co.uk/vitrex-tile-markers-black-red-2-pack/12808519.html,homebase
BLACK+DECKER 4-in-1 200W Corded Multi Sander (BEW200-GB),£45.00,https://static.thcdn.com/images/xsmall/webp//productimg/original/12838540-1284831909909209.jpg,https://www.homebase.co.uk/black-decker-4-in-1-200w-corded-multi-sander-bew200-gb/12838540.html,homebase
HomeBuild Pack of 2 Paint Brushes - 1.5/2in,£4.00,https://static.thcdn.com/images/xsmall/webp//productimg/original/12822789-1025051168272983.jpg,https://www.homebase.co.uk/homebuild-pack-of-2-paint-brushes-1.5-2in/12822789.html,homebase
Farrow & Ball Estate Matt Emulsion Paint Blackened - 2.5L,"£54.00
£21.60 per L",https://static.thcdn.com/images/xsmall/webp//productimg/original/12820783-6474952647311231.jpg,https://www.homebase.co.uk/farrow-ball-estate-matt-emulsion-paint-blackened-2.5l/12820783.html,homebase
BLACK+DECKER 2400W Corded Wallpaper Stripper (KX3300T-GB),£57.00,https://static.thcdn.com/images/xsmall/webp//productimg/original/12838394-2074831909944996.jpg,https://www.homebase.co.uk/black-decker-2400w-corded-wallpaper-stripper-kx3300t-gb/12838394.html,homebase
Fablon Sticky Back Plastic - Black - 450mm x 2m,£8.00,https://static.thcdn.com/images/xsmall/webp//productimg/original/12811180-1884831947644121.jpg,https://www.homebase.co.uk/fablon-sticky-back-plastic-black-450mm-x-2m/12811180.html,homebase
Farrow & Ball Modern Eggshell Paint Railings - 750ml,"£34.00
£45.33 per L",https://static.thcdn.com/images/xsmall/webp//productimg/original/12820372-6144952656028673.jpg,https://www.homebase.co.uk/farrow-ball-modern-eggshell-paint-railings-750ml/12820372.html,homebase
Dulux Matt Paint Rich Black - Tester 30ml,£2.45,https://static.thcdn.com/images/xsmall/webp//productimg/original/12820408-1234831948501548.jpg,https://www.homebase.co.uk/dulux-matt-paint-rich-black-tester-30ml/12820408.html,homebase
Hammerite Ultima Smooth Metal Paint Black - 750ml,"£29.00
£38.67 per L",https://static.thcdn.com/images/xsmall/webp//productimg/original/12837048-1674831917010800.jpg,https://www.homebase.co.uk/hammerite-ultima-smooth-metal-paint-black-750ml/12837048.html,homebase
Dulux Simply Refresh Multi Surface Eggshell Paint Cannon Ball - 750ml,"£30.00
£40.00 per L",https://static.thcdn.com/images/xsmall/webp//productimg/original/14272799-1585036375523321.jpg,https://www.homebase.co.uk/dulux-simply-refresh-multi-surface-eggshell-paint-cannon-ball-750ml/14272799.html,homebase
Farrow & Ball Estate Matt Emulsion Paint Dix Blue - 2.5L,"£54.00
£21.60 per L",https://static.thcdn.com/images/xsmall/webp//productimg/original/12804426-1664951333430604.jpg,https://www.homebase.co.uk/farrow-ball-estate-matt-emulsion-paint-dix-blue-2.5l/12804426.html,homebase
Farrow & Ball Estate Matt Emulsion Paint Charlotte's Locks - 2.5L,"£54.00
£21.60 per L",https://static.thcdn.com/images/xsmall/webp//productimg/original/12808558-1304951337632830.jpg,https://www.homebase.co.uk/farrow-ball-estate-matt-emulsion-paint-charlotte-s-locks-2.5l/12808558.html,homebase
Ribbon Geo Charcoal Wallpaper,£14.00,https://static.thcdn.com/images/xsmall/webp//productimg/original/12939728-8694851606941250.jpg,https://www.homebase.co.uk/ribbon-geo-charcoal-wallpaper/12939728.html,homebase
Maison Deco Refresh Radiator Paint Charcoal Black - 750ml,"£27.00
£36.00 per L",https://static.thcdn.com/images/xsmall/webp//productimg/original/12878379-2044866647744139.jpg,https://www.homebase.co.uk/maison-deco-refresh-radiator-paint-charcoal-black-750ml/12878379.html,homebase
Ronseal Diamond Hard Floor Paint Black - 2.5L,"£36.00
£14.40 per L",https://static.thcdn.com/images/xsmall/webp//productimg/original/12841753-5214847479509873.jpg,https://www.homebase.co.uk/ronseal-diamond-hard-floor-paint-black-2.5l/12841753.html,homebase
Homebase Matt Emulsion Paint Zebra Black - Tester 90ml,£2.00,https://static.thcdn.com/images/xsmall/webp//productimg/original/12835335-2404831947525867.jpg,https://www.homebase.co.uk/homebase-matt-emulsion-paint-zebra-black-tester-90ml/12835335.html,homebase
Sandtex Exterior 10 Year Satin Paint Black - 750ml,"£28.00
£37.33 per L",https://static.thcdn.com/images/xsmall/webp//productimg/original/12811207-1814871315209041.jpg,https://www.homebase.co.uk/sandtex-exterior-10-year-satin-paint-black-750ml/12811207.html,homebase
Farrow & Ball Modern Eggshell Paint Off-Black - 750ml,"£34.00
£45.33 per L",https://static.thcdn.com/images/xsmall/webp//productimg/original/12820235-5244951849714386.jpg,https://www.homebase.co.uk/farrow-ball-modern-eggshell-paint-off-black-750ml/12820235.html,homebase
Farrow & Ball Full Gloss Paint Pitch Black - 750ml,"£32.00
£42.67 per L",https://static.thcdn.com/images/xsmall/webp//productimg/original/12832672-1824952917433121.jpg,https://www.homebase.co.uk/farrow-ball-full-gloss-paint-pitch-black-750ml/12832672.html,homebase
Annie Sloan Black Wax - 500ml,"£14.00
£28.00 per L",https://static.thcdn.com/images/xsmall/webp//productimg/original/13965841-2124995162949263.jpg,https://www.homebase.co.uk/annie-sloan-black-wax-500ml/13965841.html,homebase
Dulux Heritage Matt Emulsion Paint Ravens Flight - Tester 125ml,£4.50,https://static.thcdn.com/images/xsmall/webp//productimg/original/12886128-1644843801533948.jpg,https://www.homebase.co.uk/dulux-heritage-matt-emulsion-paint-ravens-flight-tester-125ml/12886128.html,homebase
Hammerite Direct to Rust Metal Paint Black - 2.5L,"£47.00
£18.80 per L",https://static.thcdn.com/images/xsmall/webp//productimg/original/12804455-1654842737299497.jpg,https://www.homebase.co.uk/hammerite-direct-to-rust-metal-paint-black-2.5l/12804455.html,homebase
Cuprinol One Coat Sprayable Shed & Fence Paint Black - 5L,"£25.00
£5.00 per L",https://static.thcdn.com/images/xsmall/webp//productimg/original/12836871-1154831961782152.jpg,https://www.homebase.co.uk/cuprinol-one-coat-sprayable-shed-fence-paint-black-5l/12836871.html,homebase
Ronseal Fence Life Plus Paint Tudor Black Oak - 5L,"£14.00
£2.80 per L",https://static.thcdn.com/images/xsmall/webp//productimg/original/12833707-2924960722476040.jpg,https://www.homebase.co.uk/ronseal-fence-life-plus-paint-tudor-black-oak-5l/12833707.html,homebase
Farrow & Ball Modern Emulsion Paint Off-Black - 2.5L,"£59.00
£23.60 per L",https://static.thcdn.com/images/xsmall/webp//productimg/original/12813640-1684951874673933.jpg,https://www.homebase.co.uk/farrow-ball-modern-emulsion-paint-off-black-2.5l/12813640.html,homebase
Farrow & Ball Modern Eggshell Paint Pitch Black - 2.5L,"£81.00
£32.40 per L",https://static.thcdn.com/images/xsmall/webp//productimg/original/12819378-1274910199933180.jpg,https://www.homebase.co.uk/farrow-ball-modern-eggshell-paint-pitch-black-2.5l/12819378.html,homebase
Homebase Tough & Durable Matt Paint Zebra Black - 2.5L,"£19.00
£7.60 per L",https://static.thcdn.com/images/xsmall/webp//productimg/original/12836958-6094831966198995.jpg,https://www.homebase.co.uk/homebase-tough-durable-matt-paint-zebra-black-2.5l/12836958.html,homebase
Farrow & Ball Estate Eggshell Paint Studio Green - 2.5L,"£74.00
£29.60 per L",https://static.thcdn.com/images/xsmall/webp//productimg/original/12807730-1084951343617584.jpg,https://www.homebase.co.uk/farrow-ball-estate-eggshell-paint-studio-green-2.5l/12807730.html,homebase
Homebuild Black Tape 48mm x 30m,£7.50,https://static.thcdn.com/images/xsmall/webp//productimg/original/13118979-1475051167255218.jpg,https://www.homebase.co.uk/homebuild-black-tape-48mm-x-30m/13118979.html,homebase
BLACK+DECKER Dual Heat Settings 1750W Corded Heat Gun (KX1650-GB),£25.00,https://static.thcdn.com/images/xsmall/webp//productimg/original/12838396-1784831909845717.jpg,https://www.homebase.co.uk/black-decker-dual-heat-settings-1750w-corded-heat-gun-kx1650-gb/12838396.html,homebase
Set of 5 HomeBuild Paint Brushes - 13/25/38/2x50mm,£6.00,https://static.thcdn.com/images/xsmall/webp//productimg/original/12822794-1715051167520988.jpg,https://www.homebase.co.uk/set-of-5-homebuild-paint-brushes-13-25-38-2x50mm/12822794.html,homebase
Rust-Oleum Painter's Touch Multi-Purpose Satin Paint Black - 250ml,"£10.00
£40.00 per L",https://static.thcdn.com/images/xsmall/webp//productimg/original/12804649-1874831944314835.jpg,https://www.homebase.co.uk/rust-oleum-painter-s-touch-multi-purpose-satin-paint-black-250ml/12804649.html,homebase
Dulux Weathershield All Weather Smooth Masonry Paint Black - 2.5L,"£26.00
£10.40 per L",https://static.thcdn.com/images/xsmall/webp//productimg/original/12822695-7054831947077541.jpg,https://www.homebase.co.uk/dulux-weathershield-all-weather-smooth-masonry-paint-black-2.5l/12822695.html,homebase
Farrow & Ball Estate Matt Emulsion Paint Hardwick White - 2.5L,"£54.00
£21.60 per L",https://static.thcdn.com/images/xsmall/webp//productimg/original/12837850-1754952920820970.jpg,https://www.homebase.co.uk/farrow-ball-estate-matt-emulsion-paint-hardwick-white-2.5l/12837850.html,homebase
Farrow & Ball Estate Matt Emulsion Paint Studio Green - 2.5L,"£54.00
£21.60 per L",https://static.thcdn.com/images/xsmall/webp//productimg/original/12807483-8104951340520462.jpg,https://www.homebase.co.uk/farrow-ball-estate-matt-emulsion-paint-studio-green-2.5l/12807483.html,homebase
Sandtex Ultra Smooth Masonry Paint Cotton Belt - 5L,"£32.00
£6.40 per L",https://static.thcdn.com/images/xsmall/webp//productimg/original/12809833-4384871561028867.jpg,https://www.homebase.co.uk/sandtex-ultra-smooth-masonry-paint-cotton-belt-5l/12809833.html,homebase
Rust-Oleum Painters Touch Enamel Black MT - 20ml,£4.00,https://static.thcdn.com/images/xsmall/webp//productimg/original/12808779-1414831954995432.jpg,https://www.homebase.co.uk/rust-oleum-painters-touch-enamel-black-mt-20ml/12808779.html,homebase
Farrow & Ball Modern Matt Emulsion Paint No.305 Hopper Head - 2.5L,"£59.00
£23.60 per L",https://static.thcdn.com/images/xsmall/webp//productimg/original/13911884-1434992595985166.jpg,https://www.homebase.co.uk/farrow-ball-modern-matt-emulsion-paint-no.305-hopper-head-2.5l/13911884.html,homebase
Sublime Japan Black & Green Wallpaper,£26.00,https://static.thcdn.com/images/xsmall/webp//productimg/original/12828915-1844831950310830.jpg,https://www.homebase.co.uk/sublime-japan-black-green-wallpaper/12828915.html,homebase
Superfresco Easy Confetti Black White Wallpaper,£22.00,https://static.thcdn.com/images/xsmall/webp//productimg/original/12841072-2004831961763810.jpg,https://www.homebase.co.uk/superfresco-easy-confetti-black-white-wallpaper/12841072.html,homebase
Farrow & Ball Modern Matt Emulsion Paint Railings - 2.5L,"£59.00
£23.60 per L",https://static.thcdn.com/images/xsmall/webp//productimg/original/12811717-7584951340334843.jpg,https://www.homebase.co.uk/farrow-ball-modern-matt-emulsion-paint-railings-2.5l/12811717.html,homebase
Farrow & Ball Estate Matt Emulsion Paint Railings - 2.5L,"£54.00
£21.60 per L",https://static.thcdn.com/images/xsmall/webp//productimg/original/12845317-9734952921351754.jpg,https://www.homebase.co.uk/farrow-ball-estate-matt-emulsion-paint-railings-2.5l/12845317.html,homebase
Dulux Heritage Matt Emulsion Paint Ravens Flight - 2.5L,"£44.00
£17.60 per L",https://static.thcdn.com/images/xsmall/webp//productimg/original/12899139-1734847683132224.png,https://www.homebase.co.uk/dulux-heritage-matt-emulsion-paint-ravens-flight-2.5l/12899139.html,homebase
Boutique Gilded Texture Onyx Wallpaper,£26.00,https://static.thcdn.com/images/xsmall/webp//productimg/original/13991829-5005003723701272.jpg,https://www.homebase.co.uk/boutique-gilded-texture-onyx-wallpaper/13991829.html,homebase
Belgravia Decor Eden Leaf Charcoal Wallpaper,£12.00,https://static.thcdn.com/images/xsmall/webp//productimg/original/14406742-5875040549475119.jpg,https://www.homebase.co.uk/belgravia-decor-eden-leaf-charcoal-wallpaper/14406742.html,homebase
Superfresco Easy Paste the Wall Industry Noir Wallpaper,"Was £18.00
£7.56",https://static.thcdn.com/images/xsmall/webp//productimg/original/12821822-2024831882066743.jpg,https://www.homebase.co.uk/superfresco-easy-paste-the-wall-industry-noir-wallpaper/12821822.html,homebase
Farrow & Ball Estate Matt Emulsion Paint Studio Green - Tester 100ml,£5.50,https://static.thcdn.com/images/xsmall/webp//productimg/original/12842485-1804952921853642.jpg,https://www.homebase.co.uk/farrow-ball-estate-matt-emulsion-paint-studio-green-tester-100ml/12842485.html,homebase
Farrow & Ball Modern Matt Emulsion Paint Studio Green - 2.5L,"£59.00
£23.60 per L",https://static.thcdn.com/images/xsmall/webp//productimg/original/12828190-1274952917250799.jpg,https://www.homebase.co.uk/farrow-ball-modern-matt-emulsion-paint-studio-green-2.5l/12828190.html,homebase
Farrow & Ball Modern Matt Emulsion Paint Joa's White - 2.5L,"£59.00
£23.60 per L",https://static.thcdn.com/images/xsmall/webp//productimg/original/12833384-8545039769774240.jpg,https://www.homebase.co.uk/farrow-ball-modern-matt-emulsion-paint-joa-s-white-2.5l/12833384.html,homebase
Organic Textures Organic Stone Light Grey Wallpaper Sample,£1.45,https://static.thcdn.com/images/xsmall/webp//productimg/original/13135597-1884871561629572.jpg,https://www.homebase.co.uk/organic-textures-organic-stone-light-grey-wallpaper-sample/13135597.html,homebase
Annie Sloan Emperor's Silk Chalk Paint - 1L,"£27.00
£27.00 per L",https://static.thcdn.com/images/xsmall/webp//productimg/original/13965684-1374995161950233.jpg,https://www.homebase.co.uk/annie-sloan-emperor-s-silk-chalk-paint-1l/13965684.html,homebase
Annie Sloan Barcelona Orange Chalk Paint - 120ml,£8.00,https://static.thcdn.com/images/xsmall/webp//productimg/original/13965719-1734995161976468.jpg,https://www.homebase.co.uk/annie-sloan-barcelona-orange-chalk-paint-120ml/13965719.html,homebase
Morten Floor Lamp - Black,£95.00,https://static.thcdn.com/images/xsmall/webp//productimg/original/13938482-1784981960785396.jpg,https://www.homebase.co.uk/morten-floor-lamp-black/13938482.html,homebase
Dulux Simply Refresh Feature Wall One Coat Matt Emulsion Paint Rich Black - 1.25L,"£21.00
£16.80 per L",https://static.thcdn.com/images/xsmall/webp//productimg/original/12881593-6264843860430698.jpg,https://www.homebase.co.uk/dulux-simply-refresh-feature-wall-one-coat-matt-emulsion-paint-rich-black-1.25l/12881593.html,homebase
Farrow & Ball Estate Matt Emulsion Paint Manor House Gray - 2.5L,"£54.00
£21.60 per L",https://static.thcdn.com/images/xsmall/webp//productimg/original/12811141-9644951337394087.jpg,https://www.homebase.co.uk/farrow-ball-estate-matt-emulsion-paint-manor-house-gray-2.5l/12811141.html,homebase
Farrow & Ball Estate Eggshell Paint Hardwick White - 750ml,"£32.00
£42.67 per L",https://static.thcdn.com/images/xsmall/webp//productimg/original/12839918-1134952920202298.jpg,https://www.homebase.co.uk/farrow-ball-estate-eggshell-paint-hardwick-white-750ml/12839918.html,homebase
Wire Hasp & Staple - Black - 102mm,£5.50,https://static.thcdn.com/images/xsmall/webp//productimg/original/12818814-7854831966499445.jpg,https://www.homebase.co.uk/wire-hasp-staple-black-102mm/12818814.html,homebase
Homebase Exterior Gloss Paint - Black 750ml,"£20.00
£26.67 per L",https://static.thcdn.com/images/xsmall/webp//productimg/original/12833439-1044831918370211.jpg,https://www.homebase.co.uk/homebase-exterior-gloss-paint-black-750ml/12833439.html,homebase
BLACK+DECKER Finishing 1/3 Sheet 150W Corded Sander (BEW220-GB),£30.00,https://static.thcdn.com/images/xsmall/webp//productimg/original/12838422-3964831910780547.jpg,https://www.homebase.co.uk/black-decker-finishing-1-3-sheet-150w-corded-sander-bew220-gb/12838422.html,homebase
Rust-Oleum Chalky Floor Paint Natural Charcoal - 2.5L,"£43.00
£17.20 per L",https://static.thcdn.com/images/xsmall/webp//productimg/original/13505634-1174940736925659.jpg,https://www.homebase.co.uk/rust-oleum-chalky-floor-paint-natural-charcoal-2.5l/13505634.html,homebase
Farrow & Ball Estate Eggshell Paint Manor House Gray - 750ml,"£32.00
£42.67 per L",https://static.thcdn.com/images/xsmall/webp//productimg/original/12811614-1894951341287694.jpg,https://www.homebase.co.uk/farrow-ball-estate-eggshell-paint-manor-house-gray-750ml/12811614.html,homebase
Cuprinol 5 Year Ducksback Black - 9L,"£24.00
£2.67 per L",https://static.thcdn.com/images/xsmall/webp//productimg/original/12810293-6424865616249006.jpg,https://www.homebase.co.uk/cuprinol-5-year-ducksback-black-9l/12810293.html,homebase
BLACK+DECKER 18V Cordless Oscillating Multi Tool with 20 Accessories (BDCOS18D1K-GB),£120.00,https://static.thcdn.com/images/xsmall/webp//productimg/original/13623737-1374948299523050.jpg,https://www.homebase.co.uk/black-decker-18v-cordless-oscillating-multi-tool-with-20-accessories-bdcos18d1k-gb/13623737.html,homebase
Unibond Roof & Gutter Sealant Cartridge - Black,"£8.50
£28.33 per L",https://static.thcdn.com/images/xsmall/webp//productimg/original/13993896-8805095268946213.jpg,https://www.homebase.co.uk/unibond-roof-gutter-sealant-cartridge-black/13993896.html,homebase
Sadolin Woodshield Woodstain Black - 2.5L,"Was £47.00
£22.00
£8.80 per L",https://static.thcdn.com/images/xsmall/webp//productimg/original/12841312-1004951406551914.jpg,https://www.homebase.co.uk/sadolin-woodshield-woodstain-black-2.5l/12841312.html,homebase
Sandtex Ultra Smooth Masonry Paint Black - 5L,"£32.00
£6.40 per L",https://static.thcdn.com/images/xsmall/webp//productimg/original/12810261-1594871318727918.jpg,https://www.homebase.co.uk/sandtex-ultra-smooth-masonry-paint-black-5l/12810261.html,homebase
Homebase Smooth Masonry Paint - Black 2.5L,"£22.00
£8.80 per L",https://static.thcdn.com/images/xsmall/webp//productimg/original/12833255-1614831918365855.jpg,https://www.homebase.co.uk/homebase-smooth-masonry-paint-black-2.5l/12833255.html,homebase
Ronseal Diamond Hard Doorstep Paint Black - 250ml,"£12.00
£48.00 per L",https://static.thcdn.com/images/xsmall/webp//productimg/original/12841657-6524962226393221.jpg,https://www.homebase.co.uk/ronseal-diamond-hard-doorstep-paint-black-250ml/12841657.html,homebase
Homebase Exterior Gloss Paint - Black 2.5L,"£30.00
£12.00 per L",https://static.thcdn.com/images/xsmall/webp//productimg/original/12833436-1064831918405776.jpg,https://www.homebase.co.uk/homebase-exterior-gloss-paint-black-2.5l/12833436.html,homebase
Farrow & Ball Modern Matt Emulsion Paint Farrow's Cream - 2.5L,"£59.00
£23.60 per L",https://static.thcdn.com/images/xsmall/webp//productimg/original/12814648-4664952646735990.jpg,https://www.homebase.co.uk/farrow-ball-modern-matt-emulsion-paint-farrow-s-cream-2.5l/12814648.html,homebase
House Beautiful Durable Matt Emulsion Multi-Surface Paint Mono Tones MT.09 - 2.5L,"Was £28.00
£18.00
£7.20 per L",https://static.thcdn.com/images/xsmall/webp//productimg/original/13419380-4064941020334519.jpg,https://www.homebase.co.uk/house-beautiful-durable-matt-emulsion-multi-surface-paint-mono-tones-mt.09-2.5l/13419380.html,homebase
Sandtex 10 Year Satin Paint Black - 2.5L,"£48.00
£19.20 per L",https://static.thcdn.com/images/xsmall/webp//productimg/original/12823613-1904871822728659.jpg,https://www.homebase.co.uk/sandtex-10-year-satin-paint-black-2.5l/12823613.html,homebase
Farrow & Ball Exterior Eggshell Paint Off-Black - 750ml,"£34.00
£45.33 per L",https://static.thcdn.com/images/xsmall/webp//productimg/original/12807491-2064951340587806.jpg,https://www.homebase.co.uk/farrow-ball-exterior-eggshell-paint-off-black-750ml/12807491.html,homebase
Ronseal Direct to Metal Gloss Paint Black - 250ml,"£12.00
£48.00 per L",https://static.thcdn.com/images/xsmall/webp//productimg/original/12888939-6524843776421131.jpg,https://www.homebase.co.uk/ronseal-direct-to-metal-gloss-paint-black-250ml/12888939.html,homebase
Ronseal Direct to Metal Satin Paint Black - 250ml,"£12.00
£48.00 per L",https://static.thcdn.com/images/xsmall/webp//productimg/original/12888937-6344843776421350.jpg,https://www.homebase.co.uk/ronseal-direct-to-metal-satin-paint-black-250ml/12888937.html,homebase
Farrow & Ball Estate Eggshell Paint Paean Black - 750ml,"£32.00
£42.67 per L",https://static.thcdn.com/images/xsmall/webp//productimg/original/12826087-1994952916583017.jpg,https://www.homebase.co.uk/farrow-ball-estate-eggshell-paint-paean-black-750ml/12826087.html,homebase
Superfresco Colours Eternity Black and Gold Wallpaper,£20.00,https://static.thcdn.com/images/xsmall/webp//productimg/original/13991900-1635003725599003.jpg,https://www.homebase.co.uk/superfresco-colours-eternity-black-and-gold-wallpaper/13991900.html,homebase
Farrow & Ball Estate Eggshell Railings - 750ml,"£32.00
£42.67 per L",https://static.thcdn.com/images/xsmall/webp//productimg/original/12844497-7324951867065624.jpg,https://www.homebase.co.uk/farrow-ball-estate-eggshell-railings-750ml/12844497.html,homebase
Rust-Oleum Gloss Furniture Paint Liquorice - 125ml,£6.00,https://static.thcdn.com/images/xsmall/webp//productimg/original/12819649-1784831432072365.jpg,https://www.homebase.co.uk/rust-oleum-gloss-furniture-paint-liquorice-125ml/12819649.html,homebase
Annie Sloan Antibes Green Chalk Paint - 120ml,£8.00,https://static.thcdn.com/images/xsmall/webp//productimg/original/13965714-2064995161491452.jpg,https://www.homebase.co.uk/annie-sloan-antibes-green-chalk-paint-120ml/13965714.html,homebase
ELLE Decoration by Crown Flat Matt Paint Absolute Granite - 2.5L,"£38.00
£15.20 per L",https://static.thcdn.com/images/xsmall/webp//productimg/original/12834328-9884873579892577.jpg,https://www.homebase.co.uk/elle-decoration-by-crown-flat-matt-paint-absolute-granite-2.5l/12834328.html,homebase
Farrow & Ball Modern Matt Emulsion Paint Oval Room Blue - 2.5L,"£59.00
£23.60 per L",https://static.thcdn.com/images/xsmall/webp//productimg/original/12825700-8924952915055894.jpg,https://www.homebase.co.uk/farrow-ball-modern-matt-emulsion-paint-oval-room-blue-2.5l/12825700.html,homebase
Farrow & Ball Modern Matt Emulsion Paint Manor House Gray - 2.5L,"£59.00
£23.60 per L",https://static.thcdn.com/images/xsmall/webp//productimg/original/12807645-2134951338411777.jpg,https://www.homebase.co.uk/farrow-ball-modern-matt-emulsion-paint-manor-house-gray-2.5l/12807645.html,homebase
Craig & Rose 1829 Chalky Emulsion Paint Jet Black - 5L,"£66.00
£13.20 per L",https://static.thcdn.com/images/xsmall/webp//productimg/original/12832964-1144831916115150.jpg,https://www.homebase.co.uk/craig-rose-1829-chalky-emulsion-paint-jet-black-5l/12832964.html,homebase
Hammerite Direct To Rust Satin Black Metal Paint - 750ml,"£22.00
£29.33 per L",https://static.thcdn.com/images/xsmall/webp//productimg/original/12845479-1664831884122763.jpg,https://www.homebase.co.uk/hammerite-direct-to-rust-satin-black-metal-paint-750ml/12845479.html,homebase
Rust-Oleum Universal All-Surface Gloss Paint Black - 250ml,"£12.00
£48.00 per L",https://static.thcdn.com/images/xsmall/webp//productimg/original/13367357-1384902922978539.jpg,https://www.homebase.co.uk/rust-oleum-universal-all-surface-gloss-paint-black-250ml/13367357.html,homebase
Sandtex Exterior 10 Year Gloss Paint Charcoal Black - 750ml,"£28.00
£37.33 per L",https://static.thcdn.com/images/xsmall/webp//productimg/original/12842264-1274872086775723.jpg,https://www.homebase.co.uk/sandtex-exterior-10-year-gloss-paint-charcoal-black-750ml/12842264.html,homebase
Dulux Weathershield Exterior Quick Dry Satin Paint Black - 750ml,"£30.00
£40.00 per L",https://static.thcdn.com/images/xsmall/webp//productimg/original/12804064-2104840915980015.jpg,https://www.homebase.co.uk/dulux-weathershield-exterior-quick-dry-satin-paint-black-750ml/12804064.html,homebase
Farrow & Ball Modern Eggshell Paint Off-Black - 2.5L,"£81.00
£32.40 per L",https://static.thcdn.com/images/xsmall/webp//productimg/original/12819261-2114910184910062.jpg,https://www.homebase.co.uk/farrow-ball-modern-eggshell-paint-off-black-2.5l/12819261.html,homebase
BLACK+DECKER 280W Corded Multi-Purpose Tool with 10 Accessories and Storage Bag (MT280BA-GB),£60.00,https://static.thcdn.com/images/xsmall/webp//productimg/original/12838407-9414831909979148.jpg,https://www.homebase.co.uk/black-decker-280w-corded-multi-purpose-tool-with-10-accessories-and-storage-bag-mt280ba-gb/12838407.html,homebase
Annie Sloan Wall Paint Capri Pink - 2.5L,"£56.00
£22.40 per L",https://static.thcdn.com/images/xsmall/webp//productimg/original/13965795-1974995164566413.jpg,https://www.homebase.co.uk/annie-sloan-wall-paint-capri-pink-2.5l/13965795.html,homebase
Rust-Oleum Painter's Touch Multi-Purpose Gloss Paint Black - 250ml,"£10.00
£40.00 per L",https://static.thcdn.com/images/xsmall/webp//productimg/original/12804646-4074831944380865.jpg,https://www.homebase.co.uk/rust-oleum-painter-s-touch-multi-purpose-gloss-paint-black-250ml/12804646.html,homebase
Farrow & Ball Estate Matt Emulsion Paint Paean Black - Tester 100ml,£5.50,https://static.thcdn.com/images/xsmall/webp//productimg/original/12825460-1734952915269767.jpg,https://www.homebase.co.uk/farrow-ball-estate-matt-emulsion-paint-paean-black-tester-100ml/12825460.html,homebase
Hammerite Direct to Rust Metal Paint Hammered Black - 2.5L,"£47.00
£18.80 per L",https://static.thcdn.com/images/xsmall/webp//productimg/original/12804434-1814843296333744.jpg,https://www.homebase.co.uk/hammerite-direct-to-rust-metal-paint-hammered-black-2.5l/12804434.html,homebase
Dulux Weathershield Exterior Quick Dry Satin Paint Black - 2.5L,"£50.00
£20.00 per L",https://static.thcdn.com/images/xsmall/webp//productimg/original/12806231-5094831958055648.jpg,https://www.homebase.co.uk/dulux-weathershield-exterior-quick-dry-satin-paint-black-2.5l/12806231.html,homebase
Farrow & Ball Modern Matt Emulsion Paint Paean Black - 2.5L,"£59.00
£23.60 per L",https://static.thcdn.com/images/xsmall/webp//productimg/original/12826058-1154952916301479.jpg,https://www.homebase.co.uk/farrow-ball-modern-matt-emulsion-paint-paean-black-2.5l/12826058.html,homebase
Farrow & Ball Estate Matt Emulsion Paint Paean Black - 2.5L,"£54.00
£21.60 per L",https://static.thcdn.com/images/xsmall/webp//productimg/original/12825601-4374952915774208.jpg,https://www.homebase.co.uk/farrow-ball-estate-matt-emulsion-paint-paean-black-2.5l/12825601.html,homebase
Farrow & Ball Estate Eggshell Paint Oval Room Blue - 750ml,"£32.00
£42.67 per L",https://static.thcdn.com/images/xsmall/webp//productimg/original/12804555-3804951334239839.jpg,https://www.homebase.co.uk/farrow-ball-estate-eggshell-paint-oval-room-blue-750ml/12804555.html,homebase
Farrow & Ball Modern Matt Emulsion Paint Babouche - 2.5L,"£59.00
£23.60 per L",https://static.thcdn.com/images/xsmall/webp//productimg/original/12840833-3534952920421898.jpg,https://www.homebase.co.uk/farrow-ball-modern-matt-emulsion-paint-babouche-2.5l/12840833.html,homebase
Elephants Charcoal Pale Gold Wallpaper,£14.00,https://static.thcdn.com/images/xsmall/webp//productimg/original/12913553-8524860660512583.jpg,https://www.homebase.co.uk/elephants-charcoal-pale-gold-wallpaper/12913553.html,homebase
Farrow & Ball Estate Eggshell Paint No.305 Hopper Head - 750ml,"£32.00
£42.67 per L",https://static.thcdn.com/images/xsmall/webp//productimg/original/13911895-4984992600351003.jpg,https://www.homebase.co.uk/farrow-ball-estate-eggshell-paint-no.305-hopper-head-750ml/13911895.html,homebase
Farrow & Ball Modern Eggshell Paint No.305 Hopper Head - 750ml,"£34.00
£45.33 per L",https://static.thcdn.com/images/xsmall/webp//productimg/original/13911918-6054992602640387.jpg,https://www.homebase.co.uk/farrow-ball-modern-eggshell-paint-no.305-hopper-head-750ml/13911918.html,homebase
Farrow & Ball Estate Matt Emulsion Paint Tanner's Brown - Tester 100ml,£5.50,https://static.thcdn.com/images/xsmall/webp//productimg/original/12845620-2014952921711745.jpg,https://www.homebase.co.uk/farrow-ball-estate-matt-emulsion-paint-tanner-s-brown-tester-100ml/12845620.html,homebase
Farrow & Ball Estate Matt Emulsion Paint Tanner's Brown - 2.5L,"£54.00
£21.60 per L",https://static.thcdn.com/images/xsmall/webp//productimg/original/12841995-1764952920681872.jpg,https://www.homebase.co.uk/farrow-ball-estate-matt-emulsion-paint-tanner-s-brown-2.5l/12841995.html,homebase
Farrow & Ball Modern Matt Emulsion Paint Dix Blue - 2.5L,"£59.00
£23.60 per L",https://static.thcdn.com/images/xsmall/webp//productimg/original/12820678-5704885569799653.jpg,https://www.homebase.co.uk/farrow-ball-modern-matt-emulsion-paint-dix-blue-2.5l/12820678.html,homebase
Farrow & Ball Estate Matt Emulsion Paint Farrow's Cream - 2.5L,"£54.00
£21.60 per L",https://static.thcdn.com/images/xsmall/webp//productimg/original/12845405-1104952922844329.jpg,https://www.homebase.co.uk/farrow-ball-estate-matt-emulsion-paint-farrow-s-cream-2.5l/12845405.html,homebase
Annie Sloan Graphite Chalk Paint - 120ml,£8.00,https://static.thcdn.com/images/xsmall/webp//productimg/original/13965735-3634995162248343.jpg,https://www.homebase.co.uk/annie-sloan-graphite-chalk-paint-120ml/13965735.html,homebase
Annie Sloan Graphite Chalk Paint - 1L,"£27.00
£27.00 per L",https://static.thcdn.com/images/xsmall/webp//productimg/original/13965690-1194995164359497.jpg,https://www.homebase.co.uk/annie-sloan-graphite-chalk-paint-1l/13965690.html,homebase
Country Living Matt Emulsion Multi-Surface Paint Coal Scuttle - 2.5L,"Was £28.00
£18.00
£7.20 per L",https://static.thcdn.com/images/xsmall/webp//productimg/original/13419304-1954940985293124.jpg,https://www.homebase.co.uk/country-living-matt-emulsion-multi-surface-paint-coal-scuttle-2.5l/13419304.html,homebase
Farrow & Ball 9 Inch Paint Roller Tray,£3.00,https://static.thcdn.com/images/xsmall/webp//productimg/original/14867385-9545071673084034.jpg,https://www.homebase.co.uk/farrow-ball-9-inch-paint-roller-tray/14867385.html,homebase
Farrow & Ball Exterior Eggshell Paint Railings - 750ml,"£34.00
£45.33 per L",https://static.thcdn.com/images/xsmall/webp//productimg/original/12808969-1324908414056394.jpg,https://www.homebase.co.uk/farrow-ball-exterior-eggshell-paint-railings-750ml/12808969.html,homebase
Annie Sloan Emperor's Silk Chalk Paint - 120ml,£8.00,https://static.thcdn.com/images/xsmall/webp//productimg/original/13965729-2494995163166475.jpg,https://www.homebase.co.uk/annie-sloan-emperor-s-silk-chalk-paint-120ml/13965729.html,homebase
Farrow & Ball Estate Eggshell Paint Calluna - 750ml,"£32.00
£42.67 per L",https://static.thcdn.com/images/xsmall/webp//productimg/original/12809635-8724951341723987.jpg,https://www.homebase.co.uk/farrow-ball-estate-eggshell-paint-calluna-750ml/12809635.html,homebase
BLACK+DECKER 18V Cordless Detail Mouse Sander (battery not included) (BDCDS18N-XJ),£50.00,https://static.thcdn.com/images/xsmall/webp//productimg/original/13623745-1294958663580495.jpg,https://www.homebase.co.uk/black-decker-18v-cordless-detail-mouse-sander-battery-not-included-bdcds18n-xj/13623745.html,homebase
Dulux Simply Refresh Feature Wall One Coat Matt Emulsion Paint Rich Black - Tester 30ml,£2.45,https://static.thcdn.com/images/xsmall/webp//productimg/original/12889801-4214843858385118.jpg,https://www.homebase.co.uk/dulux-simply-refresh-feature-wall-one-coat-matt-emulsion-paint-rich-black-tester-30ml/12889801.html,homebase
Organic Textures Speckled Palm Blue Wallpaper,£37.00,https://static.thcdn.com/images/xsmall/webp//productimg/original/13120768-8994866361807629.jpg,https://www.homebase.co.uk/organic-textures-speckled-palm-blue-wallpaper/13120768.html,homebase
Farrow & Ball Modern Eggshell Paint Railings - 2.5L,"£81.00
£32.40 per L",https://static.thcdn.com/images/xsmall/webp//productimg/original/12819385-1924952652192189.jpg,https://www.homebase.co.uk/farrow-ball-modern-eggshell-paint-railings-2.5l/12819385.html,homebase
Farrow & Ball Modern Eggshell Paint Studio Green - 2.5L,"£81.00
£32.40 per L",https://static.thcdn.com/images/xsmall/webp//productimg/original/12819519-3564952652687969.jpg,https://www.homebase.co.uk/farrow-ball-modern-eggshell-paint-studio-green-2.5l/12819519.html,homebase
Farrow & Ball Estate Matt Emulsion Paint Calluna - 2.5L,"£54.00
£21.60 per L",https://static.thcdn.com/images/xsmall/webp//productimg/original/12810283-1224951337877861.jpg,https://www.homebase.co.uk/farrow-ball-estate-matt-emulsion-paint-calluna-2.5l/12810283.html,homebase
Bellevue 5 Light Industrial Pendant - Black,£145.00,https://static.thcdn.com/images/xsmall/webp//productimg/original/13157971-9765049847482615.jpg,https://www.homebase.co.uk/bellevue-5-light-industrial-pendant-black/13157971.html,homebase
Farrow & Ball Estate Matt Emulsion Paint Dix Blue - Tester 100ml,£5.50,https://static.thcdn.com/images/xsmall/webp//productimg/original/12842106-7034951365625296.jpg,https://www.homebase.co.uk/farrow-ball-estate-matt-emulsion-paint-dix-blue-tester-100ml/12842106.html,homebase
Farrow & Ball Estate Matt Emulsion Paint Joa's White - Tester 100ml,£5.50,https://static.thcdn.com/images/xsmall/webp//productimg/original/12842262-6384951389747369.jpg,https://www.homebase.co.uk/farrow-ball-estate-matt-emulsion-paint-joa-s-white-tester-100ml/12842262.html,homebase
Farrow & Ball Estate Eggshell Paint Oval Room Blue - 2.5L,"£74.00
£29.60 per L",https://static.thcdn.com/images/xsmall/webp//productimg/original/12809974-1394951341847515.jpg,https://www.homebase.co.uk/farrow-ball-estate-eggshell-paint-oval-room-blue-2.5l/12809974.html,homebase
Farrow & Ball Estate Matt Emulsion Paint Preference Red - 2.5L,"£54.00
£21.60 per L",https://static.thcdn.com/images/xsmall/webp//productimg/original/12825603-7514952915790549.jpg,https://www.homebase.co.uk/farrow-ball-estate-matt-emulsion-paint-preference-red-2.5l/12825603.html,homebase
Farrow & Ball Exterior Eggshell Pitch Black - 750ml,"£34.00
£45.33 per L",https://static.thcdn.com/images/xsmall/webp//productimg/original/12842118-1854952918779233.jpg,https://www.homebase.co.uk/farrow-ball-exterior-eggshell-pitch-black-750ml/12842118.html,homebase
Cuprinol Garden Shades Black Ash Tester - 125ml,£4.50,https://static.thcdn.com/images/xsmall/webp//productimg/original/12836682-1254831918312719.jpg,https://www.homebase.co.uk/cuprinol-garden-shades-black-ash-tester-125ml/12836682.html,homebase
Harris Essentials Woodwork Gloss 5 Brush Pack,£8.00,https://static.thcdn.com/images/xsmall/webp//productimg/original/13128378-4114866076727943.jpg,https://www.homebase.co.uk/harris-essentials-woodwork-gloss-5-brush-pack/13128378.html,homebase
Hawkhill Bathroom Semi Flush Light - 3lt Black,£125.00,https://static.thcdn.com/images/xsmall/webp//productimg/original/13794230-1644957104583389.jpg,https://www.homebase.co.uk/hawkhill-bathroom-semi-flush-light-3lt-black/13794230.html,homebase
Command Medium Self Adhesive Hook - Matte Black,£8.50,https://static.thcdn.com/images/xsmall/webp//productimg/original/12829400-1914831907404389.jpg,https://www.homebase.co.uk/command-medium-self-adhesive-hook-matte-black/12829400.html,homebase
BLACK+DECKER 3.6V Rotary Cutter (BCRC115-XJ),£39.00,https://static.thcdn.com/images/xsmall/webp//productimg/original/13663421-1844980701094537.jpg,https://www.homebase.co.uk/black-decker-3.6v-rotary-cutter-bcrc115-xj/13663421.html,homebase
Command Large Self Adhesive Double Hook - Matte Black,£10.50,https://static.thcdn.com/images/xsmall/webp//productimg/original/12829406-1054831907142801.jpg,https://www.homebase.co.uk/command-large-self-adhesive-double-hook-matte-black/12829406.html,homebase
BLACK+DECKER Reviva 12V Cordless Detail Sander (REVDS12C-GB),"Was £45.00
£30.00",https://static.thcdn.com/images/xsmall/webp//productimg/original/13623734-1714948298586894.jpg,https://www.homebase.co.uk/black-decker-reviva-12v-cordless-detail-sander-revds12c-gb/13623734.html,homebase
BLACK+DECKER 18V Cordless Detail Mouse Sander (BDCDS18-GB),£72.00,https://static.thcdn.com/images/xsmall/webp//productimg/original/12838410-1344831909534779.jpg,https://www.homebase.co.uk/black-decker-18v-cordless-detail-mouse-sander-bdcds18-gb/12838410.html,homebase
"Command™ Small Matt Black Hooks, 4 Hooks, 5 Strips",£5.50,https://static.thcdn.com/images/xsmall/webp//productimg/original/13898494-1964978548942930.jpg,https://www.homebase.co.uk/command-small-matt-black-hooks-4-hooks-5-strips/13898494.html,homebase
Rust-Oleum Gloss Furniture Paint Liquorice - 750ml,"£19.00
£25.33 per L",https://static.thcdn.com/images/xsmall/webp//productimg/original/12819789-1874831432105419.jpg,https://www.homebase.co.uk/rust-oleum-gloss-furniture-paint-liquorice-750ml/12819789.html,homebase
Fablon Sticky Back Plastic - Marble Effect - Black - 675mm x 2m,£12.50,https://static.thcdn.com/images/xsmall/webp//productimg/original/12811283-1984831960387974.jpg,https://www.homebase.co.uk/fablon-sticky-back-plastic-marble-effect-black-675mm-x-2m/12811283.html,homebase
Farrow & Ball Exterior Eggshell Paint Railings - 2.5L,"£81.00
£32.40 per L",https://static.thcdn.com/images/xsmall/webp//productimg/original/12845702-2004951867989969.jpg,https://www.homebase.co.uk/farrow-ball-exterior-eggshell-paint-railings-2.5l/12845702.html,homebase
Farrow & Ball Exterior Masonry Paint Blue Gray - 5L,"£98.00
£19.60 per L",https://static.thcdn.com/images/xsmall/webp//productimg/original/12805894-1204951869699459.jpg,https://www.homebase.co.uk/farrow-ball-exterior-masonry-paint-blue-gray-5l/12805894.html,homebase
Farrow & Ball Full Gloss Paint Studio Green - 750ml,"£32.00
£42.67 per L",https://static.thcdn.com/images/xsmall/webp//productimg/original/12838426-7404952919130137.jpg,https://www.homebase.co.uk/farrow-ball-full-gloss-paint-studio-green-750ml/12838426.html,homebase
Farrow & Ball Modern Eggshell Paint Blackened - 2.5L,"£81.00
£32.40 per L",https://static.thcdn.com/images/xsmall/webp//productimg/original/12818730-1114952649362091.jpg,https://www.homebase.co.uk/farrow-ball-modern-eggshell-paint-blackened-2.5l/12818730.html,homebase
Hammerite Hammered Spray Paint Black - 400ml,"£17.00
£42.50 per L",https://static.thcdn.com/images/xsmall/webp//productimg/original/12843354-1394847448356913.jpg,https://www.homebase.co.uk/hammerite-hammered-spray-paint-black-400ml/12843354.html,homebase
Homebase Exterior Satin Paint - Black 750ml,"£20.00
£26.67 per L",https://static.thcdn.com/images/xsmall/webp//productimg/original/12833601-1184831917752469.jpg,https://www.homebase.co.uk/homebase-exterior-satin-paint-black-750ml/12833601.html,homebase
Organic Textures Organic Stone Brown Wallpaper,£37.00,https://static.thcdn.com/images/xsmall/webp//productimg/original/13120787-1624866366078009.jpg,https://www.homebase.co.uk/organic-textures-organic-stone-brown-wallpaper/13120787.html,homebase
Rust-Oleum Chalky Floor Paint Natural Charcoal - 2.5L,"£43.00
£17.20 per L",https://static.thcdn.com/images/xsmall/webp//productimg/original/13505635-8615053510520637.jpg,https://www.homebase.co.uk/rust-oleum-chalky-floor-paint-natural-charcoal-2.5l/13505635.html,homebase
"CRAFTED by Crown Flat Matt Interior Wall, Ceiling and Wood Paint Work of Art® - 2.5L","£36.00
£14.40 per L",https://static.thcdn.com/images/xsmall/webp//productimg/original/13167141-1844881154739649.jpg,https://www.homebase.co.uk/crafted-by-crown-flat-matt-interior-wall-ceiling-and-wood-paint-work-of-art-2.5l/13167141.html,homebase
Crown Feature Wall Breatheasy Matt Paint Rebel - Tester 40ml,£2.25,https://static.thcdn.com/images/xsmall/webp//productimg/original/12804554-1205022157239858.jpg,https://www.homebase.co.uk/crown-feature-wall-breatheasy-matt-paint-rebel-tester-40ml/12804554.html,homebase
Craig & Rose 1829 Chalky Emulsion Paint Paynes Grey - 750ml,"£16.00
£21.33 per L",https://static.thcdn.com/images/xsmall/webp//productimg/original/12821746-2954831966622013.jpg,https://www.homebase.co.uk/craig-rose-1829-chalky-emulsion-paint-paynes-grey-750ml/12821746.html,homebase
Farrow & Ball Estate Eggshell Paint White Tie - 2.5L,"£74.00
£29.60 per L",https://static.thcdn.com/images/xsmall/webp//productimg/original/12841408-1354952918466225.jpg,https://www.homebase.co.uk/farrow-ball-estate-eggshell-paint-white-tie-2.5l/12841408.html,homebase
Farrow & Ball Estate Eggshell Paint Joa's White - 2.5L,"£74.00
£29.60 per L",https://static.thcdn.com/images/xsmall/webp//productimg/original/12817593-1614952648316159.jpg,https://www.homebase.co.uk/farrow-ball-estate-eggshell-paint-joa-s-white-2.5l/12817593.html,homebase
Farrow & Ball Estate Eggshell Paint Hardwick White - 2.5L,"£74.00
£29.60 per L",https://static.thcdn.com/images/xsmall/webp//productimg/original/12804482-6424951333788750.jpg,https://www.homebase.co.uk/farrow-ball-estate-eggshell-paint-hardwick-white-2.5l/12804482.html,homebase
Farrow & Ball Modern Matt Emulsion Paint Rangwali - 2.5L,"£59.00
£23.60 per L",https://static.thcdn.com/images/xsmall/webp//productimg/original/12826062-7954952921905269.jpg,https://www.homebase.co.uk/farrow-ball-modern-matt-emulsion-paint-rangwali-2.5l/12826062.html,homebase
Annie Sloan Wall Paint Athenian Black - 120ml,£6.00,https://static.thcdn.com/images/xsmall/webp//productimg/original/13965759-4464995161436015.jpg,https://www.homebase.co.uk/annie-sloan-wall-paint-athenian-black-120ml/13965759.html,homebase
Thorndown Peelable Glass Paint Bat Black - 150ml,£11.50,https://static.thcdn.com/images/xsmall/webp//productimg/original/13301818-1434920565599078.jpg,https://www.homebase.co.uk/thorndown-peelable-glass-paint-bat-black-150ml/13301818.html,homebase
Thorndown Peelable Glass Paint Bat Black - 750ml,"£31.00
£41.33 per L",https://static.thcdn.com/images/xsmall/webp//productimg/original/13301814-1064920565842504.jpg,https://www.homebase.co.uk/thorndown-peelable-glass-paint-bat-black-750ml/13301814.html,homebase
Thorndown Peelable Glass Paint Bat Black - 750ml,"£31.00
£41.33 per L",https://static.thcdn.com/images/xsmall/webp//productimg/original/13301814-1064920565842504.jpg,https://www.homebase.co.uk/thorndown-peelable-glass-paint-bat-black-750ml/13301814.html,homebase
Hammerite Satin Radiator Spray Paint Black - 400ml,"£17.00
£42.50 per L",https://static.thcdn.com/images/xsmall/webp//productimg/original/12844240-3434831962166881.jpg,https://www.homebase.co.uk/hammerite-satin-radiator-spray-paint-black-400ml/12844240.html,homebase
Hammerite High Heat Spray Paint Black - 400ml,"£16.00
£40.00 per L",https://static.thcdn.com/images/xsmall/webp//productimg/original/12809206-1684831882092234.jpg,https://www.homebase.co.uk/hammerite-high-heat-spray-paint-black-400ml/12809206.html,homebase
Hammerite BBQ Spray Paint Black Matt - 400ml,"£16.00
£40.00 per L",https://static.thcdn.com/images/xsmall/webp//productimg/original/12808988-6304831883765673.jpg,https://www.homebase.co.uk/hammerite-bbq-spray-paint-black-matt-400ml/12808988.html,homebase
Rust-Oleum Universal Hammered Paint Black - 750ml,"£22.00
£29.33 per L",https://static.thcdn.com/images/xsmall/webp//productimg/original/13367362-3104904218487544.jpg,https://www.homebase.co.uk/rust-oleum-universal-hammered-paint-black-750ml/13367362.html,homebase
Sandtex Rapid Dry Gloss Paint Black - 750ml,"£30.00
£40.00 per L",https://static.thcdn.com/images/xsmall/webp//productimg/original/12813505-1274951366458942.jpg,https://www.homebase.co.uk/sandtex-rapid-dry-gloss-paint-black-750ml/12813505.html,homebase
Dulux Weathershield Exterior Gloss Paint Black - 750ml,"£28.00
£37.33 per L",https://static.thcdn.com/images/xsmall/webp//productimg/original/12842071-1114831604883129.jpg,https://www.homebase.co.uk/dulux-weathershield-exterior-gloss-paint-black-750ml/12842071.html,homebase
Dulux Weathershield Textured Masonry Paint Black - 750ml,"£44.00
£4.40 per L",https://static.thcdn.com/images/xsmall/webp//productimg/original/12937973-7324848449619669.jpg,https://www.homebase.co.uk/dulux-weathershield-textured-masonry-paint-black-750ml/12937973.html,homebase
Dulux Non Drip Gloss Paint Black - 750ml,"£22.00
£29.33 per L",https://static.thcdn.com/images/xsmall/webp//productimg/1600/1600/12782197-1854833492771027.jpg,https://www.homebase.co.uk/dulux-non-drip-gloss-paint-black-750ml/12782197.html,homebase
Dulux Quick Dry Gloss Paint Black - 750ml,"£22.00
£29.33 per L",https://static.thcdn.com/images/xsmall/webp//productimg/original/12836980-2044831918147509.jpg,https://www.homebase.co.uk/dulux-quick-dry-gloss-paint-black-750ml/12836980.html,homebase
Craig & Rose Artisan Marble Effect Spray Paint Paint - Black - 400ml,"£17.00
£42.50 per L",https://static.thcdn.com/images/xsmall/webp//productimg/original/12817750-1584831907836818.jpg,https://www.homebase.co.uk/craig-rose-artisan-marble-effect-spray-paint-paint-black-400ml/12817750.html,homebase
Farrow & Ball Estate Matt Emulsion Paint Charlotte's Locks - Tester 100ml,£5.50,https://static.thcdn.com/images/xsmall/webp//productimg/original/12806222-4584951388457135.jpg,https://www.homebase.co.uk/farrow-ball-estate-matt-emulsion-paint-charlotte-s-locks-tester-100ml/12806222.html,homebase
Craig & Rose 1829 Chalky Matt Emulsion Paint Zeitgeist - 2.5L,"£42.00
£16.80 per L",https://static.thcdn.com/images/xsmall/webp//productimg/original/12820830-2004831945732797.jpg,https://www.homebase.co.uk/craig-rose-1829-chalky-matt-emulsion-paint-zeitgeist-2.5l/12820830.html,homebase
Farrow & Ball Modern Matt Emulsion Paint Blue Gray - 2.5L,"£59.00
£23.60 per L",https://static.thcdn.com/images/xsmall/webp//productimg/original/12831852-1504952917248567.jpg,https://www.homebase.co.uk/farrow-ball-modern-matt-emulsion-paint-blue-gray-2.5l/12831852.html,homebase
Farrow & Ball Modern Matt Emulsion Paint Charlotte's Locks - 2.5L,"£59.00
£23.60 per L",https://static.thcdn.com/images/xsmall/webp//productimg/original/12809776-1294951338866664.jpg,https://www.homebase.co.uk/farrow-ball-modern-matt-emulsion-paint-charlotte-s-locks-2.5l/12809776.html,homebase
Farrow & Ball Estate Matt Emulsion Paint Blue Gray - 2.5L,"£54.00
£21.60 per L",https://static.thcdn.com/images/xsmall/webp//productimg/original/12806827-5564951338099216.jpg,https://www.homebase.co.uk/farrow-ball-estate-matt-emulsion-paint-blue-gray-2.5l/12806827.html,homebase
Sandtex Ultra Smooth Masonry Paint Black - 2.5L,"£28.00
£11.20 per L",https://static.thcdn.com/images/xsmall/webp//productimg/original/12806289-1464871255552808.jpg,https://www.homebase.co.uk/sandtex-ultra-smooth-masonry-paint-black-2.5l/12806289.html,homebase
Rust-Oleum Stone Spray Paint Black Granite - 400ml,"£15.00
£37.50 per L",https://static.thcdn.com/images/xsmall/webp//productimg/original/12841500-1274831909527138.jpg,https://www.homebase.co.uk/rust-oleum-stone-spray-paint-black-granite-400ml/12841500.html,homebase
Rust-Oleum Universal Gloss Spray Paint Black - 400ml,"£19.00
£47.50 per L",https://static.thcdn.com/images/xsmall/webp//productimg/original/12838865-1794831965871443.jpg,https://www.homebase.co.uk/rust-oleum-universal-gloss-spray-paint-black-400ml/12838865.html,homebase
Rust-Oleum Universal Satin Spray Paint - Black - 400ml,"£19.00
£47.50 per L",https://static.thcdn.com/images/xsmall/webp//productimg/original/12839290-3634831940368791.jpg,https://www.homebase.co.uk/rust-oleum-universal-satin-spray-paint-black-400ml/12839290.html,homebase
Rust-Oleum Flexible Fabric Spray Paint Black - 150ml,£8.00,https://static.thcdn.com/images/xsmall/webp//productimg/original/12808672-1194831963321593.jpg,https://www.homebase.co.uk/rust-oleum-flexible-fabric-spray-paint-black-150ml/12808672.html,homebase
Rust-Oleum Universal Matt Spray Paint Black - 400ml,"£19.00
£47.50 per L",https://static.thcdn.com/images/xsmall/webp//productimg/original/12839812-3234831908588885.jpg,https://www.homebase.co.uk/rust-oleum-universal-matt-spray-paint-black-400ml/12839812.html,homebase
Annie Sloan Wall Paint Athenian Black - 2.5L,"£56.00
£22.40 per L",https://static.thcdn.com/images/xsmall/webp//productimg/original/13965791-1614995161467707.jpg,https://www.homebase.co.uk/annie-sloan-wall-paint-athenian-black-2.5l/13965791.html,homebase
Rust-Oleum Universal Spray Paint Hammered Black - 400ml,"£19.00
£47.50 per L",https://static.thcdn.com/images/xsmall/webp//productimg/original/12840089-8214831431592491.jpg,https://www.homebase.co.uk/rust-oleum-universal-spray-paint-hammered-black-400ml/12840089.html,homebase
Rust-Oleum Chalkboard Spray Paint Matt Black - 400ml,"£15.00
£37.50 per L",https://static.thcdn.com/images/xsmall/webp//productimg/original/12833882-1114831908866556.jpg,https://www.homebase.co.uk/rust-oleum-chalkboard-spray-paint-matt-black-400ml/12833882.html,homebase
Farrow & Ball Masonry Matt Paint Off-Black - 5L,"£98.00
£19.60 per L",https://static.thcdn.com/images/xsmall/webp//productimg/original/12845526-1964951869353031.jpg,https://www.homebase.co.uk/farrow-ball-masonry-matt-paint-off-black-5l/12845526.html,homebase
Rust-Oleum Stove & BBQ Spray Paint Black - 400ml,"£15.00
£37.50 per L",https://static.thcdn.com/images/xsmall/webp//productimg/original/12834984-3524831954737975.jpg,https://www.homebase.co.uk/rust-oleum-stove-bbq-spray-paint-black-400ml/12834984.html,homebase
Sandtex Exterior One Coat Gloss Paint Black - 750ml,"£30.00
£40.00 per L",https://static.thcdn.com/images/xsmall/webp//productimg/original/12842087-7094917405126426.jpg,https://www.homebase.co.uk/sandtex-exterior-one-coat-gloss-paint-black-750ml/12842087.html,homebase
Craig & Rose 1829 Gloss Paint Jet Black - 750ml,"£20.00
£26.67 per L",https://static.thcdn.com/images/xsmall/webp//productimg/original/12821937-1634831940613720.jpg,https://www.homebase.co.uk/craig-rose-1829-gloss-paint-jet-black-750ml/12821937.html,homebase
Craig & Rose 1829 Eggshell Paint Jet Black - 750ml,"£20.00
£26.67 per L",https://static.thcdn.com/images/xsmall/webp//productimg/original/12821867-1374831946402814.jpg,https://www.homebase.co.uk/craig-rose-1829-eggshell-paint-jet-black-750ml/12821867.html,homebase
Farrow & Ball Exterior Eggshell Paint Paean Black - 750ml,"£34.00
£45.33 per L",https://static.thcdn.com/images/xsmall/webp//productimg/original/12826228-1514951850092512.jpg,https://www.homebase.co.uk/farrow-ball-exterior-eggshell-paint-paean-black-750ml/12826228.html,homebase
Ronseal Direct to Metal Satin Paint Black - 750ml,"£24.00
£32.00 per L",https://static.thcdn.com/images/xsmall/webp//productimg/original/12889117-1224843776760077.jpg,https://www.homebase.co.uk/ronseal-direct-to-metal-satin-paint-black-750ml/12889117.html,homebase
Ronseal Direct to Metal Matt Paint Black - 750ml,"£24.00
£32.00 per L",https://static.thcdn.com/images/xsmall/webp//productimg/original/12889114-8104843776640329.jpg,https://www.homebase.co.uk/ronseal-direct-to-metal-matt-paint-black-750ml/12889114.html,homebase
Ronseal Direct to Metal Gloss Paint Black - 750ml,"£24.00
£32.00 per L",https://static.thcdn.com/images/xsmall/webp//productimg/original/12889108-1914843776155844.jpg,https://www.homebase.co.uk/ronseal-direct-to-metal-gloss-paint-black-750ml/12889108.html,homebase
Dulux Weathershield Exterior Gloss Paint Black - 2.5L,"£48.00
£19.20 per L",https://static.thcdn.com/images/xsmall/webp//productimg/original/12808282-1504831909505943.jpg,https://www.homebase.co.uk/dulux-weathershield-exterior-gloss-paint-black-2.5l/12808282.html,homebase
Farrow & Ball Full Gloss Paint Paean Black - 750ml,"£32.00
£42.67 per L",https://static.thcdn.com/images/xsmall/webp//productimg/original/12826248-1414951850617713.jpg,https://www.homebase.co.uk/farrow-ball-full-gloss-paint-paean-black-750ml/12826248.html,homebase
Astratto Wall Art Oil Painting - Blue & Black - 103x143cm,£200.00,https://static.thcdn.com/images/xsmall/webp//productimg/original/14821009-2055058683313534.jpg,https://www.homebase.co.uk/astratto-wall-art-oil-painting-blue-black-103x143cm/14821009.html,homebase
Craig & Rose Artisan Magnetic Chalkboard Spray Paint Black - 400ml,"£17.00
£42.50 per L",https://static.thcdn.com/images/xsmall/webp//productimg/original/12817739-9825052700131948.jpg,https://www.homebase.co.uk/craig-rose-artisan-magnetic-chalkboard-spray-paint-black-400ml/12817739.html,homebase
Craig & Rose Artisan Enamel Gloss Spray Paint Black - 400ml,"£14.00
£35.00 per L",https://static.thcdn.com/images/xsmall/webp//productimg/original/12817661-1914831907594154.jpg,https://www.homebase.co.uk/craig-rose-artisan-enamel-gloss-spray-paint-black-400ml/12817661.html,homebase
Craig & Rose Artisan Crackle Effect Spray Paint Black - 400ml,"£17.00
£42.50 per L",https://static.thcdn.com/images/xsmall/webp//productimg/original/12817532-1884831907341587.jpg,https://www.homebase.co.uk/craig-rose-artisan-crackle-effect-spray-paint-black-400ml/12817532.html,homebase
Maison Deco Refresh Radiator Spray Paint Charcoal Black - 400ml,"£16.00
£21.33 per L",https://static.thcdn.com/images/xsmall/webp//productimg/original/12878374-4854866647662938.jpg,https://www.homebase.co.uk/maison-deco-refresh-radiator-spray-paint-charcoal-black-400ml/12878374.html,homebase
Rust-Oleum Direct to Plastic Spray Paint Black - 400ml,"£15.00
£37.50 per L",https://static.thcdn.com/images/xsmall/webp//productimg/original/12834123-2114831604163360.jpg,https://www.homebase.co.uk/rust-oleum-direct-to-plastic-spray-paint-black-400ml/12834123.html,homebase
Maison Deco Refresh Radiator Spray Paint Black Quartz - 400ml,"£16.00
£21.33 per L",https://static.thcdn.com/images/xsmall/webp//productimg/original/12878376-7284860649945542.jpg,https://www.homebase.co.uk/maison-deco-refresh-radiator-spray-paint-black-quartz-400ml/12878376.html,homebase
Hammerite Direct to Rust Metal Spray Paint Black - 400ml,"£17.00
£42.50 per L",https://static.thcdn.com/images/xsmall/webp//productimg/original/12843363-1464983763707753.jpg,https://www.homebase.co.uk/hammerite-direct-to-rust-metal-spray-paint-black-400ml/12843363.html,homebase
Craig & Rose 1829 Chalky Emulsion Paint Jet Black - 750ml,"£16.00
£21.33 per L",https://static.thcdn.com/images/xsmall/webp//productimg/original/12821667-1294831959068397.jpg,https://www.homebase.co.uk/craig-rose-1829-chalky-emulsion-paint-jet-black-750ml/12821667.html,homebase
Hammerite Direct To Rust Smooth Black Metal Paint - 750ml,"£22.00
£29.33 per L",https://static.thcdn.com/images/xsmall/webp//productimg/original/12845474-1684831882822752.jpg,https://www.homebase.co.uk/hammerite-direct-to-rust-smooth-black-metal-paint-750ml/12845474.html,homebase
Hammerite Direct To Rust Hammered Black Metal Paint - 750ml,"£22.00
£29.33 per L",https://static.thcdn.com/images/xsmall/webp//productimg/original/12845475-8164831883719332.jpg,https://www.homebase.co.uk/hammerite-direct-to-rust-hammered-black-metal-paint-750ml/12845475.html,homebase
Sandtex Exterior One Coat Gloss Paint Black - 2.5L,"£50.00
£20.00 per L",https://static.thcdn.com/images/xsmall/webp//productimg/original/12842082-1924872086776536.jpg,https://www.homebase.co.uk/sandtex-exterior-one-coat-gloss-paint-black-2.5l/12842082.html,homebase
Craig & Rose 1829 Eggshell Paint Jet Black - 2.5L,"£42.00
£16.80 per L",https://static.thcdn.com/images/xsmall/webp//productimg/original/12818539-1924831967138949.jpg,https://www.homebase.co.uk/craig-rose-1829-eggshell-paint-jet-black-2.5l/12818539.html,homebase
Farrow & Ball Exterior Eggshell Paint Pitch Black - 2.5L,"£81.00
£32.40 per L",https://static.thcdn.com/images/xsmall/webp//productimg/original/12812434-1224952645881512.jpg,https://www.homebase.co.uk/farrow-ball-exterior-eggshell-paint-pitch-black-2.5l/12812434.html,homebase
Farrow & Ball Exterior Eggshell Paint Paean Black - 2.5L,"£81.00
£32.40 per L",https://static.thcdn.com/images/xsmall/webp//productimg/original/12825735-1384951849273725.jpg,https://www.homebase.co.uk/farrow-ball-exterior-eggshell-paint-paean-black-2.5l/12825735.html,homebase
Farrow & Ball Exterior Eggshell Paint Off-Black - 2.5L,"£81.00
£32.40 per L",https://static.thcdn.com/images/xsmall/webp//productimg/original/12844846-1784952922613368.jpg,https://www.homebase.co.uk/farrow-ball-exterior-eggshell-paint-off-black-2.5l/12844846.html,homebase
Dulux Weathershield Exterior One Coat Gloss Paint Black - 750ml,"£28.00
£37.33 per L",https://static.thcdn.com/images/xsmall/webp//productimg/original/12810133-1554831944774066.jpg,https://www.homebase.co.uk/dulux-weathershield-exterior-one-coat-gloss-paint-black-750ml/12810133.html,homebase
Farrow & Ball Modern Eggshell Paint Paean Black - 2.5L,"£81.00
£32.40 per L",https://static.thcdn.com/images/xsmall/webp//productimg/original/12825907-3474952916068208.jpg,https://www.homebase.co.uk/farrow-ball-modern-eggshell-paint-paean-black-2.5l/12825907.html,homebase
Farrow & Ball Full Gloss Paint Off-Black - 2.5L,"£75.00
£30.00 per L",https://static.thcdn.com/images/xsmall/webp//productimg/original/12844799-1494952921109738.jpg,https://www.homebase.co.uk/farrow-ball-full-gloss-paint-off-black-2.5l/12844799.html,homebase
Farrow & Ball Full Gloss Paint Paean Black - 2.5L,"£75.00
£30.00 per L",https://static.thcdn.com/images/xsmall/webp//productimg/original/12825755-1454951850813175.jpg,https://www.homebase.co.uk/farrow-ball-full-gloss-paint-paean-black-2.5l/12825755.html,homebase
Farrow & Ball Full Gloss Paint Pitch Black - 2.5L,"£75.00
£30.00 per L",https://static.thcdn.com/images/xsmall/webp//productimg/original/12808640-1884951340683443.jpg,https://www.homebase.co.uk/farrow-ball-full-gloss-paint-pitch-black-2.5l/12808640.html,homebase
Farrow & Ball Estate Matt Emulsion Paint No.305 Hopper Head - 2.5L,"£54.00
£21.60 per L",https://static.thcdn.com/images/xsmall/webp//productimg/original/13911847-5744992588712611.jpg,https://www.homebase.co.uk/farrow-ball-estate-matt-emulsion-paint-no.305-hopper-head-2.5l/13911847.html,homebase
BLACK+DECKER 18V Cordless Oscillating Multi Tool with 18 Accessories (no battery included) (BDCOS18N-XJ),£85.00,https://static.thcdn.com/images/xsmall/webp//productimg/original/13623739-6064948298794026.jpg,https://www.homebase.co.uk/black-decker-18v-cordless-oscillating-multi-tool-with-18-accessories-no-battery-included-bdcos18n-xj/13623739.html,homebase
Craig & Rose 1829 Matt Emulsion Paint Jet Black - Colour Patch,£4.00,https://static.thcdn.com/images/xsmall/webp//productimg/original/12838298-9644831952317293.jpg,https://www.homebase.co.uk/craig-rose-1829-matt-emulsion-paint-jet-black-colour-patch/12838298.html,homebase
Craig & Rose 1829 Chalky Emulsion Paint Jet Black - Tester 50ml,£4.50,https://static.thcdn.com/images/xsmall/webp//productimg/original/12821153-1644846172952417.jpg,https://www.homebase.co.uk/craig-rose-1829-chalky-emulsion-paint-jet-black-tester-50ml/12821153.html,homebase
Farrow & Ball Estate Matt Emulsion Paint Off-Black - Tester 100ml,£5.50,https://static.thcdn.com/images/xsmall/webp//productimg/original/12840090-4814951864942662.jpg,https://www.homebase.co.uk/farrow-ball-estate-matt-emulsion-paint-off-black-tester-100ml/12840090.html,homebase
Farrow & Ball Estate Matt Emulsion Paint Pitch Black - Tester 100ml,£5.50,https://static.thcdn.com/images/xsmall/webp//productimg/original/12845660-2014951867958280.jpg,https://www.homebase.co.uk/farrow-ball-estate-matt-emulsion-paint-pitch-black-tester-100ml/12845660.html,homebase
Dulux Easycare Washable & Tough Matt Paint Rich Black - Tester 30ml,£2.45,https://static.thcdn.com/images/xsmall/webp//productimg/original/12820414-2814831967427444.jpg,https://www.homebase.co.uk/dulux-easycare-washable-tough-matt-paint-rich-black-tester-30ml/12820414.html,homebase
Maison Deco Refresh Bathroom Wall Tile Paint Charcoal Black - 2L,"£40.00
£20.00 per L",https://static.thcdn.com/images/xsmall/webp//productimg/original/12878400-1914866335702364.jpg,https://www.homebase.co.uk/maison-deco-refresh-bathroom-wall-tile-paint-charcoal-black-2l/12878400.html,homebase
Maison Deco Refresh Bathroom Wall Tile Paint Charcoal Black - 750ml,"£27.00
£36.00 per L",https://static.thcdn.com/images/xsmall/webp//productimg/original/12878399-1204866334481805.jpg,https://www.homebase.co.uk/maison-deco-refresh-bathroom-wall-tile-paint-charcoal-black-750ml/12878399.html,homebase
Sandtex Exterior 10 Year Gloss Paint Charcoal Black - 2.5L,"£48.00
£19.20 per L",https://static.thcdn.com/images/xsmall/webp//productimg/original/12837857-1414872087444840.jpg,https://www.homebase.co.uk/sandtex-exterior-10-year-gloss-paint-charcoal-black-2.5l/12837857.html,homebase
Dulux Weathershield Multi Surface Quick Dry Satin Paint Black - 750ml,"£32.00
£42.67 per L",https://static.thcdn.com/images/xsmall/webp//productimg/original/12809838-1484831883685417.jpg,https://www.homebase.co.uk/dulux-weathershield-multi-surface-quick-dry-satin-paint-black-750ml/12809838.html,homebase
Harris Essentials 11 Piece Decorating Set,£15.00,https://static.thcdn.com/images/xsmall/webp//productimg/original/13420130-3844902361856757.jpg,https://www.homebase.co.uk/harris-essentials-11-piece-decorating-set/13420130.html,homebase
Fablon Sticky Back Plastic - Oriental Blossom - 450mm x 2m,"Was £10.00
£5.00",https://static.thcdn.com/images/xsmall/webp//productimg/original/12811193-1714831966874907.jpg,https://www.homebase.co.uk/fablon-sticky-back-plastic-oriental-blossom-450mm-x-2m/12811193.html,homebase
Farrow & Ball Estate Eggshell White Tie - 750ml,"£32.00
£42.67 per L",https://static.thcdn.com/images/xsmall/webp//productimg/original/12844413-1324952922415056.jpg,https://www.homebase.co.uk/farrow-ball-estate-eggshell-white-tie-750ml/12844413.html,homebase
Duck Wrap-fix Self Fusing Repair Tape 25mm x 3m,£10.00,https://static.thcdn.com/images/xsmall/webp//productimg/original/13307609-1814919009779020.jpg,https://www.homebase.co.uk/duck-wrap-fix-self-fusing-repair-tape-25mm-x-3m/13307609.html,homebase
T-Rex Extreme Mounting Tape Strips (8 Strips),£7.00,https://static.thcdn.com/images/xsmall/webp//productimg/original/13307618-1844919011487082.jpg,https://www.homebase.co.uk/t-rex-extreme-mounting-tape-strips-8-strips/13307618.html,homebase
T-Rex Waterproof Tape 100mm x 154m,£21.00,https://static.thcdn.com/images/xsmall/webp//productimg/original/13307602-1754919011849455.jpg,https://www.homebase.co.uk/t-rex-waterproof-tape-100mm-x-154m/13307602.html,homebase
"CRAFTED by Crown Flat Matt Interior Wall, Ceiling and Wood Paint Printworks® - 2.5L","£36.00
£14.40 per L",https://static.thcdn.com/images/xsmall/webp//productimg/original/13167147-1294881146308323.jpg,https://www.homebase.co.uk/crafted-by-crown-flat-matt-interior-wall-ceiling-and-wood-paint-printworks-2.5l/13167147.html,homebase
Rust-Oleum Painter's Touch Multi-Purpose Gloss Spray Paint Black - 400ml,"£15.00
£37.50 per L",https://static.thcdn.com/images/xsmall/webp//productimg/original/12841997-1284831953904305.jpg,https://www.homebase.co.uk/rust-oleum-painter-s-touch-multi-purpose-gloss-spray-paint-black-400ml/12841997.html,homebase
Rust-Oleum Painter's Touch Multi-Purpose Satin Spray Paint Black - 400ml,"£15.00
£37.50 per L",https://static.thcdn.com/images/xsmall/webp//productimg/original/12843195-6504831883372490.jpg,https://www.homebase.co.uk/rust-oleum-painter-s-touch-multi-purpose-satin-spray-paint-black-400ml/12843195.html,homebase
Rust-Oleum Painter's Touch Multi-Purpose Matt Spray Paint Black - 400ml,"£15.00
£37.50 per L",https://static.thcdn.com/images/xsmall/webp//productimg/original/12842983-1404831963452936.jpg,https://www.homebase.co.uk/rust-oleum-painter-s-touch-multi-purpose-matt-spray-paint-black-400ml/12842983.html,homebase
Rust-Oleum Painters Touch Craft Enamel Gloss Spray Paint Black - 150ml,£8.00,https://static.thcdn.com/images/xsmall/webp//productimg/original/12808557-3404831952067957.jpg,https://www.homebase.co.uk/rust-oleum-painters-touch-craft-enamel-gloss-spray-paint-black-150ml/12808557.html,homebase
Rust-Oleum Painters Touch Craft Enamel Spray Paint Matt Black - 150ml,£8.00,https://static.thcdn.com/images/xsmall/webp//productimg/original/12808652-1804831965507648.jpg,https://www.homebase.co.uk/rust-oleum-painters-touch-craft-enamel-spray-paint-matt-black-150ml/12808652.html,homebase
ELLE Decoration by Crown Flat Matt Paint Black Glass - Tester 125ml,£4.50,https://static.thcdn.com/images/xsmall/webp//productimg/original/12834782-1264873590487722.jpg,https://www.homebase.co.uk/elle-decoration-by-crown-flat-matt-paint-black-glass-tester-125ml/12834782.html,homebase
"Maison Deco Refresh Kitchen Cupboards, Worktops & Splashbacks Paint Charcoal Black - 750ml","£27.00
£36.00 per L",https://static.thcdn.com/images/xsmall/webp//productimg/original/12878348-2024866385327929.jpg,https://www.homebase.co.uk/maison-deco-refresh-kitchen-cupboards-worktops-splashbacks-paint-charcoal-black-750ml/12878348.html,homebase
Dulux Weathershield Multi Surface Quick Dry Satin Paint Black - 2.5L,"£50.00
£20.00 per L",https://static.thcdn.com/images/xsmall/webp//productimg/original/12809840-1364831883614320.jpg,https://www.homebase.co.uk/dulux-weathershield-multi-surface-quick-dry-satin-paint-black-2.5l/12809840.html,homebase
Astratto Canvas Wall Art Oil Painting - Black & Gold - 82.6x122.6cm,£150.00,https://static.thcdn.com/images/xsmall/webp//productimg/original/14821014-5885058393336888.jpg,https://www.homebase.co.uk/astratto-canvas-wall-art-oil-painting-black-gold-82.6x122.6cm/14821014.html,homebase
Grandeco Strata Black Wallpaper,"Was £18.00
£12.60",https://static.thcdn.com/images/xsmall/webp//productimg/original/12839840-5784831967602626.jpg,https://www.homebase.co.uk/grandeco-strata-black-wallpaper/12839840.html,homebase
Elle Decoration Marble Black Gold Wallpaper,£40.00,https://static.thcdn.com/images/xsmall/webp//productimg/original/13027937-1585085666966657.jpg,https://www.homebase.co.uk/elle-decoration-marble-black-gold-wallpaper/13027937.html,homebase
Organic Textures Agate Tile Black Wallpaper,£37.00,https://static.thcdn.com/images/xsmall/webp//productimg/original/13120792-8494866366886452.jpg,https://www.homebase.co.uk/organic-textures-agate-tile-black-wallpaper/13120792.html,homebase
Organic Textures Chevron Wood Black Wallpaper,£37.00,https://static.thcdn.com/images/xsmall/webp//productimg/original/13120818-8134866370099656.jpg,https://www.homebase.co.uk/organic-textures-chevron-wood-black-wallpaper/13120818.html,homebase
Grandeco Aliare Black Raised Textured Metallic Wallpaper,£22.00,https://static.thcdn.com/images/xsmall/webp//productimg/original/13980237-1384998777384123.jpg,https://www.homebase.co.uk/grandeco-aliare-black-raised-textured-metallic-wallpaper/13980237.html,homebase
Belgravia Decor Ciara Glitter Feather Black Textured Wallpaper,£26.00,https://static.thcdn.com/images/xsmall/webp//productimg/original/14406765-1725040549611757.jpg,https://www.homebase.co.uk/belgravia-decor-ciara-glitter-feather-black-textured-wallpaper/14406765.html,homebase
Grandeco Kidatu Wallpaper,"Was £25.00
£10.00",https://static.thcdn.com/images/xsmall/webp//productimg/original/13130965-1884871043276648.jpg,https://www.homebase.co.uk/grandeco-kidatu-wallpaper/13130965.html,homebase
Superfresco Colours Aztec Geo Mono Wallpaper,£18.00,https://static.thcdn.com/images/xsmall/webp//productimg/original/13991826-1645003726636529.jpg,https://www.homebase.co.uk/superfresco-colours-aztec-geo-mono-wallpaper/13991826.html,homebase
Galerie Geo Tile Monochrome Wallpaper,£35.00,https://static.thcdn.com/images/xsmall/webp//productimg/original/13910531-8414994886626625.jpg,https://www.homebase.co.uk/galerie-geo-tile-monochrome-wallpaper/13910531.html,homebase
Galerie Geo Tile Monochrome A4 Wallpaper Sample,£2.00,https://static.thcdn.com/images/xsmall/webp//productimg/original/13910579-1024994886471615.jpg,https://www.homebase.co.uk/galerie-geo-tile-monochrome-a4-wallpaper-sample/13910579.html,homebase
Galerie Geo Tile Monochrome Large Wallpaper Sample,£2.00,https://static.thcdn.com/images/xsmall/webp//productimg/original/13910628-1014994886525363.jpg,https://www.homebase.co.uk/galerie-geo-tile-monochrome-large-wallpaper-sample/13910628.html,homebase
Belgravia Decor San Remo Charcoal Fabric Effect Glitter Wallpaper A4 Size Sample,£2.00,https://static.thcdn.com/images/xsmall/webp//productimg/original/13909706-2874983480048510.jpg,https://www.homebase.co.uk/belgravia-decor-san-remo-charcoal-fabric-effect-glitter-wallpaper-a4-size-sample/13909706.html,homebase
Black Painted Featheredge Cladding or Fencing pack of 22x175mmx4.2mtr (Pack of 4),£110.00,https://static.thcdn.com/images/xsmall/webp//productimg/original/12837105-1324831957775808.jpg,https://www.homebase.co.uk/black-painted-featheredge-cladding-or-fencing-pack-of-22x175mmx4.2mtr-pack-of-4/12837105.html,homebase
Farrow & Ball Full Gloss Paint Railings - 750ml,"£32.00
£42.67 per L",https://static.thcdn.com/images/xsmall/webp//productimg/original/12819148-1764951875463161.jpg,https://www.homebase.co.uk/farrow-ball-full-gloss-paint-railings-750ml/12819148.html,homebase
Annie Sloan Antibes Green Chalk Paint - 1L,"£27.00
£27.00 per L",https://static.thcdn.com/images/xsmall/webp//productimg/original/13965668-1434995161306196.jpg,https://www.homebase.co.uk/annie-sloan-antibes-green-chalk-paint-1l/13965668.html,homebase
Annie Sloan Barcelona Orange Chalk Paint - 1L,"£27.00
£27.00 per L",https://static.thcdn.com/images/xsmall/webp//productimg/original/13965674-1334995163709178.jpg,https://www.homebase.co.uk/annie-sloan-barcelona-orange-chalk-paint-1l/13965674.html,homebase
Craig & Rose 1829 Eggshell Paint Zeitgeist - 750ml,"£20.00
£26.67 per L",https://static.thcdn.com/images/xsmall/webp//productimg/original/12820542-1734831947840027.jpg,https://www.homebase.co.uk/craig-rose-1829-eggshell-paint-zeitgeist-750ml/12820542.html,homebase
Farrow & Ball Modern Eggshell Paint Blackened - 750ml,"£34.00
£45.33 per L",https://static.thcdn.com/images/xsmall/webp//productimg/original/12819656-9674952653169394.jpg,https://www.homebase.co.uk/farrow-ball-modern-eggshell-paint-blackened-750ml/12819656.html,homebase
Farrow & Ball Estate Eggshell Paint Rangwali - 750ml,"£32.00
£42.67 per L",https://static.thcdn.com/images/xsmall/webp//productimg/original/12826090-2004952916615267.jpg,https://www.homebase.co.uk/farrow-ball-estate-eggshell-paint-rangwali-750ml/12826090.html,homebase
Farrow & Ball Modern Eggshell Paint Pelt - 750ml,"£34.00
£45.33 per L",https://static.thcdn.com/images/xsmall/webp//productimg/original/12820365-2044952655671910.jpg,https://www.homebase.co.uk/farrow-ball-modern-eggshell-paint-pelt-750ml/12820365.html,homebase
Farrow & Ball Exterior Eggshell Paint Babouche - 750ml,"£34.00
£45.33 per L",https://static.thcdn.com/images/xsmall/webp//productimg/original/12827088-1624951853636388.jpg,https://www.homebase.co.uk/farrow-ball-exterior-eggshell-paint-babouche-750ml/12827088.html,homebase
Clancy Floor Lamp - Black,£139.00,https://static.thcdn.com/images/xsmall/webp//productimg/original/13938500-1534981958305575.jpg,https://www.homebase.co.uk/clancy-floor-lamp-black/13938500.html,homebase
Clancy Pendant Light - Black,£85.00,https://static.thcdn.com/images/xsmall/webp//productimg/original/13938502-2004981958984025.jpg,https://www.homebase.co.uk/clancy-pendant-light-black/13938502.html,homebase
Clancy Table Lamp - Black,£79.00,https://static.thcdn.com/images/xsmall/webp//productimg/original/13938501-6584981960093992.jpg,https://www.homebase.co.uk/clancy-table-lamp-black/13938501.html,homebase
Farrow & Ball Full Gloss Paint Railings - 2.5L,"£75.00
£30.00 per L",https://static.thcdn.com/images/xsmall/webp//productimg/original/12841012-1554951865320815.jpg,https://www.homebase.co.uk/farrow-ball-full-gloss-paint-railings-2.5l/12841012.html,homebase
Craig & Rose 1829 Chalky Emulsion Paint Zeitgeist - 750ml,"£16.00
£21.33 per L",https://static.thcdn.com/images/xsmall/webp//productimg/original/12821847-1684831946558547.jpg,https://www.homebase.co.uk/craig-rose-1829-chalky-emulsion-paint-zeitgeist-750ml/12821847.html,homebase
Craig & Rose 1829 Chalky Emulsion Paint Zeitgeist - 5L,"£66.00
£13.20 per L",https://static.thcdn.com/images/xsmall/webp//productimg/original/12833332-1164831898404545.jpg,https://www.homebase.co.uk/craig-rose-1829-chalky-emulsion-paint-zeitgeist-5l/12833332.html,homebase
Craig & Rose 1829 Eggshell Paint Lido Blue - 750ml,"£20.00
£26.67 per L",https://static.thcdn.com/images/xsmall/webp//productimg/original/12820182-9234831951726326.jpg,https://www.homebase.co.uk/craig-rose-1829-eggshell-paint-lido-blue-750ml/12820182.html,homebase
Craig & Rose 1829 Gloss Paint Lido Blue -750ml,"£20.00
£26.67 per L",https://static.thcdn.com/images/xsmall/webp//productimg/original/12820842-9594831970799339.jpg,https://www.homebase.co.uk/craig-rose-1829-gloss-paint-lido-blue-750ml/12820842.html,homebase
Craig & Rose 1829 Eggshell Paint Zeitgeist - 2.5L,"£42.00
£16.80 per L",https://static.thcdn.com/images/xsmall/webp//productimg/original/12818116-1744831589880399.jpg,https://www.homebase.co.uk/craig-rose-1829-eggshell-paint-zeitgeist-2.5l/12818116.html,homebase
Farrow & Ball Estate Eggshell Paint Joa's White - 750ml,"£32.00
£42.67 per L",https://static.thcdn.com/images/xsmall/webp//productimg/original/12808523-5494951337620065.jpg,https://www.homebase.co.uk/farrow-ball-estate-eggshell-paint-joa-s-white-750ml/12808523.html,homebase
Farrow & Ball Modern Eggshell Paint Joa's White - 750ml,"£34.00
£45.33 per L",https://static.thcdn.com/images/xsmall/webp//productimg/original/12820094-1014952654773458.jpg,https://www.homebase.co.uk/farrow-ball-modern-eggshell-paint-joa-s-white-750ml/12820094.html,homebase
Farrow & Ball Modern Eggshell Paint Studio Green - 750ml,"£34.00
£45.33 per L",https://static.thcdn.com/images/xsmall/webp//productimg/original/12820600-3474952914566285.jpg,https://www.homebase.co.uk/farrow-ball-modern-eggshell-paint-studio-green-750ml/12820600.html,homebase
Farrow & Ball Estate Eggshell Paint Studio Green - 750ml,"£32.00
£42.67 per L",https://static.thcdn.com/images/xsmall/webp//productimg/original/12804855-1074951334888604.jpg,https://www.homebase.co.uk/farrow-ball-estate-eggshell-paint-studio-green-750ml/12804855.html,homebase
Farrow & Ball Modern Eggshell Paint Farrow's Cream - 750ml,"£34.00
£45.33 per L",https://static.thcdn.com/images/xsmall/webp//productimg/original/12819950-8304952654415912.jpg,https://www.homebase.co.uk/farrow-ball-modern-eggshell-paint-farrow-s-cream-750ml/12819950.html,homebase
Farrow & Ball Modern Eggshell Paint Hardwick White - 750ml,"£34.00
£45.33 per L",https://static.thcdn.com/images/xsmall/webp//productimg/original/12820089-1664952654569323.jpg,https://www.homebase.co.uk/farrow-ball-modern-eggshell-paint-hardwick-white-750ml/12820089.html,homebase
Farrow & Ball Modern Eggshell Paint Joa's White - 750ml,"£34.00
£45.33 per L",https://static.thcdn.com/images/xsmall/webp//productimg/original/12820094-1014952654773458.jpg,https://www.homebase.co.uk/farrow-ball-modern-eggshell-paint-joa-s-white-750ml/12820094.html,homebase
Farrow & Ball Estate Eggshell Paint Charlotte's Locks - 750ml,"£32.00
£42.67 per L",https://static.thcdn.com/images/xsmall/webp//productimg/original/12808711-1744951341583047.jpg,https://www.homebase.co.uk/farrow-ball-estate-eggshell-paint-charlotte-s-locks-750ml/12808711.html,homebase
Farrow & Ball Estate Eggshell Paint Dix Blue - 750ml,"£32.00
£42.67 per L",https://static.thcdn.com/images/xsmall/webp//productimg/original/12804409-1304951333422777.jpg,https://www.homebase.co.uk/farrow-ball-estate-eggshell-paint-dix-blue-750ml/12804409.html,homebase
Farrow & Ball Exterior Eggshell Paint Dix Blue - 750ml,"£34.00
£45.33 per L",https://static.thcdn.com/images/xsmall/webp//productimg/original/12810663-3104951343552454.jpg,https://www.homebase.co.uk/farrow-ball-exterior-eggshell-paint-dix-blue-750ml/12810663.html,homebase
Farrow & Ball Estate Eggshell Paint Preference Red - 750ml,"£32.00
£42.67 per L",https://static.thcdn.com/images/xsmall/webp//productimg/original/12826088-9774952916615504.jpg,https://www.homebase.co.uk/farrow-ball-estate-eggshell-paint-preference-red-750ml/12826088.html,homebase
Farrow & Ball Exterior Eggshell Paint Studio Green - 750ml,"£34.00
£45.33 per L",https://static.thcdn.com/images/xsmall/webp//productimg/original/12815109-2364951874853681.jpg,https://www.homebase.co.uk/farrow-ball-exterior-eggshell-paint-studio-green-750ml/12815109.html,homebase
Farrow & Ball Estate Eggshell Paint Pitch Blue - 750ml,"£32.00
£42.67 per L",https://static.thcdn.com/images/xsmall/webp//productimg/original/12809861-1674951337390055.jpg,https://www.homebase.co.uk/farrow-ball-estate-eggshell-paint-pitch-blue-750ml/12809861.html,homebase
Farrow & Ball Estate Eggshell Paint Rangwali - 2.5L,"£74.00
£29.60 per L",https://static.thcdn.com/images/xsmall/webp//productimg/original/12825583-4214952915572419.jpg,https://www.homebase.co.uk/farrow-ball-estate-eggshell-paint-rangwali-2.5l/12825583.html,homebase
Premium Heavy Duty Black Painted Dutch Featheredge 28x195x4.8mtr Cladding or Fencing (Pack of 4),£270.00,https://static.thcdn.com/images/xsmall/webp//productimg/original/12837109-1664831960906233.jpg,https://www.homebase.co.uk/premium-heavy-duty-black-painted-dutch-featheredge-28x195x4.8mtr-cladding-or-fencing-pack-of-4/12837109.html,homebase
Wire Hasp & Staple - Black - 76mm,£5.50,https://static.thcdn.com/images/xsmall/webp//productimg/original/12818813-3964831966594236.jpg,https://www.homebase.co.uk/wire-hasp-staple-black-76mm/12818813.html,homebase
Farrow & Ball Estate Matt Emulsion Paint Railings - Tester 100ml,£5.50,https://static.thcdn.com/images/xsmall/webp//productimg/original/12839692-1654951389429519.jpg,https://www.homebase.co.uk/farrow-ball-estate-matt-emulsion-paint-railings-tester-100ml/12839692.html,homebase
Farrow & Ball Modern Eggshell Paint Oval Room Blue - 750ml,"£34.00
£45.33 per L",https://static.thcdn.com/images/xsmall/webp//productimg/original/12820238-1374952655373662.jpg,https://www.homebase.co.uk/farrow-ball-modern-eggshell-paint-oval-room-blue-750ml/12820238.html,homebase
Farrow & Ball Modern Eggshell Paint White Tie - 2.5L,"£81.00
£32.40 per L",https://static.thcdn.com/images/xsmall/webp//productimg/original/12818412-1494952649050283.jpg,https://www.homebase.co.uk/farrow-ball-modern-eggshell-paint-white-tie-2.5l/12818412.html,homebase
Farrow & Ball Estate Eggshell Paint Dix Blue - 2.5L,"£74.00
£29.60 per L",https://static.thcdn.com/images/xsmall/webp//productimg/original/12809005-1014951341594309.jpg,https://www.homebase.co.uk/farrow-ball-estate-eggshell-paint-dix-blue-2.5l/12809005.html,homebase
Farrow & Ball Estate Eggshell Paint Preference Red - 2.5L,"£74.00
£29.60 per L",https://static.thcdn.com/images/xsmall/webp//productimg/original/12825580-5414955537510301.jpg,https://www.homebase.co.uk/farrow-ball-estate-eggshell-paint-preference-red-2.5l/12825580.html,homebase
Farrow & Ball Estate Eggshell Paint Farrow's Cream - 2.5L,"£74.00
£29.60 per L",https://static.thcdn.com/images/xsmall/webp//productimg/original/12806808-4274951340402793.jpg,https://www.homebase.co.uk/farrow-ball-estate-eggshell-paint-farrow-s-cream-2.5l/12806808.html,homebase
Farrow & Ball Estate Eggshell Paint Blue Gray - 2.5L,"£74.00
£29.60 per L",https://static.thcdn.com/images/xsmall/webp//productimg/original/12810558-5884951343524011.jpg,https://www.homebase.co.uk/farrow-ball-estate-eggshell-paint-blue-gray-2.5l/12810558.html,homebase
Farrow & Ball Modern Eggshell Paint Pitch Blue - 2.5L,"£81.00
£32.40 per L",https://static.thcdn.com/images/xsmall/webp//productimg/original/12819381-2714952652023550.jpg,https://www.homebase.co.uk/farrow-ball-modern-eggshell-paint-pitch-blue-2.5l/12819381.html,homebase
Farrow & Ball Estate Eggshell Paint Charlotte's Locks - 2.5L,"£74.00
£29.60 per L",https://static.thcdn.com/images/xsmall/webp//productimg/original/12807851-1224951343705433.jpg,https://www.homebase.co.uk/farrow-ball-estate-eggshell-paint-charlotte-s-locks-2.5l/12807851.html,homebase
Farrow & Ball Modern Matt Emulsion Paint Pelt - 2.5L,"£59.00
£23.60 per L",https://static.thcdn.com/images/xsmall/webp//productimg/original/12809525-1164951341091140.jpg,https://www.homebase.co.uk/farrow-ball-modern-matt-emulsion-paint-pelt-2.5l/12809525.html,homebase
Farrow & Ball Modern Matt Emulsion Paint Calluna - 2.5L,"£59.00
£23.60 per L",https://static.thcdn.com/images/xsmall/webp//productimg/original/12806925-5764951340430735.jpg,https://www.homebase.co.uk/farrow-ball-modern-matt-emulsion-paint-calluna-2.5l/12806925.html,homebase
Farrow & Ball Estate Matt Emulsion Paint Pelt - 2.5L,"£54.00
£21.60 per L",https://static.thcdn.com/images/xsmall/webp//productimg/original/12841797-7084952920605498.jpg,https://www.homebase.co.uk/farrow-ball-estate-matt-emulsion-paint-pelt-2.5l/12841797.html,homebase
Farrow & Ball Estate Matt Emulsion Paint Rangwali - 2.5L,"£54.00
£21.60 per L",https://static.thcdn.com/images/xsmall/webp//productimg/original/12825598-4744952915798160.jpg,https://www.homebase.co.uk/farrow-ball-estate-matt-emulsion-paint-rangwali-2.5l/12825598.html,homebase
Command Large Black Picture Hanging Strips,£5.00,https://static.thcdn.com/images/xsmall/webp//productimg/original/12807457-1174831965595908.jpg,https://www.homebase.co.uk/command-large-black-picture-hanging-strips/12807457.html,homebase
Craig & Rose 1829 Chalky Emulsion Paint Lido Blue - Tester 50ml,£4.50,https://static.thcdn.com/images/xsmall/webp//productimg/original/12821218-6834831961955504.jpg,https://www.homebase.co.uk/craig-rose-1829-chalky-emulsion-paint-lido-blue-tester-50ml/12821218.html,homebase
Farrow & Ball Estate Matt Emulsion Paint White Tie - Tester 100ml,£5.50,https://static.thcdn.com/images/xsmall/webp//productimg/original/12821136-3484951388684766.jpg,https://www.homebase.co.uk/farrow-ball-estate-matt-emulsion-paint-white-tie-tester-100ml/12821136.html,homebase
Farrow & Ball Estate Matt Emulsion Paint Hardwick White - Tester 100ml,£5.50,https://static.thcdn.com/images/xsmall/webp//productimg/original/12839540-7254951389245373.jpg,https://www.homebase.co.uk/farrow-ball-estate-matt-emulsion-paint-hardwick-white-tester-100ml/12839540.html,homebase
Farrow & Ball Estate Matt Emulsion Paint Blue Gray Tester - 100ml,£5.50,https://static.thcdn.com/images/xsmall/webp//productimg/original/12845327-2044952921387349.jpg,https://www.homebase.co.uk/farrow-ball-estate-matt-emulsion-paint-blue-gray-tester-100ml/12845327.html,homebase
Farrow & Ball Modern Matt Emulsion Paint Preference Red - 2.5L,"£59.00
£23.60 per L",https://static.thcdn.com/images/xsmall/webp//productimg/original/12826059-2084952916325644.jpg,https://www.homebase.co.uk/farrow-ball-modern-matt-emulsion-paint-preference-red-2.5l/12826059.html,homebase
Farrow & Ball Modern Matt Emulsion Paint Hardwick White - 2.5L,"£59.00
£23.60 per L",https://static.thcdn.com/images/xsmall/webp//productimg/original/12804396-1204951335756924.jpg,https://www.homebase.co.uk/farrow-ball-modern-matt-emulsion-paint-hardwick-white-2.5l/12804396.html,homebase
Maison Deco Refresh Charcoal Black -Tester 50ml,£5.00,https://static.thcdn.com/images/xsmall/webp//productimg/original/12878413-6304866401872569.jpg,https://www.homebase.co.uk/maison-deco-refresh-charcoal-black-tester-50ml/12878413.html,homebase
Farrow & Ball Modern Eggshell Paean Black - 750ml,"£34.00
£45.33 per L",https://static.thcdn.com/images/xsmall/webp//productimg/original/12826393-6074952916862326.jpg,https://www.homebase.co.uk/farrow-ball-modern-eggshell-paean-black-750ml/12826393.html,homebase
Duck Original Tape Black 50mm x 50m,"Was £10.50
£4.00",https://static.thcdn.com/images/xsmall/webp//productimg/original/13307600-1584919008976685.jpg,https://www.homebase.co.uk/duck-original-tape-black-50mm-x-50m/13307600.html,homebase
Duck Original Tape Black 50mm x 25m,£10.00,https://static.thcdn.com/images/xsmall/webp//productimg/original/13307598-4484919008500054.jpg,https://www.homebase.co.uk/duck-original-tape-black-50mm-x-25m/13307598.html,homebase
Duck Original Tape Black - 50m x 10m,£6.00,https://static.thcdn.com/images/xsmall/webp//productimg/original/12815422-1884831884659733.jpg,https://www.homebase.co.uk/duck-original-tape-black-50m-x-10m/12815422.html,homebase
Duck Ultimate Tape Black - 50mm x 25m,£12.00,https://static.thcdn.com/images/xsmall/webp//productimg/original/12804684-6764953473686332.jpg,https://www.homebase.co.uk/duck-ultimate-tape-black-50mm-x-25m/12804684.html,homebase
Organic Textures Agate Tile Black Wallpaper Sample,£1.45,https://static.thcdn.com/images/xsmall/webp//productimg/original/13135593-6554871555892108.jpg,https://www.homebase.co.uk/organic-textures-agate-tile-black-wallpaper-sample/13135593.html,homebase
Organic Textures Chevron Wood Black Wallpaper Sample,£1.45,https://static.thcdn.com/images/xsmall/webp//productimg/original/13135615-3604871560206294.jpg,https://www.homebase.co.uk/organic-textures-chevron-wood-black-wallpaper-sample/13135615.html,homebase
Elle Decoration Geometric Black Gold Cream Wallpaper,£40.00,https://static.thcdn.com/images/xsmall/webp//productimg/original/13027931-6275085667049454.jpg,https://www.homebase.co.uk/elle-decoration-geometric-black-gold-cream-wallpaper/13027931.html,homebase
Farrow & Ball Modern Eggshell Paint No.305 Hopper Head - 2.5L,"£81.00
£32.40 per L",https://static.thcdn.com/images/xsmall/webp//productimg/original/13911873-1624992592152567.jpg,https://www.homebase.co.uk/farrow-ball-modern-eggshell-paint-no.305-hopper-head-2.5l/13911873.html,homebase
Fablon Sticky Back Plastic - Comic - 450mm x 2m,"Was £10.00
£4.00",https://static.thcdn.com/images/xsmall/webp//productimg/original/12811183-4224831940903601.jpg,https://www.homebase.co.uk/fablon-sticky-back-plastic-comic-450mm-x-2m/12811183.html,homebase
Farrow & Ball Estate Matt Emulsion Paint Oval Room Blue - Tester 100ml,£5.50,https://static.thcdn.com/images/xsmall/webp//productimg/original/12841798-1834951389698982.jpg,https://www.homebase.co.uk/farrow-ball-estate-matt-emulsion-paint-oval-room-blue-tester-100ml/12841798.html,homebase
Farrow & Ball Estate Matt Emulsion Paint Manor House Gray - Tester 100ml,£5.50,https://static.thcdn.com/images/xsmall/webp//productimg/original/12805862-1834951388480505.jpg,https://www.homebase.co.uk/farrow-ball-estate-matt-emulsion-paint-manor-house-gray-tester-100ml/12805862.html,homebase
Craig & Rose 1829 Chalky Matt Emulsion Paint Paynes Grey - 2.5L,"£42.00
£16.80 per L",https://static.thcdn.com/images/xsmall/webp//productimg/original/12820707-8654831954030746.jpg,https://www.homebase.co.uk/craig-rose-1829-chalky-matt-emulsion-paint-paynes-grey-2.5l/12820707.html,homebase
Belgravia Decor Anaya Cream Textured Wallpaper,£20.00,https://static.thcdn.com/images/xsmall/webp//productimg/original/14914732-1875081516170248.jpg,https://www.homebase.co.uk/belgravia-decor-anaya-cream-textured-wallpaper/14914732.html,homebase
Organic Textures Rough Grass Silver Wallpaper Sample,£1.45,https://static.thcdn.com/images/xsmall/webp//productimg/original/13135584-1264871561517687.jpg,https://www.homebase.co.uk/organic-textures-rough-grass-silver-wallpaper-sample/13135584.html,homebase
Organic Textures Rough Grass Natural Wallpaper Sample,£1.45,https://static.thcdn.com/images/xsmall/webp//productimg/original/13135581-2834871561626425.jpg,https://www.homebase.co.uk/organic-textures-rough-grass-natural-wallpaper-sample/13135581.html,homebase
Organic Textures Lemur Gold Wallpaper Sample,£1.45,https://static.thcdn.com/images/xsmall/webp//productimg/original/13135583-1894871561492538.jpg,https://www.homebase.co.uk/organic-textures-lemur-gold-wallpaper-sample/13135583.html,homebase
Organic Textures Lemur Turquoise Wallpaper,£37.00,https://static.thcdn.com/images/xsmall/webp//productimg/original/13120774-1204866364371531.jpg,https://www.homebase.co.uk/organic-textures-lemur-turquoise-wallpaper/13120774.html,homebase
Sadolin Classic All Purpose Woodstain Ebony - 2.5L,"£40.00
£16.00 per L",https://static.thcdn.com/images/xsmall/webp//productimg/original/12845195-5344958586461151.jpg,https://www.homebase.co.uk/sadolin-classic-all-purpose-woodstain-ebony-2.5l/12845195.html,homebase
Farrow & Ball Estate Matt Emulsion Paint No.305 Hopper Head - Tester 100ml,£5.50,https://static.thcdn.com/images/xsmall/webp//productimg/original/13911825-2904992585210243.jpg,https://www.homebase.co.uk/farrow-ball-estate-matt-emulsion-paint-no.305-hopper-head-tester-100ml/13911825.html,homebase
Rust-Oleum Painters Touch Enamel Black GLS - 20ml,£4.00,https://static.thcdn.com/images/xsmall/webp//productimg/original/12808775-1694831970365299.jpg,https://www.homebase.co.uk/rust-oleum-painters-touch-enamel-black-gls-20ml/12808775.html,homebase
Farrow & Ball Estate Eggshell Pitch Black - 2.5L,"£74.00
£29.60 per L",https://static.thcdn.com/images/xsmall/webp//productimg/original/12841184-1954951865435121.jpg,https://www.homebase.co.uk/farrow-ball-estate-eggshell-pitch-black-2.5l/12841184.html,homebase
Farrow & Ball Estate Eggshell Paean Black - 2.5L,"£74.00
£29.60 per L",https://static.thcdn.com/images/xsmall/webp//productimg/original/12825581-4254952915554572.jpg,https://www.homebase.co.uk/farrow-ball-estate-eggshell-paean-black-2.5l/12825581.html,homebase
BLACK+DECKER 3.6V Powered Scissors (BCSC115-XJ),£35.00,https://static.thcdn.com/images/xsmall/webp//productimg/original/13663420-3484980701411631.jpg,https://www.homebase.co.uk/black-decker-3.6v-powered-scissors-bcsc115-xj/13663420.html,homebase
BLACK+DECKER 3.6V Powered Stapler (BCN115-XJ),£45.00,https://static.thcdn.com/images/xsmall/webp//productimg/original/13663419-4134980701410773.jpg,https://www.homebase.co.uk/black-decker-3.6v-powered-stapler-bcn115-xj/13663419.html,homebase
Cuprinol Anti-Slip Decking Stain Black Ash - 2.5L,"£30.00
£12.00 per L",https://static.thcdn.com/images/xsmall/webp//productimg/original/12804208-9764843298497002.jpg,https://www.homebase.co.uk/cuprinol-anti-slip-decking-stain-black-ash-2.5l/12804208.html,homebase
T Rex Brute Force Black Duct Tape 48mm x 9.14m,£18.50,https://static.thcdn.com/images/xsmall/webp//productimg/original/13307606-3594919010739479.jpg,https://www.homebase.co.uk/t-rex-brute-force-black-duct-tape-48mm-x-9.14m/13307606.html,homebase
Rust-Oleum Rust Reformer Direct to Rust Primer Spray Matt Black - 400ml,"£15.00
£37.50 per L",https://static.thcdn.com/images/xsmall/webp//productimg/original/12841671-7324831964442579.jpg,https://www.homebase.co.uk/rust-oleum-rust-reformer-direct-to-rust-primer-spray-matt-black-400ml/12841671.html,homebase
BLACK+DECKER 18V Cordless Random Orbital Sander with Sanding Sheet (BDCROS18-GB),£72.00,https://static.thcdn.com/images/xsmall/webp//productimg/original/12838417-1344831910130909.jpg,https://www.homebase.co.uk/black-decker-18v-cordless-random-orbital-sander-with-sanding-sheet-bdcros18-gb/12838417.html,homebase
BLACK+DECKER 125MM 18V Cordless Angle Grinder with 3 Discs (BCG720D13-GB),£90.00,https://static.thcdn.com/images/xsmall/webp//productimg/original/12838922-2574866673409154.jpg,https://www.homebase.co.uk/black-decker-125mm-18v-cordless-angle-grinder-with-3-discs-bcg720d13-gb/12838922.html,homebase
BLACK+DECKER 18V Cordless Random Orbital Sander with Sanding Sheet – Bare Unit (BDCROS18N-XJ),£50.00,https://static.thcdn.com/images/xsmall/webp//productimg/original/13623746-6184955512589550.jpg,https://www.homebase.co.uk/black-decker-18v-cordless-random-orbital-sander-with-sanding-sheet-bare-unit-bdcros18n-xj/13623746.html,homebase
BLACK+DECKER 120W Corded Detail Mouse Sander with 6x Accessories and Storage Bag (KA2000-GB),£40.00,https://static.thcdn.com/images/xsmall/webp//productimg/original/12838539-8684831909451841.jpg,https://www.homebase.co.uk/black-decker-120w-corded-detail-mouse-sander-with-6x-accessories-and-storage-bag-ka2000-gb/12838539.html,homebase
Thorndown Wood Paint Blackdown - 750ml,"£23.00
£30.67 per L",https://static.thcdn.com/images/xsmall/webp//productimg/original/13301675-2004920579336123.jpg,https://www.homebase.co.uk/thorndown-wood-paint-blackdown-750ml/13301675.html,homebase
Thorndown Wood Paint Blackdown - 150ml,£10.00,https://static.thcdn.com/images/xsmall/webp//productimg/original/13301688-7604920576657645.jpg,https://www.homebase.co.uk/thorndown-wood-paint-blackdown-150ml/13301688.html,homebase
Farrow & Ball Eco Full Gloss - 750ml,"£32.00
£42.67 per L",https://static.thcdn.com/images/xsmall/webp//productimg/original/12835653-1964952917347360.jpg,https://www.homebase.co.uk/farrow-ball-eco-full-gloss-750ml/12835653.html,homebase
BLACK+DECKER 125MM 18V Lithium-ion Cordless Angle Grinder with Protective Cover (battery not included) (BCG720N-XJ),£70.00,https://static.thcdn.com/images/xsmall/webp//productimg/original/13623748-1624958667168996.jpg,https://www.homebase.co.uk/black-decker-125mm-18v-lithium-ion-cordless-angle-grinder-with-protective-cover-battery-not-included-bcg720n-xj/13623748.html,homebase
T-Rex Waterproof Tape 45mm x 1.52m,£16.00,https://static.thcdn.com/images/xsmall/webp//productimg/original/13502509-8794927504806072.jpg,https://www.homebase.co.uk/t-rex-waterproof-tape-45mm-x-1.52m/13502509.html,homebase
Farrow & Ball Estate Eggshell Farrow's Cream - 750ml,"£32.00
£42.67 per L",https://static.thcdn.com/images/xsmall/webp//productimg/original/12844715-1144952922581784.jpg,https://www.homebase.co.uk/farrow-ball-estate-eggshell-farrow-s-cream-750ml/12844715.html,homebase
Farrow & Ball Full Gloss Babouche - 750ml,"£32.00
£42.67 per L",https://static.thcdn.com/images/xsmall/webp//productimg/original/12838201-1814951866679005.jpg,https://www.homebase.co.uk/farrow-ball-full-gloss-babouche-750ml/12838201.html,homebase
Farrow & Ball Exterior Eggshell White Tie - 750ml,"£34.00
£45.33 per L",https://static.thcdn.com/images/xsmall/webp//productimg/original/12837561-8654951863891474.jpg,https://www.homebase.co.uk/farrow-ball-exterior-eggshell-white-tie-750ml/12837561.html,homebase
Farrow & Ball Full Gloss Dix Blue - 2.5L,"£75.00
£30.00 per L",https://static.thcdn.com/images/xsmall/webp//productimg/original/12844185-1024951869070770.jpg,https://www.homebase.co.uk/farrow-ball-full-gloss-dix-blue-2.5l/12844185.html,homebase
Farrow & Ball Modern Eggshell Manor House Gray - 2.5L,"£81.00
£32.40 per L",https://static.thcdn.com/images/xsmall/webp//productimg/original/12819158-4964952651281614.jpg,https://www.homebase.co.uk/farrow-ball-modern-eggshell-manor-house-gray-2.5l/12819158.html,homebase
Sadolin Extra Durable Woodstain Ebony - 2.5L,"£47.00
£18.80 per L",https://static.thcdn.com/images/xsmall/webp//productimg/original/12832497-2084951406690922.jpg,https://www.homebase.co.uk/sadolin-extra-durable-woodstain-ebony-2.5l/12832497.html,homebase
Organic Textures Jewel Butterflies Green Wallpaper,£37.00,https://static.thcdn.com/images/xsmall/webp//productimg/original/13120810-2084866369827622.jpg,https://www.homebase.co.uk/organic-textures-jewel-butterflies-green-wallpaper/13120810.html,homebase
Organic Textures Lemur Gold Wallpaper,£37.00,https://static.thcdn.com/images/xsmall/webp//productimg/original/13120775-1094866364520574.jpg,https://www.homebase.co.uk/organic-textures-lemur-gold-wallpaper/13120775.html,homebase
Organic Textures Lemur Beige Wallpaper Sample,£1.45,https://static.thcdn.com/images/xsmall/webp//productimg/original/13135573-7994871561495829.jpg,https://www.homebase.co.uk/organic-textures-lemur-beige-wallpaper-sample/13135573.html,homebase
Organic Textures Bamboo Grey Wallpaper Sample,£1.45,https://static.thcdn.com/images/xsmall/webp//productimg/original/13135561-7984871555861805.jpg,https://www.homebase.co.uk/organic-textures-bamboo-grey-wallpaper-sample/13135561.html,homebase
Organic Textures Agate Tile Turquoise Wallpaper Sample,£1.45,https://static.thcdn.com/images/xsmall/webp//productimg/original/13135592-1244871555888709.jpg,https://www.homebase.co.uk/organic-textures-agate-tile-turquoise-wallpaper-sample/13135592.html,homebase
Organic Textures Chevron Wood Warm Brown Wallpaper,£37.00,https://static.thcdn.com/images/xsmall/webp//productimg/original/13120816-9464866370333329.jpg,https://www.homebase.co.uk/organic-textures-chevron-wood-warm-brown-wallpaper/13120816.html,homebase
Organic Textures Chevron Wood Turquoise Wallpaper Sample,£1.45,https://static.thcdn.com/images/xsmall/webp//productimg/original/13135616-5634871560182330.jpg,https://www.homebase.co.uk/organic-textures-chevron-wood-turquoise-wallpaper-sample/13135616.html,homebase
Organic Textures Speckled Palm Green Wallpaper Sample,£1.45,https://static.thcdn.com/images/xsmall/webp//productimg/original/13135570-2074871560986660.jpg,https://www.homebase.co.uk/organic-textures-speckled-palm-green-wallpaper-sample/13135570.html,homebase
Organic Textures Peacock Turquoise Wallpaper Sample,£1.45,https://static.thcdn.com/images/xsmall/webp//productimg/original/13135599-1474871561742855.jpg,https://www.homebase.co.uk/organic-textures-peacock-turquoise-wallpaper-sample/13135599.html,homebase
Organic Textures Bamboo Brown Wallpaper Sample,£1.45,https://static.thcdn.com/images/xsmall/webp//productimg/original/13135564-1604871555863416.jpg,https://www.homebase.co.uk/organic-textures-bamboo-brown-wallpaper-sample/13135564.html,homebase
Organic Textures Rough Grass Silver Wallpaper,£37.00,https://static.thcdn.com/images/xsmall/webp//productimg/original/13120782-1684866364706493.jpg,https://www.homebase.co.uk/organic-textures-rough-grass-silver-wallpaper/13120782.html,homebase
Thorndown Wood Paint Blackdown - 2.5L,"£49.00
£19.60 per L",https://static.thcdn.com/images/xsmall/webp//productimg/original/13301676-1264920576666012.jpg,https://www.homebase.co.uk/thorndown-wood-paint-blackdown-2.5l/13301676.html,homebase
Annie Sloan Wall Paint Graphite - 120ml,£6.00,https://static.thcdn.com/images/xsmall/webp//productimg/original/13965770-2034995164222427.jpg,https://www.homebase.co.uk/annie-sloan-wall-paint-graphite-120ml/13965770.html,homebase
Crown Easyclean Bathroom Paint Rebel - 40ml,£2.25,https://static.thcdn.com/images/xsmall/webp//productimg/original/12886557-1384847494690857.jpg,https://www.homebase.co.uk/crown-easyclean-bathroom-paint-rebel-40ml/12886557.html,homebase
Annie Sloan Wall Paint Capri Pink - 120ml,£6.00,https://static.thcdn.com/images/xsmall/webp//productimg/original/13965763-1534995163989309.jpg,https://www.homebase.co.uk/annie-sloan-wall-paint-capri-pink-120ml/13965763.html,homebase
Farrow & Ball Exterior Masonry Paint Railings - 5L,"£98.00
£19.60 per L",https://static.thcdn.com/images/xsmall/webp//productimg/original/12842905-6854952922103197.jpg,https://www.homebase.co.uk/farrow-ball-exterior-masonry-paint-railings-5l/12842905.html,homebase
Annie Sloan Wall Paint Graphite - 2.5L,"£56.00
£22.40 per L",https://static.thcdn.com/images/xsmall/webp//productimg/original/13965801-1924995163395585.jpg,https://www.homebase.co.uk/annie-sloan-wall-paint-graphite-2.5l/13965801.html,homebase
Annie Sloan Wall Paint Chicago Grey - 120ml,£6.00,https://static.thcdn.com/images/xsmall/webp//productimg/original/13965765-1634995162437190.jpg,https://www.homebase.co.uk/annie-sloan-wall-paint-chicago-grey-120ml/13965765.html,homebase
Annie Sloan Wall Paint Knightsbridge Green - 120ml,£6.00,https://static.thcdn.com/images/xsmall/webp//productimg/original/13965769-4544995162781389.jpg,https://www.homebase.co.uk/annie-sloan-wall-paint-knightsbridge-green-120ml/13965769.html,homebase
Craig & Rose 1829 Gloss Paint Zeitgeist - 750ml,"£20.00
£26.67 per L",https://static.thcdn.com/images/xsmall/webp//productimg/original/12821242-2714831941846252.jpg,https://www.homebase.co.uk/craig-rose-1829-gloss-paint-zeitgeist-750ml/12821242.html,homebase
Farrow & Ball Exterior Masonry Paint Blackened - 5L,"£98.00
£19.60 per L",https://static.thcdn.com/images/xsmall/webp//productimg/original/12809527-2354951873195716.jpg,https://www.homebase.co.uk/farrow-ball-exterior-masonry-paint-blackened-5l/12809527.html,homebase
Farrow & Ball Exterior Masonry Paint Calluna - 5L,"£98.00
£19.60 per L",https://static.thcdn.com/images/xsmall/webp//productimg/original/12809201-1464951872710733.jpg,https://www.homebase.co.uk/farrow-ball-exterior-masonry-paint-calluna-5l/12809201.html,homebase
Farrow & Ball Modern Eggshell Paint Rangwali - 750ml,"£34.00
£45.33 per L",https://static.thcdn.com/images/xsmall/webp//productimg/original/12826398-1234952916935559.jpg,https://www.homebase.co.uk/farrow-ball-modern-eggshell-paint-rangwali-750ml/12826398.html,homebase
Farrow & Ball Modern Eggshell Paint Calluna - 750ml,"£34.00
£45.33 per L",https://static.thcdn.com/images/xsmall/webp//productimg/original/12819796-1694952653645326.jpg,https://www.homebase.co.uk/farrow-ball-modern-eggshell-paint-calluna-750ml/12819796.html,homebase
Farrow & Ball Estate Eggshell Paint Babouche - 750ml,"£32.00
£42.67 per L",https://static.thcdn.com/images/xsmall/webp//productimg/original/12807920-1684951337591064.jpg,https://www.homebase.co.uk/farrow-ball-estate-eggshell-paint-babouche-750ml/12807920.html,homebase
Farrow & Ball Exterior Eggshell Paint Pelt - 750ml,"£34.00
£45.33 per L",https://static.thcdn.com/images/xsmall/webp//productimg/original/12841932-1284951863435246.jpg,https://www.homebase.co.uk/farrow-ball-exterior-eggshell-paint-pelt-750ml/12841932.html,homebase
Farrow & Ball Exterior Eggshell Paint Calluna - 750ml,"£34.00
£45.33 per L",https://static.thcdn.com/images/xsmall/webp//productimg/original/12813436-2024951875189687.jpg,https://www.homebase.co.uk/farrow-ball-exterior-eggshell-paint-calluna-750ml/12813436.html,homebase
Farrow & Ball Exterior Eggshell Paint Rangwali - 750ml,"£34.00
£45.33 per L",https://static.thcdn.com/images/xsmall/webp//productimg/original/12826233-6644951850353842.jpg,https://www.homebase.co.uk/farrow-ball-exterior-eggshell-paint-rangwali-750ml/12826233.html,homebase
Farrow & Ball Exterior Eggshell Paint Blackened - 750ml,"£34.00
£45.33 per L",https://static.thcdn.com/images/xsmall/webp//productimg/original/12839925-1524951864864824.jpg,https://www.homebase.co.uk/farrow-ball-exterior-eggshell-paint-blackened-750ml/12839925.html,homebase
Farrow & Ball Full Gloss Paint Pelt - 750ml,"£32.00
£42.67 per L",https://static.thcdn.com/images/xsmall/webp//productimg/original/12835640-2034951851956400.jpg,https://www.homebase.co.uk/farrow-ball-full-gloss-paint-pelt-750ml/12835640.html,homebase
Farrow & Ball Full Gloss Paint Calluna - 750ml,"£32.00
£42.67 per L",https://static.thcdn.com/images/xsmall/webp//productimg/original/12830479-6354951851313233.jpg,https://www.homebase.co.uk/farrow-ball-full-gloss-paint-calluna-750ml/12830479.html,homebase
Farrow & Ball Full Gloss Paint Blackened - 750ml,"£32.00
£42.67 per L",https://static.thcdn.com/images/xsmall/webp//productimg/original/12840005-1464951862431554.jpg,https://www.homebase.co.uk/farrow-ball-full-gloss-paint-blackened-750ml/12840005.html,homebase
Farrow & Ball Full Gloss Paint Rangwali - 750ml,"£32.00
£42.67 per L",https://static.thcdn.com/images/xsmall/webp//productimg/original/12826249-1144951850694666.jpg,https://www.homebase.co.uk/farrow-ball-full-gloss-paint-rangwali-750ml/12826249.html,homebase
Pack of 2 HomeBuild Paint Brushes - 50/75mm,£3.50,https://static.thcdn.com/images/xsmall/webp//productimg/original/12822790-9744831883550090.jpg,https://www.homebase.co.uk/pack-of-2-homebuild-paint-brushes-50-75mm/12822790.html,homebase
Farrow & Ball Modern Eggshell Paint Tanner's Brown - 750ml,"£34.00
£45.33 per L",https://static.thcdn.com/images/xsmall/webp//productimg/original/12820602-1194952914852203.jpg,https://www.homebase.co.uk/farrow-ball-modern-eggshell-paint-tanner-s-brown-750ml/12820602.html,homebase
Farrow & Ball Exterior Eggshell Paint Tanner's Brown - 750ml,"£34.00
£45.33 per L",https://static.thcdn.com/images/xsmall/webp//productimg/original/12842032-5514951863512232.jpg,https://www.homebase.co.uk/farrow-ball-exterior-eggshell-paint-tanner-s-brown-750ml/12842032.html,homebase
Farrow & Ball Full Gloss Paint Tanner's Brown - 750ml,"£32.00
£42.67 per L",https://static.thcdn.com/images/xsmall/webp//productimg/original/12836156-1534951852101753.jpg,https://www.homebase.co.uk/farrow-ball-full-gloss-paint-tanner-s-brown-750ml/12836156.html,homebase
Annie Sloan Wall Paint Chicago Grey - 2.5L,"£56.00
£22.40 per L",https://static.thcdn.com/images/xsmall/webp//productimg/original/13965797-2104995163251354.jpg,https://www.homebase.co.uk/annie-sloan-wall-paint-chicago-grey-2.5l/13965797.html,homebase
Craig & Rose 1829 Eggshell Paint Paynes Grey - 750ml,"£20.00
£26.67 per L",https://static.thcdn.com/images/xsmall/webp//productimg/original/12820317-2074831960961790.jpg,https://www.homebase.co.uk/craig-rose-1829-eggshell-paint-paynes-grey-750ml/12820317.html,homebase
Craig & Rose 1829 Gloss Paint Paynes Grey - 750ml,"£20.00
£26.67 per L",https://static.thcdn.com/images/xsmall/webp//productimg/original/12821945-1504831940719920.jpg,https://www.homebase.co.uk/craig-rose-1829-gloss-paint-paynes-grey-750ml/12821945.html,homebase
Farrow & Ball Exterior Masonry Paint Dix Blue - 5L,"£98.00
£19.60 per L",https://static.thcdn.com/images/xsmall/webp//productimg/original/12804007-1144951869127689.jpg,https://www.homebase.co.uk/farrow-ball-exterior-masonry-paint-dix-blue-5l/12804007.html,homebase
Farrow & Ball Exterior Masonry Paint Joa's White - 5L,"£98.00
£19.60 per L",https://static.thcdn.com/images/xsmall/webp//productimg/original/12811314-5734951870877985.jpg,https://www.homebase.co.uk/farrow-ball-exterior-masonry-paint-joa-s-white-5l/12811314.html,homebase
Farrow & Ball Exterior Masonry Paint Farrow's Cream - 5L,"£98.00
£19.60 per L",https://static.thcdn.com/images/xsmall/webp//productimg/original/12804406-8674951868780424.jpg,https://www.homebase.co.uk/farrow-ball-exterior-masonry-paint-farrow-s-cream-5l/12804406.html,homebase
Farrow & Ball Exterior Masonry Paint Hardwick White - 5L,"£98.00
£19.60 per L",https://static.thcdn.com/images/xsmall/webp//productimg/original/12841745-6134951865777619.jpg,https://www.homebase.co.uk/farrow-ball-exterior-masonry-paint-hardwick-white-5l/12841745.html,homebase
Farrow & Ball Modern Eggshell Paint Dix Blue - 750ml,"£34.00
£45.33 per L",https://static.thcdn.com/images/xsmall/webp//productimg/original/12819943-2074952654179023.jpg,https://www.homebase.co.uk/farrow-ball-modern-eggshell-paint-dix-blue-750ml/12819943.html,homebase
Farrow & Ball Modern Eggshell Paint Blue Gray - 750ml,"£34.00
£45.33 per L",https://static.thcdn.com/images/xsmall/webp//productimg/original/12819665-8304952653231617.jpg,https://www.homebase.co.uk/farrow-ball-modern-eggshell-paint-blue-gray-750ml/12819665.html,homebase
Farrow & Ball Modern Eggshell Paint Pitch Blue - 750ml,"£34.00
£45.33 per L",https://static.thcdn.com/images/xsmall/webp//productimg/original/12820368-1164952655869127.jpg,https://www.homebase.co.uk/farrow-ball-modern-eggshell-paint-pitch-blue-750ml/12820368.html,homebase
Farrow & Ball Exterior Eggshell Paint Preference Red - 750ml,"£34.00
£45.33 per L",https://static.thcdn.com/images/xsmall/webp//productimg/original/12826230-1964951850288004.jpg,https://www.homebase.co.uk/farrow-ball-exterior-eggshell-paint-preference-red-750ml/12826230.html,homebase
Farrow & Ball Modern Eggshell Paint Preference Red - 750ml,"£34.00
£45.33 per L",https://static.thcdn.com/images/xsmall/webp//productimg/original/12826392-2334952916920376.jpg,https://www.homebase.co.uk/farrow-ball-modern-eggshell-paint-preference-red-750ml/12826392.html,homebase
Farrow & Ball Exterior Eggshell Paint Pitch Blue - 750ml,"£34.00
£45.33 per L",https://static.thcdn.com/images/xsmall/webp//productimg/original/12824891-1204952917073526.jpg,https://www.homebase.co.uk/farrow-ball-exterior-eggshell-paint-pitch-blue-750ml/12824891.html,homebase
Farrow & Ball Exterior Eggshell Paint Joa's White - 750ml,"£34.00
£45.33 per L",https://static.thcdn.com/images/xsmall/webp//productimg/original/12832190-1694951851368052.jpg,https://www.homebase.co.uk/farrow-ball-exterior-eggshell-paint-joa-s-white-750ml/12832190.html,homebase
Farrow & Ball Exterior Eggshell Paint Farrow's Cream - 750ml,"£34.00
£45.33 per L",https://static.thcdn.com/images/xsmall/webp//productimg/original/12809624-1444951872714291.jpg,https://www.homebase.co.uk/farrow-ball-exterior-eggshell-paint-farrow-s-cream-750ml/12809624.html,homebase
Farrow & Ball Exterior Eggshell Paint Blue Gray - 750ml,"£34.00
£45.33 per L",https://static.thcdn.com/images/xsmall/webp//productimg/original/12814046-1504951874908575.jpg,https://www.homebase.co.uk/farrow-ball-exterior-eggshell-paint-blue-gray-750ml/12814046.html,homebase
Farrow & Ball Exterior Eggshell Paint Charlotte's Locks - 750ml,"£34.00
£45.33 per L",https://static.thcdn.com/images/xsmall/webp//productimg/original/12816270-7444951875053085.jpg,https://www.homebase.co.uk/farrow-ball-exterior-eggshell-paint-charlotte-s-locks-750ml/12816270.html,homebase
Farrow & Ball Exterior Eggshell Paint Hardwick White - 750ml,"£34.00
£45.33 per L",https://static.thcdn.com/images/xsmall/webp//productimg/original/12804795-1764951868952987.jpg,https://www.homebase.co.uk/farrow-ball-exterior-eggshell-paint-hardwick-white-750ml/12804795.html,homebase
Farrow & Ball Estate Eggshell Paint Blue Gray - 750ml,"£32.00
£42.67 per L",https://static.thcdn.com/images/xsmall/webp//productimg/original/12804800-1394951334703033.jpg,https://www.homebase.co.uk/farrow-ball-estate-eggshell-paint-blue-gray-750ml/12804800.html,homebase
Farrow & Ball Modern Eggshell Paint White Tie - 750ml,"£34.00
£45.33 per L",https://static.thcdn.com/images/xsmall/webp//productimg/original/12820610-6964952914825959.jpg,https://www.homebase.co.uk/farrow-ball-modern-eggshell-paint-white-tie-750ml/12820610.html,homebase
Farrow & Ball Full Gloss Paint Preference Red - 750ml,"£32.00
£42.67 per L",https://static.thcdn.com/images/xsmall/webp//productimg/original/12826247-1694951850617290.jpg,https://www.homebase.co.uk/farrow-ball-full-gloss-paint-preference-red-750ml/12826247.html,homebase
Farrow & Ball Full Gloss Paint Dix Blue - 750ml,"£32.00
£42.67 per L",https://static.thcdn.com/images/xsmall/webp//productimg/original/12841411-1434951863223125.jpg,https://www.homebase.co.uk/farrow-ball-full-gloss-paint-dix-blue-750ml/12841411.html,homebase
Farrow & Ball Full Gloss Paint Blue Gray - 750ml,"£32.00
£42.67 per L",https://static.thcdn.com/images/xsmall/webp//productimg/original/12837730-5284952918975037.jpg,https://www.homebase.co.uk/farrow-ball-full-gloss-paint-blue-gray-750ml/12837730.html,homebase
Farrow & Ball Full Gloss Paint White Tie - 750ml,"£32.00
£42.67 per L",https://static.thcdn.com/images/xsmall/webp//productimg/original/12832333-1044951852502280.jpg,https://www.homebase.co.uk/farrow-ball-full-gloss-paint-white-tie-750ml/12832333.html,homebase
Farrow & Ball Full Gloss Paint Farrow's Cream - 750ml,"£32.00
£42.67 per L",https://static.thcdn.com/images/xsmall/webp//productimg/original/12840568-7774951852751697.jpg,https://www.homebase.co.uk/farrow-ball-full-gloss-paint-farrow-s-cream-750ml/12840568.html,homebase
Farrow & Ball Full Gloss Paint Hardwick White - 750ml,"£32.00
£42.67 per L",https://static.thcdn.com/images/xsmall/webp//productimg/original/12808706-1864951874103762.jpg,https://www.homebase.co.uk/farrow-ball-full-gloss-paint-hardwick-white-750ml/12808706.html,homebase
Farrow & Ball Modern Eggshell Paint Calluna - 2.5L,"£81.00
£32.40 per L",https://static.thcdn.com/images/xsmall/webp//productimg/original/12818871-7594952649925053.jpg,https://www.homebase.co.uk/farrow-ball-modern-eggshell-paint-calluna-2.5l/12818871.html,homebase
Farrow & Ball Exterior Eggshell Paint Pelt - 2.5L,"£81.00
£32.40 per L",https://static.thcdn.com/images/xsmall/webp//productimg/original/12813020-2064951874668134.jpg,https://www.homebase.co.uk/farrow-ball-exterior-eggshell-paint-pelt-2.5l/12813020.html,homebase
Farrow & Ball Exterior Eggshell Paint Blackened - 2.5L,"£81.00
£32.40 per L",https://static.thcdn.com/images/xsmall/webp//productimg/original/12820631-1814951875397461.jpg,https://www.homebase.co.uk/farrow-ball-exterior-eggshell-paint-blackened-2.5l/12820631.html,homebase
Farrow & Ball Exterior Eggshell Paint Rangwali - 2.5L,"£81.00
£32.40 per L",https://static.thcdn.com/images/xsmall/webp//productimg/original/12825741-1844951849307724.jpg,https://www.homebase.co.uk/farrow-ball-exterior-eggshell-paint-rangwali-2.5l/12825741.html,homebase
Farrow & Ball Exterior Eggshell Paint Calluna - 2.5L,"£81.00
£32.40 per L",https://static.thcdn.com/images/xsmall/webp//productimg/original/12820727-1434909667199225.jpg,https://www.homebase.co.uk/farrow-ball-exterior-eggshell-paint-calluna-2.5l/12820727.html,homebase
Farrow & Ball Full Gloss Paint Calluna - 2.5L,"£75.00
£30.00 per L",https://static.thcdn.com/images/xsmall/webp//productimg/original/12833844-1274909668005040.jpg,https://www.homebase.co.uk/farrow-ball-full-gloss-paint-calluna-2.5l/12833844.html,homebase
Farrow & Ball Modern Eggshell Paint Pelt - 2.5L,"£81.00
£32.40 per L",https://static.thcdn.com/images/xsmall/webp//productimg/original/12819269-1784952651921394.jpg,https://www.homebase.co.uk/farrow-ball-modern-eggshell-paint-pelt-2.5l/12819269.html,homebase
Farrow & Ball Estate Eggshell Paint Pelt - 2.5L,"£74.00
£29.60 per L",https://static.thcdn.com/images/xsmall/webp//productimg/original/12840681-8484952918189997.jpg,https://www.homebase.co.uk/farrow-ball-estate-eggshell-paint-pelt-2.5l/12840681.html,homebase
Farrow & Ball Estate Eggshell Paint Blackened - 2.5L,"£74.00
£29.60 per L",https://static.thcdn.com/images/xsmall/webp//productimg/original/12837727-2044952918941122.jpg,https://www.homebase.co.uk/farrow-ball-estate-eggshell-paint-blackened-2.5l/12837727.html,homebase
Farrow & Ball Estate Eggshell Paint Calluna - 2.5L,"£74.00
£29.60 per L",https://static.thcdn.com/images/xsmall/webp//productimg/original/12814346-9894951343743227.jpg,https://www.homebase.co.uk/farrow-ball-estate-eggshell-paint-calluna-2.5l/12814346.html,homebase
Farrow & Ball Modern Eggshell Paint Rangwali - 2.5L,"£81.00
£32.40 per L",https://static.thcdn.com/images/xsmall/webp//productimg/original/12825913-6784952916131325.jpg,https://www.homebase.co.uk/farrow-ball-modern-eggshell-paint-rangwali-2.5l/12825913.html,homebase
Farrow & Ball Full Gloss Paint Pelt - 2.5L,"£75.00
£30.00 per L",https://static.thcdn.com/images/xsmall/webp//productimg/original/12806817-1634951872152733.jpg,https://www.homebase.co.uk/farrow-ball-full-gloss-paint-pelt-2.5l/12806817.html,homebase
Farrow & Ball Full Gloss Paint Blackened - 2.5L,"£75.00
£30.00 per L",https://static.thcdn.com/images/xsmall/webp//productimg/original/12807964-1144951873131675.jpg,https://www.homebase.co.uk/farrow-ball-full-gloss-paint-blackened-2.5l/12807964.html,homebase
Farrow & Ball Full Gloss Paint Rangwali - 2.5L,"£75.00
£30.00 per L",https://static.thcdn.com/images/xsmall/webp//productimg/original/12825757-1554951849609053.jpg,https://www.homebase.co.uk/farrow-ball-full-gloss-paint-rangwali-2.5l/12825757.html,homebase
Farrow & Ball Exterior Eggshell Paint Tanner's Brown - 2.5L,"£81.00
£32.40 per L",https://static.thcdn.com/images/xsmall/webp//productimg/original/12813923-1324951874714130.jpg,https://www.homebase.co.uk/farrow-ball-exterior-eggshell-paint-tanner-s-brown-2.5l/12813923.html,homebase
Craig & Rose 1829 Chalky Emulsion Paint Zeitgeist - Tester 50ml,£4.50,https://static.thcdn.com/images/xsmall/webp//productimg/original/12821536-1714831963515294.jpg,https://www.homebase.co.uk/craig-rose-1829-chalky-emulsion-paint-zeitgeist-tester-50ml/12821536.html,homebase
Craig & Rose 1829 Matt Emulsion Paint Zeitgeist - Colour Patch,£4.00,https://static.thcdn.com/images/xsmall/webp//productimg/original/12838594-1584831919153382.jpg,https://www.homebase.co.uk/craig-rose-1829-matt-emulsion-paint-zeitgeist-colour-patch/12838594.html,homebase
Farrow & Ball Estate Eggshell Paint Tanner's Brown - 2.5L,"£74.00
£29.60 per L",https://static.thcdn.com/images/xsmall/webp//productimg/original/12840929-5034952918227677.jpg,https://www.homebase.co.uk/farrow-ball-estate-eggshell-paint-tanner-s-brown-2.5l/12840929.html,homebase
Farrow & Ball Modern Eggshell Paint Tanner's Brown - 2.5L,"£81.00
£32.40 per L",https://static.thcdn.com/images/xsmall/webp//productimg/original/12819525-3384952652776709.jpg,https://www.homebase.co.uk/farrow-ball-modern-eggshell-paint-tanner-s-brown-2.5l/12819525.html,homebase
Farrow & Ball Full Gloss Paint Tanner's Brown - 2.5L,"£75.00
£30.00 per L",https://static.thcdn.com/images/xsmall/webp//productimg/original/12807590-1344951872274956.jpg,https://www.homebase.co.uk/farrow-ball-full-gloss-paint-tanner-s-brown-2.5l/12807590.html,homebase
Farrow & Ball Estate Matt Emulsion Paint Babouche - Tester 100ml,£5.50,https://static.thcdn.com/images/xsmall/webp//productimg/original/12837697-9014951389839700.jpg,https://www.homebase.co.uk/farrow-ball-estate-matt-emulsion-paint-babouche-tester-100ml/12837697.html,homebase
Farrow & Ball Estate Matt Emulsion Paint Blackened - Tester 100ml,£5.50,https://static.thcdn.com/images/xsmall/webp//productimg/original/12826107-1364951388923407.jpg,https://www.homebase.co.uk/farrow-ball-estate-matt-emulsion-paint-blackened-tester-100ml/12826107.html,homebase
Farrow & Ball Estate Matt Emulsion Paint Calluna - Tester 100ml,£5.50,https://static.thcdn.com/images/xsmall/webp//productimg/original/12806380-1464951388457093.jpg,https://www.homebase.co.uk/farrow-ball-estate-matt-emulsion-paint-calluna-tester-100ml/12806380.html,homebase
Craig & Rose 1829 Chalky Emulsion Paint Lido Blue - 5L,"£66.00
£13.20 per L",https://static.thcdn.com/images/xsmall/webp//productimg/original/12832968-6064831915898166.jpg,https://www.homebase.co.uk/craig-rose-1829-chalky-emulsion-paint-lido-blue-5l/12832968.html,homebase
Farrow & Ball Estate Matt Emulsion Paint Pelt - Tester 100ml,£5.50,https://static.thcdn.com/images/xsmall/webp//productimg/original/12845575-2014952921578671.jpg,https://www.homebase.co.uk/farrow-ball-estate-matt-emulsion-paint-pelt-tester-100ml/12845575.html,homebase
Farrow & Ball Estate Matt Emulsion Paint Rangwali - Tester 100ml,£5.50,https://static.thcdn.com/images/xsmall/webp//productimg/original/12825462-8434952915289876.jpg,https://www.homebase.co.uk/farrow-ball-estate-matt-emulsion-paint-rangwali-tester-100ml/12825462.html,homebase
Craig & Rose 1829 Eggshell Paint Paynes Grey - 2.5L,"£42.00
£16.80 per L",https://static.thcdn.com/images/xsmall/webp//productimg/original/12818541-1774831952674068.jpg,https://www.homebase.co.uk/craig-rose-1829-eggshell-paint-paynes-grey-2.5l/12818541.html,homebase
Craig & Rose 1829 Eggshell Paint Lido Blue - 2.5L,"£42.00
£16.80 per L",https://static.thcdn.com/images/xsmall/webp//productimg/original/12817809-1704831590160602.jpg,https://www.homebase.co.uk/craig-rose-1829-eggshell-paint-lido-blue-2.5l/12817809.html,homebase
Farrow & Ball Exterior Masonry Paint Manor House Gray - 5L,"£98.00
£19.60 per L",https://static.thcdn.com/images/xsmall/webp//productimg/original/12809506-1504951872279420.jpg,https://www.homebase.co.uk/farrow-ball-exterior-masonry-paint-manor-house-gray-5l/12809506.html,homebase
Farrow & Ball Exterior Masonry Paint Oval Room Blue - 5L,"£98.00
£19.60 per L",https://static.thcdn.com/images/xsmall/webp//productimg/original/12804401-1834951869294519.jpg,https://www.homebase.co.uk/farrow-ball-exterior-masonry-paint-oval-room-blue-5l/12804401.html,homebase
Farrow & Ball Exterior Eggshell Paint Oval Room Blue - 750ml,"£34.00
£45.33 per L",https://static.thcdn.com/images/xsmall/webp//productimg/original/12813015-1804951874478333.jpg,https://www.homebase.co.uk/farrow-ball-exterior-eggshell-paint-oval-room-blue-750ml/12813015.html,homebase
Farrow & Ball Modern Eggshell Paint Manor House Gray - 750ml,"£34.00
£45.33 per L",https://static.thcdn.com/images/xsmall/webp//productimg/original/12820231-2004952655081510.jpg,https://www.homebase.co.uk/farrow-ball-modern-eggshell-paint-manor-house-gray-750ml/12820231.html,homebase
Farrow & Ball Full Gloss Paint Oval Room Blue - 750ml,"£32.00
£42.67 per L",https://static.thcdn.com/images/xsmall/webp//productimg/original/12841839-1014951863407283.jpg,https://www.homebase.co.uk/farrow-ball-full-gloss-paint-oval-room-blue-750ml/12841839.html,homebase
Farrow & Ball Full Gloss Paint Manor House Gray - 750ml,"£32.00
£42.67 per L",https://static.thcdn.com/images/xsmall/webp//productimg/original/12821207-1604951849676043.jpg,https://www.homebase.co.uk/farrow-ball-full-gloss-paint-manor-house-gray-750ml/12821207.html,homebase
Farrow & Ball Modern Eggshell Paint Joa's White - 2.5L,"£81.00
£32.40 per L",https://static.thcdn.com/images/xsmall/webp//productimg/original/12819149-1504952650956996.jpg,https://www.homebase.co.uk/farrow-ball-modern-eggshell-paint-joa-s-white-2.5l/12819149.html,homebase
Farrow & Ball Modern Eggshell Paint Charlotte's Locks - 2.5L,"£81.00
£32.40 per L",https://static.thcdn.com/images/xsmall/webp//productimg/original/12818876-1794952650005531.jpg,https://www.homebase.co.uk/farrow-ball-modern-eggshell-paint-charlotte-s-locks-2.5l/12818876.html,homebase
Farrow & Ball Exterior Eggshell Paint Preference Red - 2.5L,"£81.00
£32.40 per L",https://static.thcdn.com/images/xsmall/webp//productimg/original/12825736-2114951849281621.jpg,https://www.homebase.co.uk/farrow-ball-exterior-eggshell-paint-preference-red-2.5l/12825736.html,homebase
Farrow & Ball Exterior Eggshell Paint Dix Blue - 2.5L,"£81.00
£32.40 per L",https://static.thcdn.com/images/xsmall/webp//productimg/original/12804796-5134951334751069.jpg,https://www.homebase.co.uk/farrow-ball-exterior-eggshell-paint-dix-blue-2.5l/12804796.html,homebase
Farrow & Ball Exterior Eggshell Paint Studio Green - 2.5L,"£81.00
£32.40 per L",https://static.thcdn.com/images/xsmall/webp//productimg/original/12805725-8374951869550356.jpg,https://www.homebase.co.uk/farrow-ball-exterior-eggshell-paint-studio-green-2.5l/12805725.html,homebase
Farrow & Ball Exterior Eggshell Paint Joa's White - 2.5L,"£81.00
£32.40 per L",https://static.thcdn.com/images/xsmall/webp//productimg/original/12809359-1884951871235441.jpg,https://www.homebase.co.uk/farrow-ball-exterior-eggshell-paint-joa-s-white-2.5l/12809359.html,homebase
Farrow & Ball Exterior Eggshell Paint Charlotte's Locks - 2.5L,"£81.00
£32.40 per L",https://static.thcdn.com/images/xsmall/webp//productimg/original/12820741-1194951875587493.jpg,https://www.homebase.co.uk/farrow-ball-exterior-eggshell-paint-charlotte-s-locks-2.5l/12820741.html,homebase
Farrow & Ball Exterior Eggshell Paint Blue Gray - 2.5L,"£81.00
£32.40 per L",https://static.thcdn.com/images/xsmall/webp//productimg/original/12804423-3934951869301821.jpg,https://www.homebase.co.uk/farrow-ball-exterior-eggshell-paint-blue-gray-2.5l/12804423.html,homebase
Farrow & Ball Exterior Eggshell Paint Hardwick White - 2.5L,"£81.00
£32.40 per L",https://static.thcdn.com/images/xsmall/webp//productimg/original/12841827-1884951865774043.jpg,https://www.homebase.co.uk/farrow-ball-exterior-eggshell-paint-hardwick-white-2.5l/12841827.html,homebase
Farrow & Ball Exterior Eggshell Paint White Tie - 2.5L,"£81.00
£32.40 per L",https://static.thcdn.com/images/xsmall/webp//productimg/original/12815224-1904951874850894.jpg,https://www.homebase.co.uk/farrow-ball-exterior-eggshell-paint-white-tie-2.5l/12815224.html,homebase
Farrow & Ball Exterior Eggshell Paint Manor House Gray - 750ml,"£34.00
£45.33 per L",https://static.thcdn.com/images/xsmall/webp//productimg/original/12816385-3944951874879997.jpg,https://www.homebase.co.uk/farrow-ball-exterior-eggshell-paint-manor-house-gray-750ml/12816385.html,homebase
Farrow & Ball Full Gloss Paint Preference Red - 2.5L,"£75.00
£30.00 per L",https://static.thcdn.com/images/xsmall/webp//productimg/original/12825758-1684951850790291.jpg,https://www.homebase.co.uk/farrow-ball-full-gloss-paint-preference-red-2.5l/12825758.html,homebase
Farrow & Ball Full Gloss Paint Pitch Blue - 2.5L,"£75.00
£30.00 per L",https://static.thcdn.com/images/xsmall/webp//productimg/original/12804018-1814951335301158.jpg,https://www.homebase.co.uk/farrow-ball-full-gloss-paint-pitch-blue-2.5l/12804018.html,homebase
Farrow & Ball Full Gloss Paint Joa's White - 2.5L,"£75.00
£30.00 per L",https://static.thcdn.com/images/xsmall/webp//productimg/original/12804569-1034951869549507.jpg,https://www.homebase.co.uk/farrow-ball-full-gloss-paint-joa-s-white-2.5l/12804569.html,homebase
Farrow & Ball Modern Eggshell Paint Dix Blue - 2.5L,"£81.00
£32.40 per L",https://static.thcdn.com/images/xsmall/webp//productimg/original/12819012-1714908412984710.jpg,https://www.homebase.co.uk/farrow-ball-modern-eggshell-paint-dix-blue-2.5l/12819012.html,homebase
Farrow & Ball Modern Eggshell Paint Hardwick White - 2.5L,"£81.00
£32.40 per L",https://static.thcdn.com/images/xsmall/webp//productimg/original/12819025-9154952650770033.jpg,https://www.homebase.co.uk/farrow-ball-modern-eggshell-paint-hardwick-white-2.5l/12819025.html,homebase
Farrow & Ball Modern Eggshell Paint Blue Gray - 2.5L,"£81.00
£32.40 per L",https://static.thcdn.com/images/xsmall/webp//productimg/original/12818727-6394952649455805.jpg,https://www.homebase.co.uk/farrow-ball-modern-eggshell-paint-blue-gray-2.5l/12818727.html,homebase
Farrow & Ball Modern Eggshell Paint Farrow's Cream - 2.5L,"£81.00
£32.40 per L",https://static.thcdn.com/images/xsmall/webp//productimg/original/12819014-4384952650619229.jpg,https://www.homebase.co.uk/farrow-ball-modern-eggshell-paint-farrow-s-cream-2.5l/12819014.html,homebase
Farrow & Ball Exterior Eggshell Paint Pitch Blue - 2.5L,"£81.00
£32.40 per L",https://static.thcdn.com/images/xsmall/webp//productimg/original/12807080-2104951338152967.jpg,https://www.homebase.co.uk/farrow-ball-exterior-eggshell-paint-pitch-blue-2.5l/12807080.html,homebase
Farrow & Ball Full Gloss Paint White Tie - 2.5L,"£75.00
£30.00 per L",https://static.thcdn.com/images/xsmall/webp//productimg/original/12810574-1494951872484977.jpg,https://www.homebase.co.uk/farrow-ball-full-gloss-paint-white-tie-2.5l/12810574.html,homebase
Farrow & Ball Full Gloss Paint Hardwick White - 2.5L,"£75.00
£30.00 per L",https://static.thcdn.com/images/xsmall/webp//productimg/original/12841409-2034951863178722.jpg,https://www.homebase.co.uk/farrow-ball-full-gloss-paint-hardwick-white-2.5l/12841409.html,homebase
Craig & Rose Artisan Concrete Effect Paint Onyx Edge - 2.5L,"£56.00
£22.40 per L",https://static.thcdn.com/images/xsmall/webp//productimg/original/12817393-2124831964559450.jpg,https://www.homebase.co.uk/craig-rose-artisan-concrete-effect-paint-onyx-edge-2.5l/12817393.html,homebase
Craig & Rose 1829 Chalky Emulsion Paint Paynes Grey - Tester 50ml,£4.50,https://static.thcdn.com/images/xsmall/webp//productimg/original/12821322-2544831959556290.jpg,https://www.homebase.co.uk/craig-rose-1829-chalky-emulsion-paint-paynes-grey-tester-50ml/12821322.html,homebase
Craig & Rose 1829 Matt Emulsion Paint Lido Blue - Colour Patch,£4.00,https://static.thcdn.com/images/xsmall/webp//productimg/original/12838302-4014831944521907.jpg,https://www.homebase.co.uk/craig-rose-1829-matt-emulsion-paint-lido-blue-colour-patch/12838302.html,homebase
Craig & Rose 1829 Matt Emulsion Paint Paynes Grey - Colour Patch,£4.00,https://static.thcdn.com/images/xsmall/webp//productimg/original/12838432-9504831918497933.jpg,https://www.homebase.co.uk/craig-rose-1829-matt-emulsion-paint-paynes-grey-colour-patch/12838432.html,homebase
Farrow & Ball Modern Matt Emulsion Paint Tanner's Brown - 2.5L,"£59.00
£23.60 per L",https://static.thcdn.com/images/xsmall/webp//productimg/original/12810691-1594951341190971.jpg,https://www.homebase.co.uk/farrow-ball-modern-matt-emulsion-paint-tanner-s-brown-2.5l/12810691.html,homebase
Craig & Rose 1829 Chalky Matt Emulsion Paint Paynes Grey - 5L,"£66.00
£13.20 per L",https://static.thcdn.com/images/xsmall/webp//productimg/original/12834924-8954831968470109.jpg,https://www.homebase.co.uk/craig-rose-1829-chalky-matt-emulsion-paint-paynes-grey-5l/12834924.html,homebase
Craig & Rose 1829 Chalky Matt Emulsion Paint Lido Blue - 750ml,"£16.00
£21.33 per L",https://static.thcdn.com/images/xsmall/webp//productimg/original/12819578-2734831948626012.jpg,https://www.homebase.co.uk/craig-rose-1829-chalky-matt-emulsion-paint-lido-blue-750ml/12819578.html,homebase
Craig & Rose 1829 Chalky Emulsion Paint Lido Blue - 2.5L,"£42.00
£16.80 per L",https://static.thcdn.com/images/xsmall/webp//productimg/original/12820578-6604831962050682.jpg,https://www.homebase.co.uk/craig-rose-1829-chalky-emulsion-paint-lido-blue-2.5l/12820578.html,homebase
Farrow & Ball Estate Matt Emulsion Paint Preference Red - Tester 100ml,£5.50,https://static.thcdn.com/images/xsmall/webp//productimg/original/12825459-2034952915281143.jpg,https://www.homebase.co.uk/farrow-ball-estate-matt-emulsion-paint-preference-red-tester-100ml/12825459.html,homebase
Farrow & Ball Estate Matt Emulsion Paint Farrow's Cream - Tester 100ml,£5.50,https://static.thcdn.com/images/xsmall/webp//productimg/original/12820907-2024955472821826.jpg,https://www.homebase.co.uk/farrow-ball-estate-matt-emulsion-paint-farrow-s-cream-tester-100ml/12820907.html,homebase
Farrow & Ball Exterior Eggshell Paint Oval Room Blue - 2.5L,"£81.00
£32.40 per L",https://static.thcdn.com/images/xsmall/webp//productimg/original/12804900-6774951869090243.jpg,https://www.homebase.co.uk/farrow-ball-exterior-eggshell-paint-oval-room-blue-2.5l/12804900.html,homebase
Farrow & Ball Estate Eggshell Paint Manor House Gray - 2.5L,"£74.00
£29.60 per L",https://static.thcdn.com/images/xsmall/webp//productimg/original/12808903-1324951874299263.jpg,https://www.homebase.co.uk/farrow-ball-estate-eggshell-paint-manor-house-gray-2.5l/12808903.html,homebase
Farrow & Ball Modern Eggshell Paint Oval Room Blue - 2.5L,"£81.00
£32.40 per L",https://static.thcdn.com/images/xsmall/webp//productimg/original/12819263-1304952651612127.jpg,https://www.homebase.co.uk/farrow-ball-modern-eggshell-paint-oval-room-blue-2.5l/12819263.html,homebase
Farrow & Ball Exterior Eggshell Paint Manor House Gray - 2.5L,"£81.00
£32.40 per L",https://static.thcdn.com/images/xsmall/webp//productimg/original/12821489-1794951875299742.jpg,https://www.homebase.co.uk/farrow-ball-exterior-eggshell-paint-manor-house-gray-2.5l/12821489.html,homebase
Farrow & Ball Full Gloss Paint Manor House Gray - 2.5L,"£75.00
£30.00 per L",https://static.thcdn.com/images/xsmall/webp//productimg/original/12832548-3144951851944349.jpg,https://www.homebase.co.uk/farrow-ball-full-gloss-paint-manor-house-gray-2.5l/12832548.html,homebase
Astratto Oil Paint Wall Art - Blue & Gold - 102.6x142.6cm,£200.00,https://static.thcdn.com/images/xsmall/webp//productimg/original/14821021-1015057937761031.jpg,https://www.homebase.co.uk/astratto-oil-paint-wall-art-blue-gold-102.6x142.6cm/14821021.html,homebase
Country Living Matt Emulsion Multi-Surface Paint Coal Scuttle - Tester 125ml,"Was £2.00
£0.50",https://static.thcdn.com/images/xsmall/webp//productimg/original/13419336-7874940985888306.jpg,https://www.homebase.co.uk/country-living-matt-emulsion-multi-surface-paint-coal-scuttle-tester-125ml/13419336.html,homebase
Farrow & Ball Estate Eggshell Paint No.305 Hopper Head - 2.5L,"£74.00
£29.60 per L",https://static.thcdn.com/images/xsmall/webp//productimg/original/13911836-3074992586770909.jpg,https://www.homebase.co.uk/farrow-ball-estate-eggshell-paint-no.305-hopper-head-2.5l/13911836.html,homebase
ELLE Decoration by Crown Flat Matt Paint Absolute Granite - Tester 125ml,£4.50,https://static.thcdn.com/images/xsmall/webp//productimg/original/12834778-1804873590178866.jpg,https://www.homebase.co.uk/elle-decoration-by-crown-flat-matt-paint-absolute-granite-tester-125ml/12834778.html,homebase
"CRAFTED by Crown Flat Matt Interior Wall, Ceiling and Wood Paint Leatherbound® - 2.5L","£36.00
£14.40 per L",https://static.thcdn.com/images/xsmall/webp//productimg/original/13167139-1044881134295237.jpg,https://www.homebase.co.uk/crafted-by-crown-flat-matt-interior-wall-ceiling-and-wood-paint-leatherbound-2.5l/13167139.html,homebase
Dulux Simply Refresh Feature Wall One Coat Matt Emulsion Paint Cannon Ball - Tester 30ml,£2.45,https://static.thcdn.com/images/xsmall/webp//productimg/original/12889814-1544843867734027.jpg,https://www.homebase.co.uk/dulux-simply-refresh-feature-wall-one-coat-matt-emulsion-paint-cannon-ball-tester-30ml/12889814.html,homebase
Cuprinol Garden Shades Iris Tester - 125ml,£4.50,https://static.thcdn.com/images/xsmall/webp//productimg/original/12836750-2594831917875511.jpg,https://www.homebase.co.uk/cuprinol-garden-shades-iris-tester-125ml/12836750.html,homebase
Farrow & Ball Estate Eggshell Tanner's Brown - 750ml,"£32.00
£42.67 per L",https://static.thcdn.com/images/xsmall/webp//productimg/original/12844016-1594952921814786.jpg,https://www.homebase.co.uk/farrow-ball-estate-eggshell-tanner-s-brown-750ml/12844016.html,homebase
Fablon Sticky Back Plastic - Chalkboard - 450mm x 1.5m,£8.00,https://static.thcdn.com/images/xsmall/webp//productimg/original/12811175-8614831944249114.jpg,https://www.homebase.co.uk/fablon-sticky-back-plastic-chalkboard-450mm-x-1.5m/12811175.html,homebase
NYC Wall Mural,£70.00,https://static.thcdn.com/images/xsmall/webp//productimg/original/12915978-3444851546035793.jpg,https://www.homebase.co.uk/nyc-wall-mural/12915978.html,homebase
Constellation Celestial Wall Mural,£70.00,https://static.thcdn.com/images/xsmall/webp//productimg/original/12915977-2004851545809665.jpg,https://www.homebase.co.uk/constellation-celestial-wall-mural/12915977.html,homebase
Fablon Zebra Sticky Back Plastic - 45cm X 2m,£8.00,https://static.thcdn.com/images/xsmall/webp//productimg/original/14020135-1575003771732079.jpg,https://www.homebase.co.uk/fablon-zebra-sticky-back-plastic-45cm-x-2m/14020135.html,homebase
Arthouse Geometric Diamond Mono Wallpaper,"Was £12.00
£6.00",https://static.thcdn.com/images/xsmall/webp//productimg/original/12961407-1574856733183627.jpg,https://www.homebase.co.uk/arthouse-geometric-diamond-mono-wallpaper/12961407.html,homebase
Envy Cheetin Night Wallpaper,£42.00,https://static.thcdn.com/images/xsmall/webp//productimg/original/13991858-1265003723291679.jpg,https://www.homebase.co.uk/envy-cheetin-night-wallpaper/13991858.html,homebase
Farrow & Ball Estate Eggshell Pelt - 750ml,"£32.00
£42.67 per L",https://static.thcdn.com/images/xsmall/webp//productimg/original/12843832-2124952922342948.jpg,https://www.homebase.co.uk/farrow-ball-estate-eggshell-pelt-750ml/12843832.html,homebase
City Sketch Night Wall Mural,£70.00,https://static.thcdn.com/images/xsmall/webp//productimg/original/12915979-1084851550795980.jpg,https://www.homebase.co.uk/city-sketch-night-wall-mural/12915979.html,homebase
Farrow & Ball Full Gloss Joa's White - 750ml,"£32.00
£42.67 per L",https://static.thcdn.com/images/xsmall/webp//productimg/original/12838778-5064951866866733.jpg,https://www.homebase.co.uk/farrow-ball-full-gloss-joa-s-white-750ml/12838778.html,homebase
Farrow & Ball Modern Eggshell Babouche - 750ml,"£34.00
£45.33 per L",https://static.thcdn.com/images/xsmall/webp//productimg/original/12819654-1484952653086111.jpg,https://www.homebase.co.uk/farrow-ball-modern-eggshell-babouche-750ml/12819654.html,homebase
Farrow & Ball Full Gloss Pitch Blue - 750ml,"£32.00
£42.67 per L",https://static.thcdn.com/images/xsmall/webp//productimg/original/12837545-1974952920725387.jpg,https://www.homebase.co.uk/farrow-ball-full-gloss-pitch-blue-750ml/12837545.html,homebase
T-Rex Extreme Mounting Tape 25mm x 1.5m,£12.00,https://static.thcdn.com/images/xsmall/webp//productimg/original/13307608-1544919011452774.jpg,https://www.homebase.co.uk/t-rex-extreme-mounting-tape-25mm-x-1.5m/13307608.html,homebase
Farrow & Ball Estate Eggshell Babouche - 2.5L,"£74.00
£29.60 per L",https://static.thcdn.com/images/xsmall/webp//productimg/original/12817272-6594952648215041.jpg,https://www.homebase.co.uk/farrow-ball-estate-eggshell-babouche-2.5l/12817272.html,homebase
Farrow & Ball Modern Eggshell Babouche - 2.5L,"£81.00
£32.40 per L",https://static.thcdn.com/images/xsmall/webp//productimg/original/12818719-4154952649307203.jpg,https://www.homebase.co.uk/farrow-ball-modern-eggshell-babouche-2.5l/12818719.html,homebase
Farrow & Ball Full Gloss Blue Gray - 2.5L,"£75.00
£30.00 per L",https://static.thcdn.com/images/xsmall/webp//productimg/original/12845469-1374951869308700.jpg,https://www.homebase.co.uk/farrow-ball-full-gloss-blue-gray-2.5l/12845469.html,homebase
Farrow & Ball Full Gloss Babouche - 2.5L,"£75.00
£30.00 per L",https://static.thcdn.com/images/xsmall/webp//productimg/original/12804322-1484951335740562.jpg,https://www.homebase.co.uk/farrow-ball-full-gloss-babouche-2.5l/12804322.html,homebase
Farrow & Ball Exterior Eggshell Babouche - 2.5L,"£81.00
£32.40 per L",https://static.thcdn.com/images/xsmall/webp//productimg/original/12807621-1084951871093307.jpg,https://www.homebase.co.uk/farrow-ball-exterior-eggshell-babouche-2.5l/12807621.html,homebase
Farrow & Ball Full Gloss Farrow's Cream - 2.5L,"£75.00
£30.00 per L",https://static.thcdn.com/images/xsmall/webp//productimg/original/12845699-1304951868035410.jpg,https://www.homebase.co.uk/farrow-ball-full-gloss-farrow-s-cream-2.5l/12845699.html,homebase
Farrow & Ball Full Gloss Oval Room Blue - 2.5L,"£75.00
£30.00 per L",https://static.thcdn.com/images/xsmall/webp//productimg/original/12844710-1514951869188613.jpg,https://www.homebase.co.uk/farrow-ball-full-gloss-oval-room-blue-2.5l/12844710.html,homebase
Laura Ashley Animalia Dark Steel Wallpaper,£42.00,https://static.thcdn.com/images/xsmall/webp//productimg/original/13135833-1004871496783321.jpg,https://www.homebase.co.uk/laura-ashley-animalia-dark-steel-wallpaper/13135833.html,homebase
T-Rex Tape - 28mm x 9.14m,£5.00,https://static.thcdn.com/images/xsmall/webp//productimg/original/12815282-2074953473533950.jpg,https://www.homebase.co.uk/t-rex-tape-28mm-x-9.14m/12815282.html,homebase
T-Rex Tape - 48mm x 10.9m,£7.50,https://static.thcdn.com/images/xsmall/webp//productimg/original/12815281-7744953473402976.jpg,https://www.homebase.co.uk/t-rex-tape-48mm-x-10.9m/12815281.html,homebase
Wallpops 13 x 26 Inch Weekly Planner,£8.45,https://static.thcdn.com/images/xsmall/webp//productimg/original/12836811-1304831590079596.jpg,https://www.homebase.co.uk/wallpops-13-x-26-inch-weekly-planner/12836811.html,homebase
Moody Blooms Wall Mural,£70.00,https://static.thcdn.com/images/xsmall/webp//productimg/original/12915992-2884851551698488.jpg,https://www.homebase.co.uk/moody-blooms-wall-mural/12915992.html,homebase
Contour Hexagon Lattice White Wallpaper,£20.00,https://static.thcdn.com/images/xsmall/webp//productimg/original/13991822-1895003724197496.jpg,https://www.homebase.co.uk/contour-hexagon-lattice-white-wallpaper/13991822.html,homebase
Belgravia Decor Anaya Grey Textured Wallpaper,£20.00,https://static.thcdn.com/images/xsmall/webp//productimg/original/14914733-1105081517518499.jpg,https://www.homebase.co.uk/belgravia-decor-anaya-grey-textured-wallpaper/14914733.html,homebase
Belgravia Decor Anaya Taupe Textured Wallpaper,£20.00,https://static.thcdn.com/images/xsmall/webp//productimg/original/14914734-1535081516991648.jpg,https://www.homebase.co.uk/belgravia-decor-anaya-taupe-textured-wallpaper/14914734.html,homebase
Organic Textures Peacock Grey Wallpaper,£37.00,https://static.thcdn.com/images/xsmall/webp//productimg/original/13120804-4954866367113165.jpg,https://www.homebase.co.uk/organic-textures-peacock-grey-wallpaper/13120804.html,homebase
Belgravia Decor Anaya Leaf Taupe Textured Wallpaper,£20.00,https://static.thcdn.com/images/xsmall/webp//productimg/original/14914729-7975081516552745.jpg,https://www.homebase.co.uk/belgravia-decor-anaya-leaf-taupe-textured-wallpaper/14914729.html,homebase
Organic Textures Brick Beige Wallpaper,£37.00,https://static.thcdn.com/images/xsmall/webp//productimg/original/13120815-1474866369242214.jpg,https://www.homebase.co.uk/organic-textures-brick-beige-wallpaper/13120815.html,homebase
Organic Textures Lemur Beige Wallpaper,£37.00,https://static.thcdn.com/images/xsmall/webp//productimg/original/13120781-1674866364614720.jpg,https://www.homebase.co.uk/organic-textures-lemur-beige-wallpaper/13120781.html,homebase
Organic Textures Brick Grey Wallpaper,£37.00,https://static.thcdn.com/images/xsmall/webp//productimg/original/13120808-6394866369380898.jpg,https://www.homebase.co.uk/organic-textures-brick-grey-wallpaper/13120808.html,homebase
Belgravia Decor Anaya Leaf Grey Textured Wallpaper,£20.00,https://static.thcdn.com/images/xsmall/webp//productimg/original/14914731-9005081516373432.jpg,https://www.homebase.co.uk/belgravia-decor-anaya-leaf-grey-textured-wallpaper/14914731.html,homebase
Organic Textures Speckled Palm Beige Wallpaper Sample,£1.45,https://static.thcdn.com/images/xsmall/webp//productimg/original/13135566-2054871561258586.jpg,https://www.homebase.co.uk/organic-textures-speckled-palm-beige-wallpaper-sample/13135566.html,homebase
Organic Textures Speckled Palm Grey Wallpaper Sample,£1.45,https://static.thcdn.com/images/xsmall/webp//productimg/original/13135568-1324871561107464.jpg,https://www.homebase.co.uk/organic-textures-speckled-palm-grey-wallpaper-sample/13135568.html,homebase
Organic Textures Chinchilla Fur Taupe Wallpaper Sample,£1.45,https://static.thcdn.com/images/xsmall/webp//productimg/original/13135575-4284871559898494.jpg,https://www.homebase.co.uk/organic-textures-chinchilla-fur-taupe-wallpaper-sample/13135575.html,homebase
Organic Textures Organic Slate Grey Wallpaper,£37.00,https://static.thcdn.com/images/xsmall/webp//productimg/original/13120798-6614866366180336.jpg,https://www.homebase.co.uk/organic-textures-organic-slate-grey-wallpaper/13120798.html,homebase
Organic Textures Rough Grass Natural Wallpaper,£37.00,https://static.thcdn.com/images/xsmall/webp//productimg/original/13120784-1344866365486487.jpg,https://www.homebase.co.uk/organic-textures-rough-grass-natural-wallpaper/13120784.html,homebase
Organic Textures Chevron Wood Turquoise Wallpaper,£37.00,https://static.thcdn.com/images/xsmall/webp//productimg/original/13120809-1344866369963159.jpg,https://www.homebase.co.uk/organic-textures-chevron-wood-turquoise-wallpaper/13120809.html,homebase
Organic Textures Jewel Butterflies Grey Wallpaper,£37.00,https://static.thcdn.com/images/xsmall/webp//productimg/original/13120812-1224866369470895.jpg,https://www.homebase.co.uk/organic-textures-jewel-butterflies-grey-wallpaper/13120812.html,homebase
Organic Textures Jewel Butterflies Beige Wallpaper,£37.00,https://static.thcdn.com/images/xsmall/webp//productimg/original/13120813-5174866369603849.jpg,https://www.homebase.co.uk/organic-textures-jewel-butterflies-beige-wallpaper/13120813.html,homebase
Organic Textures Organic Weave Grey Wallpaper,£37.00,https://static.thcdn.com/images/xsmall/webp//productimg/original/13120814-1444866367984899.jpg,https://www.homebase.co.uk/organic-textures-organic-weave-grey-wallpaper/13120814.html,homebase
Organic Textures Organic Weave Red Wallpaper,£37.00,https://static.thcdn.com/images/xsmall/webp//productimg/original/13120800-2684866368420157.jpg,https://www.homebase.co.uk/organic-textures-organic-weave-red-wallpaper/13120800.html,homebase
Organic Textures Organic Weave Silver Wallpaper,£37.00,https://static.thcdn.com/images/xsmall/webp//productimg/original/13120802-1704866368276109.jpg,https://www.homebase.co.uk/organic-textures-organic-weave-silver-wallpaper/13120802.html,homebase
Organic Textures Inlay Wood Grey Wallpaper,£37.00,https://static.thcdn.com/images/xsmall/webp//productimg/original/13120801-9314866368609196.jpg,https://www.homebase.co.uk/organic-textures-inlay-wood-grey-wallpaper/13120801.html,homebase
Organic Textures Chevron Wood Grey Wallpaper,£37.00,https://static.thcdn.com/images/xsmall/webp//productimg/original/13120819-1004866370751331.jpg,https://www.homebase.co.uk/organic-textures-chevron-wood-grey-wallpaper/13120819.html,homebase
Organic Textures Inlay Wood Brown Wallpaper,£37.00,https://static.thcdn.com/images/xsmall/webp//productimg/original/13120806-1714866368745792.jpg,https://www.homebase.co.uk/organic-textures-inlay-wood-brown-wallpaper/13120806.html,homebase
Organic Textures Brick Red Wallpaper,£37.00,https://static.thcdn.com/images/xsmall/webp//productimg/original/13120805-7534866369105912.jpg,https://www.homebase.co.uk/organic-textures-brick-red-wallpaper/13120805.html,homebase
Organic Textures Chinchilla Fur Grey Wallpaper Sample,£1.45,https://static.thcdn.com/images/xsmall/webp//productimg/original/13135567-5594871559898485.jpg,https://www.homebase.co.uk/organic-textures-chinchilla-fur-grey-wallpaper-sample/13135567.html,homebase
Organic Textures Zebra Stripe Beige Wallpaper Sample,£1.45,https://static.thcdn.com/images/xsmall/webp//productimg/original/13135572-1814871561378082.jpg,https://www.homebase.co.uk/organic-textures-zebra-stripe-beige-wallpaper-sample/13135572.html,homebase
Organic Textures Brick Beige Wallpaper Sample,£1.45,https://static.thcdn.com/images/xsmall/webp//productimg/original/13135610-7004871555945109.jpg,https://www.homebase.co.uk/organic-textures-brick-beige-wallpaper-sample/13135610.html,homebase
Organic Textures Jewel Butterflies Blue Wallpaper Sample,£1.45,https://static.thcdn.com/images/xsmall/webp//productimg/original/13135611-9114871560147257.jpg,https://www.homebase.co.uk/organic-textures-jewel-butterflies-blue-wallpaper-sample/13135611.html,homebase
Organic Textures Organic Stone Grey Wallpaper Sample,£1.45,https://static.thcdn.com/images/xsmall/webp//productimg/original/13135585-1744871561707755.jpg,https://www.homebase.co.uk/organic-textures-organic-stone-grey-wallpaper-sample/13135585.html,homebase
Organic Textures Chinchilla Fur Light Grey Wallpaper,£37.00,https://static.thcdn.com/images/xsmall/webp//productimg/original/13120760-1474866363367050.jpg,https://www.homebase.co.uk/organic-textures-chinchilla-fur-light-grey-wallpaper/13120760.html,homebase
Organic Textures Chinchilla Fur Grey Wallpaper,£37.00,https://static.thcdn.com/images/xsmall/webp//productimg/original/13120770-1804866363051489.jpg,https://www.homebase.co.uk/organic-textures-chinchilla-fur-grey-wallpaper/13120770.html,homebase
Organic Textures Peacock Beige Wallpaper,£37.00,https://static.thcdn.com/images/xsmall/webp//productimg/original/13120793-3174866367709580.jpg,https://www.homebase.co.uk/organic-textures-peacock-beige-wallpaper/13120793.html,homebase
Organic Textures Rough Grass Green Wallpaper,£37.00,https://static.thcdn.com/images/xsmall/webp//productimg/original/13120785-1114866364937853.jpg,https://www.homebase.co.uk/organic-textures-rough-grass-green-wallpaper/13120785.html,homebase
Organic Textures Agate Tile Grey Wallpaper,£37.00,https://static.thcdn.com/images/xsmall/webp//productimg/original/13120797-1674866366603531.jpg,https://www.homebase.co.uk/organic-textures-agate-tile-grey-wallpaper/13120797.html,homebase
Organic Textures Organic Stone Beige Wallpaper,£37.00,https://static.thcdn.com/images/xsmall/webp//productimg/original/13120789-2034866365797707.jpg,https://www.homebase.co.uk/organic-textures-organic-stone-beige-wallpaper/13120789.html,homebase
Organic Textures Speckled Palm Grey Wallpaper,£37.00,https://static.thcdn.com/images/xsmall/webp//productimg/original/13120764-3764866362717994.jpg,https://www.homebase.co.uk/organic-textures-speckled-palm-grey-wallpaper/13120764.html,homebase
Organic Textures Chevron Wood Beige Wallpaper,£37.00,https://static.thcdn.com/images/xsmall/webp//productimg/original/13120820-7384866370427199.jpg,https://www.homebase.co.uk/organic-textures-chevron-wood-beige-wallpaper/13120820.html,homebase
Organic Textures Rough Grass Grey Wallpaper,£37.00,https://static.thcdn.com/images/xsmall/webp//productimg/original/13120783-1284866365212299.jpg,https://www.homebase.co.uk/organic-textures-rough-grass-grey-wallpaper/13120783.html,homebase
Organic Textures Bamboo Green Wallpaper Sample,£1.45,https://static.thcdn.com/images/xsmall/webp//productimg/original/13135562-8214871555861826.jpg,https://www.homebase.co.uk/organic-textures-bamboo-green-wallpaper-sample/13135562.html,homebase
Organic Textures Chinchilla Fur Light Grey Wallpaper Sample,£1.45,https://static.thcdn.com/images/xsmall/webp//productimg/original/13135571-1644871561269710.jpg,https://www.homebase.co.uk/organic-textures-chinchilla-fur-light-grey-wallpaper-sample/13135571.html,homebase
Organic Textures Agate Tile Natural Wallpaper Sample,£1.45,https://static.thcdn.com/images/xsmall/webp//productimg/original/13135594-1544871555891916.jpg,https://www.homebase.co.uk/organic-textures-agate-tile-natural-wallpaper-sample/13135594.html,homebase
Organic Textures Peacock Beige Wallpaper Sample,£1.45,https://static.thcdn.com/images/xsmall/webp//productimg/original/13135596-1744871561748057.jpg,https://www.homebase.co.uk/organic-textures-peacock-beige-wallpaper-sample/13135596.html,homebase
Organic Textures Organic Weave Red Wallpaper Sample,£1.45,https://static.thcdn.com/images/xsmall/webp//productimg/original/13135607-1044871561829279.jpg,https://www.homebase.co.uk/organic-textures-organic-weave-red-wallpaper-sample/13135607.html,homebase
Organic Textures Chevron Wood Warm Brown Wallpaper Sample,£1.45,https://static.thcdn.com/images/xsmall/webp//productimg/original/13135618-1474871560236282.jpg,https://www.homebase.co.uk/organic-textures-chevron-wood-warm-brown-wallpaper-sample/13135618.html,homebase
Organic Textures Zebra Stripe Grey Wallpaper Sample,£1.45,https://static.thcdn.com/images/xsmall/webp//productimg/original/13135574-5244871561419245.jpg,https://www.homebase.co.uk/organic-textures-zebra-stripe-grey-wallpaper-sample/13135574.html,homebase
Organic Textures Chevron Wood Beige Wallpaper Sample,£1.45,https://static.thcdn.com/images/xsmall/webp//productimg/original/13135619-1954871560243098.jpg,https://www.homebase.co.uk/organic-textures-chevron-wood-beige-wallpaper-sample/13135619.html,homebase
Organic Textures Chevron Wood Neutral Wallpaper Sample,£1.45,https://static.thcdn.com/images/xsmall/webp//productimg/original/13135620-4714871560265757.jpg,https://www.homebase.co.uk/organic-textures-chevron-wood-neutral-wallpaper-sample/13135620.html,homebase
Organic Textures Agate Tile Grey Wallpaper Sample,£1.45,https://static.thcdn.com/images/xsmall/webp//productimg/original/13135598-1494871555861793.jpg,https://www.homebase.co.uk/organic-textures-agate-tile-grey-wallpaper-sample/13135598.html,homebase
Organic Textures Jewel Butterflies Grey Wallpaper Sample,£1.45,https://static.thcdn.com/images/xsmall/webp//productimg/original/13135621-1734871561844411.jpg,https://www.homebase.co.uk/organic-textures-jewel-butterflies-grey-wallpaper-sample/13135621.html,homebase
Organic Textures Rough Grass Green Wallpaper Sample,£1.45,https://static.thcdn.com/images/xsmall/webp//productimg/original/13135578-1394871561592978.jpg,https://www.homebase.co.uk/organic-textures-rough-grass-green-wallpaper-sample/13135578.html,homebase
Organic Textures Organic Slate Beige Wallpaper Sample,£1.45,https://static.thcdn.com/images/xsmall/webp//productimg/original/13135587-4214871561709291.jpg,https://www.homebase.co.uk/organic-textures-organic-slate-beige-wallpaper-sample/13135587.html,homebase
Organic Textures Rough Grass Beige Wallpaper Sample,£1.45,https://static.thcdn.com/images/xsmall/webp//productimg/original/13135590-3724871561528094.jpg,https://www.homebase.co.uk/organic-textures-rough-grass-beige-wallpaper-sample/13135590.html,homebase
Organic Textures Jewel Butterflies Green Wallpaper Sample,£1.45,https://static.thcdn.com/images/xsmall/webp//productimg/original/13135612-9474871560166823.jpg,https://www.homebase.co.uk/organic-textures-jewel-butterflies-green-wallpaper-sample/13135612.html,homebase
Organic Textures Brick Grey Wallpaper Sample,£1.45,https://static.thcdn.com/images/xsmall/webp//productimg/original/13135608-1054871555952978.jpg,https://www.homebase.co.uk/organic-textures-brick-grey-wallpaper-sample/13135608.html,homebase
Organic Textures Jewel Butterflies Beige Wallpaper Sample,£1.45,https://static.thcdn.com/images/xsmall/webp//productimg/original/13135613-1014871560102878.jpg,https://www.homebase.co.uk/organic-textures-jewel-butterflies-beige-wallpaper-sample/13135613.html,homebase
Organic Textures Inlay Wood Grey Wallpaper Sample,£1.45,https://static.thcdn.com/images/xsmall/webp//productimg/original/13135609-1444871560010652.jpg,https://www.homebase.co.uk/organic-textures-inlay-wood-grey-wallpaper-sample/13135609.html,homebase
Organic Textures Inlay Wood Brown Wallpaper Sample,£1.45,https://static.thcdn.com/images/xsmall/webp//productimg/original/13135605-3144871560038270.jpg,https://www.homebase.co.uk/organic-textures-inlay-wood-brown-wallpaper-sample/13135605.html,homebase
Organic Textures Concrete Stripe Beige Wallpaper Sample,£1.45,https://static.thcdn.com/images/xsmall/webp//productimg/original/13135589-1174871559983007.jpg,https://www.homebase.co.uk/organic-textures-concrete-stripe-beige-wallpaper-sample/13135589.html,homebase
Organic Textures Concrete Stripe Grey Wallpaper,£37.00,https://static.thcdn.com/images/xsmall/webp//productimg/original/13120772-3434866363900504.jpg,https://www.homebase.co.uk/organic-textures-concrete-stripe-grey-wallpaper/13120772.html,homebase
Organic Textures Rough Grass Brown Wallpaper Sample,£1.45,https://static.thcdn.com/images/xsmall/webp//productimg/original/13135580-8774871561609646.jpg,https://www.homebase.co.uk/organic-textures-rough-grass-brown-wallpaper-sample/13135580.html,homebase
Organic Textures Lemur Turquoise Wallpaper Sample,£1.45,https://static.thcdn.com/images/xsmall/webp//productimg/original/13135582-6944871561458722.jpg,https://www.homebase.co.uk/organic-textures-lemur-turquoise-wallpaper-sample/13135582.html,homebase
Organic Textures Chinchilla Fur Brown Wallpaper Sample,£1.45,https://static.thcdn.com/images/xsmall/webp//productimg/original/13135569-1314871559898374.jpg,https://www.homebase.co.uk/organic-textures-chinchilla-fur-brown-wallpaper-sample/13135569.html,homebase
Organic Textures Organic Weave Beige Wallpaper Sample,£1.45,https://static.thcdn.com/images/xsmall/webp//productimg/original/13135603-4644871561811975.jpg,https://www.homebase.co.uk/organic-textures-organic-weave-beige-wallpaper-sample/13135603.html,homebase
Organic Textures Rough Grass Dark Brown Wallpaper,£37.00,https://static.thcdn.com/images/xsmall/webp//productimg/original/13120779-1774866365073993.jpg,https://www.homebase.co.uk/organic-textures-rough-grass-dark-brown-wallpaper/13120779.html,homebase
Organic Textures Concrete Stripe Taupe Wallpaper,£37.00,https://static.thcdn.com/images/xsmall/webp//productimg/original/13120773-2524866364180326.jpg,https://www.homebase.co.uk/organic-textures-concrete-stripe-taupe-wallpaper/13120773.html,homebase
Organic Textures Peacock Brown Wallpaper,£37.00,https://static.thcdn.com/images/xsmall/webp//productimg/original/13120795-9214866367846833.jpg,https://www.homebase.co.uk/organic-textures-peacock-brown-wallpaper/13120795.html,homebase
Organic Textures Chinchilla Fur Brown Wallpaper,£37.00,https://static.thcdn.com/images/xsmall/webp//productimg/original/13120769-7204866363238245.jpg,https://www.homebase.co.uk/organic-textures-chinchilla-fur-brown-wallpaper/13120769.html,homebase
Organic Textures Organic Stone Light Grey Wallpaper,£37.00,https://static.thcdn.com/images/xsmall/webp//productimg/original/13120791-2394866365705229.jpg,https://www.homebase.co.uk/organic-textures-organic-stone-light-grey-wallpaper/13120791.html,homebase
Organic Textures Chinchilla Fur Taupe Wallpaper,£37.00,https://static.thcdn.com/images/xsmall/webp//productimg/original/13120763-1084866363499740.jpg,https://www.homebase.co.uk/organic-textures-chinchilla-fur-taupe-wallpaper/13120763.html,homebase
Organic Textures Agate Tile Natural Wallpaper,£37.00,https://static.thcdn.com/images/xsmall/webp//productimg/original/13120803-3744866367021671.jpg,https://www.homebase.co.uk/organic-textures-agate-tile-natural-wallpaper/13120803.html,homebase
Organic Textures Speckled Palm Brown Wallpaper,£37.00,https://static.thcdn.com/images/xsmall/webp//productimg/original/13120761-1504866362805612.jpg,https://www.homebase.co.uk/organic-textures-speckled-palm-brown-wallpaper/13120761.html,homebase
Organic Textures Bamboo Green Wallpaper,£37.00,https://static.thcdn.com/images/xsmall/webp//productimg/original/13120762-6854866361324230.jpg,https://www.homebase.co.uk/organic-textures-bamboo-green-wallpaper/13120762.html,homebase
Organic Textures Zebra Stripe Beige Wallpaper,£37.00,https://static.thcdn.com/images/xsmall/webp//productimg/original/13120776-9074866363715026.jpg,https://www.homebase.co.uk/organic-textures-zebra-stripe-beige-wallpaper/13120776.html,homebase
Organic Textures Bamboo Grey Wallpaper,£37.00,https://static.thcdn.com/images/xsmall/webp//productimg/original/13120777-1494866361658040.jpg,https://www.homebase.co.uk/organic-textures-bamboo-grey-wallpaper/13120777.html,homebase
Organic Textures Concrete Stripe Beige Wallpaper,£37.00,https://static.thcdn.com/images/xsmall/webp//productimg/original/13120778-7984866363995685.jpg,https://www.homebase.co.uk/organic-textures-concrete-stripe-beige-wallpaper/13120778.html,homebase
Organic Textures Rough Grass Brown Wallpaper,£37.00,https://static.thcdn.com/images/xsmall/webp//productimg/original/13120780-1254866365353968.jpg,https://www.homebase.co.uk/organic-textures-rough-grass-brown-wallpaper/13120780.html,homebase
Organic Textures Rough Grass Beige Wallpaper,£37.00,https://static.thcdn.com/images/xsmall/webp//productimg/original/13120796-1624866364848108.jpg,https://www.homebase.co.uk/organic-textures-rough-grass-beige-wallpaper/13120796.html,homebase
Organic Textures Jewel Butterflies Blue Wallpaper,£37.00,https://static.thcdn.com/images/xsmall/webp//productimg/original/13120811-1434866369739977.jpg,https://www.homebase.co.uk/organic-textures-jewel-butterflies-blue-wallpaper/13120811.html,homebase
Organic Textures Concrete Stripe Taupe Wallpaper Sample,£1.45,https://static.thcdn.com/images/xsmall/webp//productimg/original/13135576-2074871559984675.jpg,https://www.homebase.co.uk/organic-textures-concrete-stripe-taupe-wallpaper-sample/13135576.html,homebase
Organic Textures Organic Weave Grey Wallpaper Sample,£1.45,https://static.thcdn.com/images/xsmall/webp//productimg/original/13135595-2184871561842716.jpg,https://www.homebase.co.uk/organic-textures-organic-weave-grey-wallpaper-sample/13135595.html,homebase
Organic Textures Organic Stone Beige Wallpaper Sample,£1.45,https://static.thcdn.com/images/xsmall/webp//productimg/original/13135586-9334871561666181.jpg,https://www.homebase.co.uk/organic-textures-organic-stone-beige-wallpaper-sample/13135586.html,homebase
Organic Textures Concrete Stripe Grey Wallpaper Sample,£1.45,https://static.thcdn.com/images/xsmall/webp//productimg/original/13135577-1734871559898395.jpg,https://www.homebase.co.uk/organic-textures-concrete-stripe-grey-wallpaper-sample/13135577.html,homebase
Organic Textures Inlay Wood Natural Wallpaper Sample,£1.45,https://static.thcdn.com/images/xsmall/webp//productimg/original/13135606-1914871560068126.jpg,https://www.homebase.co.uk/organic-textures-inlay-wood-natural-wallpaper-sample/13135606.html,homebase
Organic Textures Rough Grass Grey Wallpaper Sample,£1.45,https://static.thcdn.com/images/xsmall/webp//productimg/original/13135579-1164871561601801.jpg,https://www.homebase.co.uk/organic-textures-rough-grass-grey-wallpaper-sample/13135579.html,homebase
Organic Textures Speckled Palm Green Wallpaper,£37.00,https://static.thcdn.com/images/xsmall/webp//productimg/original/13120767-5944866361950123.jpg,https://www.homebase.co.uk/organic-textures-speckled-palm-green-wallpaper/13120767.html,homebase
Organic Textures Bamboo Brown Wallpaper,£37.00,https://static.thcdn.com/images/xsmall/webp//productimg/original/13120766-4724866361216077.jpg,https://www.homebase.co.uk/organic-textures-bamboo-brown-wallpaper/13120766.html,homebase
Organic Textures Agate Tile Turquoise Wallpaper,£37.00,https://static.thcdn.com/images/xsmall/webp//productimg/original/13120790-5514866366743853.jpg,https://www.homebase.co.uk/organic-textures-agate-tile-turquoise-wallpaper/13120790.html,homebase
Organic Textures Chevron Wood Neutral Wallpaper,£37.00,https://static.thcdn.com/images/xsmall/webp//productimg/original/13120817-2814866370617948.jpg,https://www.homebase.co.uk/organic-textures-chevron-wood-neutral-wallpaper/13120817.html,homebase
Organic Textures Inlay Wood Natural Wallpaper,£37.00,https://static.thcdn.com/images/xsmall/webp//productimg/original/13120807-9824866368837361.jpg,https://www.homebase.co.uk/organic-textures-inlay-wood-natural-wallpaper/13120807.html,homebase
Organic Textures Organic Weave Beige Wallpaper,£37.00,https://static.thcdn.com/images/xsmall/webp//productimg/original/13120799-2104866368133825.jpg,https://www.homebase.co.uk/organic-textures-organic-weave-beige-wallpaper/13120799.html,homebase
Organic Textures Zebra Stripe Grey Wallpaper,£37.00,https://static.thcdn.com/images/xsmall/webp//productimg/original/13120771-1474866363808032.jpg,https://www.homebase.co.uk/organic-textures-zebra-stripe-grey-wallpaper/13120771.html,homebase
Organic Textures Organic Slate Beige Wallpaper,£37.00,https://static.thcdn.com/images/xsmall/webp//productimg/original/13120788-1554866366328614.jpg,https://www.homebase.co.uk/organic-textures-organic-slate-beige-wallpaper/13120788.html,homebase
Organic Textures Chevron Wood Dark Brown Wallpaper,£37.00,https://static.thcdn.com/images/xsmall/webp//productimg/original/13120821-1294866370239066.jpg,https://www.homebase.co.uk/organic-textures-chevron-wood-dark-brown-wallpaper/13120821.html,homebase
Organic Textures Organic Slate Grey Wallpaper Sample,£1.45,https://static.thcdn.com/images/xsmall/webp//productimg/original/13135591-9944871561706270.jpg,https://www.homebase.co.uk/organic-textures-organic-slate-grey-wallpaper-sample/13135591.html,homebase
Organic Textures Peacock Brown Wallpaper Sample,£1.45,https://static.thcdn.com/images/xsmall/webp//productimg/original/13135602-2284871561801991.jpg,https://www.homebase.co.uk/organic-textures-peacock-brown-wallpaper-sample/13135602.html,homebase
Organic Textures Organic Weave Silver Wallpaper Sample,£1.45,https://static.thcdn.com/images/xsmall/webp//productimg/original/13135604-9864871561826489.jpg,https://www.homebase.co.uk/organic-textures-organic-weave-silver-wallpaper-sample/13135604.html,homebase
Organic Textures Rough Grass Dark Brown Wallpaper Sample,£1.45,https://static.thcdn.com/images/xsmall/webp//productimg/original/13135588-1344871561567640.jpg,https://www.homebase.co.uk/organic-textures-rough-grass-dark-brown-wallpaper-sample/13135588.html,homebase
Organic Textures Brick Red Wallpaper Sample,£1.45,https://static.thcdn.com/images/xsmall/webp//productimg/original/13135614-1134871560085340.jpg,https://www.homebase.co.uk/organic-textures-brick-red-wallpaper-sample/13135614.html,homebase
Organic Textures Chevron Wood Grey Wallpaper Sample,£1.45,https://static.thcdn.com/images/xsmall/webp//productimg/original/13135622-5624871560280028.jpg,https://www.homebase.co.uk/organic-textures-chevron-wood-grey-wallpaper-sample/13135622.html,homebase
Organic Textures Peacock Grey Wallpaper Sample,£1.45,https://static.thcdn.com/images/xsmall/webp//productimg/original/13135600-5434871561722224.jpg,https://www.homebase.co.uk/organic-textures-peacock-grey-wallpaper-sample/13135600.html,homebase
Organic Textures Speckled Palm Blue Wallpaper Sample,£1.45,https://static.thcdn.com/images/xsmall/webp//productimg/original/13135563-8324871560986390.jpg,https://www.homebase.co.uk/organic-textures-speckled-palm-blue-wallpaper-sample/13135563.html,homebase
Belgravia Decor Anaya Leaf Green Textured Wallpaper,£20.00,https://static.thcdn.com/images/xsmall/webp//productimg/original/14914728-4965081517294600.jpg,https://www.homebase.co.uk/belgravia-decor-anaya-leaf-green-textured-wallpaper/14914728.html,homebase
Organic Textures Organic Stone Brown Wallpaper Sample,£1.45,https://static.thcdn.com/images/xsmall/webp//productimg/original/13135601-1094871561689770.jpg,https://www.homebase.co.uk/organic-textures-organic-stone-brown-wallpaper-sample/13135601.html,homebase
Organic Textures Speckled Palm Brown Wallpaper Sample,£1.45,https://static.thcdn.com/images/xsmall/webp//productimg/original/13135565-9044871561147232.jpg,https://www.homebase.co.uk/organic-textures-speckled-palm-brown-wallpaper-sample/13135565.html,homebase
Organic Textures Chevron Wood Dark Brown Wallpaper Sample,£1.45,https://static.thcdn.com/images/xsmall/webp//productimg/original/13135617-2664871561865501.jpg,https://www.homebase.co.uk/organic-textures-chevron-wood-dark-brown-wallpaper-sample/13135617.html,homebase
Sandtex Microseal Smooth Masonry Paint Black - 150ml,£4.00,https://static.thcdn.com/images/xsmall/webp//productimg/original/14301841-7665034554750793.jpg,https://www.homebase.co.uk/sandtex-microseal-smooth-masonry-paint-black-150ml/14301841.html,homebase
Astratto Canvas Wall Art Oil Painting - Black & Natural - 82.6x122.6cm,£150.00,https://static.thcdn.com/images/xsmall/webp//productimg/original/14821017-6735058392995743.jpg,https://www.homebase.co.uk/astratto-canvas-wall-art-oil-painting-black-natural-82.6x122.6cm/14821017.html,homebase
Hawkhill Bathroom Wall Light - Black,£55.00,https://static.thcdn.com/images/xsmall/webp//productimg/original/13794233-5084957104531384.jpg,https://www.homebase.co.uk/hawkhill-bathroom-wall-light-black/13794233.html,homebase
Multi Surface Sealant & Adhesive Black - 290ml,£11.00,https://static.thcdn.com/images/xsmall/webp//productimg/original/14939784-8675090858890734.png,https://www.homebase.co.uk/multi-surface-sealant-adhesive-black-290ml/14939784.html,homebase
Elle Decoration Retro Black Gold Wallpaper,£40.00,https://static.thcdn.com/images/xsmall/webp//productimg/original/13027978-1285085667552962.jpg,https://www.homebase.co.uk/elle-decoration-retro-black-gold-wallpaper/13027978.html,homebase
Grandeco Life Digital Mural Paysage - Black & White,£56.00,https://static.thcdn.com/images/xsmall/webp//productimg/original/12838060-1084831909356771.jpg,https://www.homebase.co.uk/grandeco-life-digital-mural-paysage-black-white/12838060.html,homebase
Slim-line Black 4 Light Clear Glazed Room Divider 2+0,"£1,060.00",https://static.thcdn.com/images/xsmall/webp//productimg/original/12823686-2014831948850508.jpg,https://www.homebase.co.uk/slim-line-black-4-light-clear-glazed-room-divider-2-0/12823686.html,homebase
Slim-line Black 4 Light Clear Glazed Room Divider 3+0,"£1,350.00",https://static.thcdn.com/images/xsmall/webp//productimg/original/12823697-1094831949178291.jpg,https://www.homebase.co.uk/slim-line-black-4-light-clear-glazed-room-divider-3-0/12823697.html,homebase
Slim-line Black 4 Light Clear Glazed Room Divider 4+0,"£1,700.00",https://static.thcdn.com/images/xsmall/webp//productimg/original/12823786-1944831942237068.jpg,https://www.homebase.co.uk/slim-line-black-4-light-clear-glazed-room-divider-4-0/12823786.html,homebase
Slim-line Black 4 Light Clear Glazed Room Divider 2+0,"£1,020.00",https://static.thcdn.com/images/xsmall/webp//productimg/original/12823680-1034831944489822.jpg,https://www.homebase.co.uk/slim-line-black-4-light-clear-glazed-room-divider-2-0/12823680.html,homebase
Slim-line Black 4 Light Clear Glazed Room Divider 2+0,"£1,020.00",https://static.thcdn.com/images/xsmall/webp//productimg/original/12823685-1934831948823037.jpg,https://www.homebase.co.uk/slim-line-black-4-light-clear-glazed-room-divider-2-0/12823685.html,homebase
Slim-line Black 4 Light Clear Glazed Room Divider 3+0,"£1,350.00",https://static.thcdn.com/images/xsmall/webp//productimg/original/12823693-1914831948800654.jpg,https://www.homebase.co.uk/slim-line-black-4-light-clear-glazed-room-divider-3-0/12823693.html,homebase
Slim-line Black 4 Light Clear Glazed Room Divider 4+0,"£1,800.00",https://static.thcdn.com/images/xsmall/webp//productimg/original/12823799-1914831944090828.jpg,https://www.homebase.co.uk/slim-line-black-4-light-clear-glazed-room-divider-4-0/12823799.html,homebase
Slim-line Black 4 Light Clear Glazed Room Divider 4+0,"£1,800.00",https://static.thcdn.com/images/xsmall/webp//productimg/original/12823795-1674831944024369.jpg,https://www.homebase.co.uk/slim-line-black-4-light-clear-glazed-room-divider-4-0/12823795.html,homebase
Slim-line Black 4 Light Clear Glazed Room Divider 4+0,"£1,700.00",https://static.thcdn.com/images/xsmall/webp//productimg/original/12823792-1484831942370949.jpg,https://www.homebase.co.uk/slim-line-black-4-light-clear-glazed-room-divider-4-0/12823792.html,homebase
Slim-line Black 4 Light Clear Glazed Room Divider 2+0,"£1,060.00",https://static.thcdn.com/images/xsmall/webp//productimg/original/12823689-6024831948693182.jpg,https://www.homebase.co.uk/slim-line-black-4-light-clear-glazed-room-divider-2-0/12823689.html,homebase
Rust-Oleum Holographic Glitter Spray Paint - 150ml,£8.00,https://static.thcdn.com/images/xsmall/webp//productimg/original/14606449-6865053485253320.jpg,https://www.homebase.co.uk/rust-oleum-holographic-glitter-spray-paint-150ml/14606449.html,homebase
Dulux Heritage Eggshell Paint Ravens Flight - 750ml,"£31.00
£41.33 per L",https://static.thcdn.com/images/xsmall/webp//productimg/original/12899064-2054847651968071.png,https://www.homebase.co.uk/dulux-heritage-eggshell-paint-ravens-flight-750ml/12899064.html,homebase
Rust-Oleum Colour Shift Spray Paint Base Coat - 150ml,£8.00,https://static.thcdn.com/images/xsmall/webp//productimg/original/14606466-1785053487025351.jpg,https://www.homebase.co.uk/rust-oleum-colour-shift-spray-paint-base-coat-150ml/14606466.html,homebase
Rust-Oleum Colour Shift Spray Paint Purple Eclipse - 150ml,£8.00,https://static.thcdn.com/images/xsmall/webp//productimg/original/14606464-1965053510581597.jpg,https://www.homebase.co.uk/rust-oleum-colour-shift-spray-paint-purple-eclipse-150ml/14606464.html,homebase
Rust-Oleum Colour Shift Spray Paint Galaxy Green - 150ml,£8.00,https://static.thcdn.com/images/xsmall/webp//productimg/original/14606452-1415053510267431.jpg,https://www.homebase.co.uk/rust-oleum-colour-shift-spray-paint-galaxy-green-150ml/14606452.html,homebase
Rust-Oleum Colour Shift Spray Paint Cosmic Blue - 150ml,£8.00,https://static.thcdn.com/images/xsmall/webp//productimg/original/14606462-2075053510389657.jpg,https://www.homebase.co.uk/rust-oleum-colour-shift-spray-paint-cosmic-blue-150ml/14606462.html,homebase
House Beautiful Durable Matt Emulsion Multi-Surface Paint Mono Tones MT.09 - Tester 125ml,"Was £2.00
£0.50",https://static.thcdn.com/images/xsmall/webp//productimg/original/13419409-6874941020334291.jpg,https://www.homebase.co.uk/house-beautiful-durable-matt-emulsion-multi-surface-paint-mono-tones-mt.09-tester-125ml/13419409.html,homebase
"Homebase Exterior Varnish 8 Piece Kit 4""","Was £7.20
£5.00",https://static.thcdn.com/images/xsmall/webp//productimg/original/12823965-1454831906916556.jpg,https://www.homebase.co.uk/homebase-exterior-varnish-8-piece-kit-4/12823965.html,homebase
Homebase 6 Piece 4 Shed & Fence Kit,"Was £6.40
£2.50",https://static.thcdn.com/images/xsmall/webp//productimg/original/12823975-1954831906728567.jpg,https://www.homebase.co.uk/homebase-6-piece-4-shed-fence-kit/12823975.html,homebase
Homebase Shed & Fence 6 Piece Kit 9 inch,£6.00,https://static.thcdn.com/images/xsmall/webp//productimg/original/12823973-2054831907243565.jpg,https://www.homebase.co.uk/homebase-shed-fence-6-piece-kit-9-inch/12823973.html,homebase
Organic Textures Peacock Turquoise Wallpaper,£37.00,https://static.thcdn.com/images/xsmall/webp//productimg/original/13120794-4644866367490466.jpg,https://www.homebase.co.uk/organic-textures-peacock-turquoise-wallpaper/13120794.html,homebase
Organic Textures Speckled Palm Beige Wallpaper,£37.00,https://static.thcdn.com/images/xsmall/webp//productimg/original/13120765-1824866362947992.jpg,https://www.homebase.co.uk/organic-textures-speckled-palm-beige-wallpaper/13120765.html,homebase
Organic Textures Organic Stone Grey Wallpaper,£37.00,https://static.thcdn.com/images/xsmall/webp//productimg/original/13120786-1234866365935920.jpg,https://www.homebase.co.uk/organic-textures-organic-stone-grey-wallpaper/13120786.html,homebase
Wickes Vinyl Matt Emulsion Paint - Midnight Black No.255 - 2.5L,£10,media.wickes.co.uk/is/image/wickes/GPID_1100519690_00?$normal$,https://www.wickes.co.uk/Wickes-Vinyl-Matt-Emulsion-Paint---Midnight-Black-No-255---2-5L/p/184680,wickes
Wickes Vinyl Silk Emulsion Paint - Midnight Black No.255 - 2.5L,£10,media.wickes.co.uk/is/image/wickes/GPID_5000011189_00?$normal$,https://www.wickes.co.uk/Wickes-Vinyl-Silk-Emulsion-Paint---Midnight-Black-No-255---2-5L/p/250096,wickes
Dulux Matt Emulsion Paint - Rich Black - 2.5L,£15,media.wickes.co.uk/is/image/wickes/I9026_107099_00?$normal$,https://www.wickes.co.uk/Dulux-Matt-Emulsion-Paint---Rich-Black---2-5L/p/107099,wickes
Wickes Trade Satin Wood & Metal Paint - Black - 1L,£18,media.wickes.co.uk/is/image/wickes/GPID_1100637654_00?$normal$,https://www.wickes.co.uk/Wickes-Trade-Satin-Wood+Metal-Paint---Black---1L/p/222050,wickes
Wickes Non Drip Wood & Metal Paint - Matt Black - 750ml,£16,media.wickes.co.uk/is/image/wickes/O0814_122154_00?$normal$,https://www.wickes.co.uk/Wickes-Non-Drip-Wood+Metal-Paint---Matt-Black---750ml/p/122154,wickes
Masonry Smooth Black 250ml,£3,media.wickes.co.uk/is/image/wickes/O0814_214137_00?$normal$,https://www.wickes.co.uk/Masonry-Smooth-Black-250ml/p/214137,wickes
Hammerite Metal Aerosol Smooth Paint - Black - 400ml,£16,media.wickes.co.uk/is/image/wickes/GPID_1000728083_00?$normal$,https://www.wickes.co.uk/Hammerite-Metal-Aerosol-Smooth-Paint---Black---400ml/p/135525,wickes
Wickes Vinyl Matt Emulsion Paint Tester Pot - Midnight Black No.255 - 50ml,£2.25,media.wickes.co.uk/is/image/wickes/GPID_1100519682_00?$normal$,https://www.wickes.co.uk/Wickes-Vinyl-Matt-Emulsion-Paint-Tester-Pot---Midnight-Black-No-255---50ml/p/184672,wickes
Wickes Eggshell Wood & Metal Paint - Black - 750ml,£16,media.wickes.co.uk/is/image/wickes/O0814_214371_00?$normal$,https://www.wickes.co.uk/Wickes-Eggshell-Wood+Metal-Paint---Black---750ml/p/214371,wickes
Dulux Easycare Washable & Tough Matt Emulsion Paint - Rich Black - 2.5L,£21,media.wickes.co.uk/is/image/wickes/GPID_1100330489_00?$normal$,https://www.wickes.co.uk/Dulux-Easycare-Washable+Tough-Matt-Emulsion-Paint---Rich-Black---2-5L/p/169826,wickes
Dulux Weathershield All Weather Purpose Smooth Paint - Black - 5L,£24,media.wickes.co.uk/is/image/wickes/GPID_5000086517_00?$normal$,https://www.wickes.co.uk/Dulux-Weathershield-All-Weather-Purpose-Smooth-Paint---Black---5L/p/278459,wickes
Sandtex One Coat Exterior Gloss Paint - Black - 2.5L,£37,media.wickes.co.uk/is/image/wickes/A0444_137501_00?$normal$,https://www.wickes.co.uk/Sandtex-One-Coat-Exterior-Gloss-Paint---Black---2-5L/p/137501,wickes
Hammerite Metal Smooth Paint - Black - 750ml,£20,media.wickes.co.uk/is/image/wickes/I9026_117710_00?$normal$,https://www.wickes.co.uk/Hammerite-Metal-Smooth-Paint---Black---750ml/p/117710,wickes
Dulux Quick Dry Gloss Paint - Black Paint - 750ml,£20,media.wickes.co.uk/is/image/wickes/GPID_1100632394_00?$normal$,https://www.wickes.co.uk/Dulux-Quick-Dry-Gloss-Paint---Black-Paint---750ml/p/221150,wickes
Wickes Smooth Finish Metal Paint - Matt Black - 750ml,£15,media.wickes.co.uk/is/image/wickes/O0814_214320_00?$normal$,https://www.wickes.co.uk/Wickes-Smooth-Finish-Metal-Paint---Matt-Black---750ml/p/214320,wickes
Dulux Trade High Gloss Paint - Black - 1L,£20,media.wickes.co.uk/is/image/wickes/I9026_106501_00?$normal$,https://www.wickes.co.uk/Dulux-Trade-High-Gloss-Paint---Black---1L/p/106501,wickes
Wickes Exterior Satinwood Paint Black 750ml,£18,media.wickes.co.uk/is/image/wickes/O0814_214166_00?$normal$,https://www.wickes.co.uk/Wickes-Exterior-Satinwood-Paint-Black-750ml/p/214166,wickes
Sandtex Microseal Ultra Smooth Weatherproof Masonry 15 Year Exterior Wall Paint - Black - 1L,£14,media.wickes.co.uk/is/image/wickes/GPID_1100571396_00?$normal$,https://www.wickes.co.uk/Sandtex-Microseal-Ultra-Smooth-Weatherproof-Masonry-15-Year-Exterior-Wall-Paint---Black---1L/p/199631,wickes
Sandtex 10 Year Exterior Satin Paint - Black - 750ml,£25,media.wickes.co.uk/is/image/wickes/A0444_137508_00?$normal$,https://www.wickes.co.uk/Sandtex-10-Year-Exterior-Satin-Paint---Black---750ml/p/137508,wickes
Wickes Brick & Tile Matt Paint - Black - 750ml,£20,media.wickes.co.uk/is/image/wickes/O0814_214294_00?$normal$,https://www.wickes.co.uk/Wickes-Brick+Tile-Matt-Paint---Black---750ml/p/214294,wickes
Wickes Quick Dry Satin Wood & Metal Paint - Black - 750ml,£16,media.wickes.co.uk/is/image/wickes/GPID_1000717882_00?$normal$,https://www.wickes.co.uk/Wickes-Quick-Dry-Satin-Wood+Metal-Paint---Black---750ml/p/122166,wickes
Dulux Weathershield One Coat Gloss Paint - Black - 750ml,£28,media.wickes.co.uk/is/image/wickes/GPID_5000086553_00?$normal$,https://www.wickes.co.uk/Dulux-Weathershield-One-Coat-Gloss-Paint---Black---750ml/p/278559,wickes
Wickes High Gloss Finish Metal Paint - Black - 750ml,£15,media.wickes.co.uk/is/image/wickes/O0814_214319_00?$normal$,https://www.wickes.co.uk/Wickes-High-Gloss-Finish-Metal-Paint---Black---750ml/p/214319,wickes
Wickes Quick Dry Gloss Wood & Metal Paint - Black - 2.5L,£22,media.wickes.co.uk/is/image/wickes/GPID_1000717879_00?$normal$,https://www.wickes.co.uk/Wickes-Quick-Dry-Gloss-Wood+Metal-Paint---Black---2-5L/p/122161,wickes
Wickes One Coat Gloss Wood & Metal Paint - Black - 750ml,£16,media.wickes.co.uk/is/image/wickes/O0814_214219_00?$normal$,https://www.wickes.co.uk/Wickes-One-Coat-Gloss-Wood+Metal-Paint---Black---750ml/p/214219,wickes
Hammerite Metal Hammered Paint - Black - 750ml,£22,media.wickes.co.uk/is/image/wickes/I9026_117712_00?$normal$,https://www.wickes.co.uk/Hammerite-Metal-Hammered-Paint---Black---750ml/p/117712,wickes
Wickes Trade Eggshell Wood & Metal Paint - Black - 1L,£18,media.wickes.co.uk/is/image/wickes/GPID_1100637665_00?$normal$,https://www.wickes.co.uk/Wickes-Trade-Eggshell-Wood+Metal-Paint---Black---1L/p/222271,wickes
Wickes Trade Liquid Gloss Wood & Metal Paint - Black - 1L,£18,media.wickes.co.uk/is/image/wickes/O0814_121763_00?$normal$,https://www.wickes.co.uk/Wickes-Trade-Liquid-Gloss-Wood+Metal-Paint---Black---1L/p/121763,wickes
Sandtex Microseal Ultra Smooth Weatherproof Masonry 15 Year Exterior Wall Paint - Black - 5L,£32,media.wickes.co.uk/is/image/wickes/A0444_137477_00?$normal$,https://www.wickes.co.uk/Sandtex-Microseal-Ultra-Smooth-Weatherproof-Masonry-15-Year-Exterior-Wall-Paint---Black---5L/p/137477,wickes
Wickes One Coat Satin Wood & Metal Paint - Black - 750ml,£16,media.wickes.co.uk/is/image/wickes/O0814_214234_00?$normal$,https://www.wickes.co.uk/Wickes-One-Coat-Satin-Wood+Metal-Paint---Black---750ml/p/214234,wickes
Wickes Masonry Smooth Black 10L,£35,media.wickes.co.uk/is/image/wickes/GPID_1100637641_00?$normal$,https://www.wickes.co.uk/Wickes-Masonry-Smooth-Black-10L/p/222037,wickes
Wickes Brick & Tile Gloss Paint - Black - 750ml,£20,media.wickes.co.uk/is/image/wickes/O0814_214292_00?$normal$,https://www.wickes.co.uk/Wickes-Brick+Tile-Gloss-Paint---Black---750ml/p/214292,wickes
Wickes Non Drip Gloss Wood & Metal Paint - Black - 750ml,£16,media.wickes.co.uk/is/image/wickes/GPID_1000717856_00?$normal$,https://www.wickes.co.uk/Wickes-Non-Drip-Gloss-Wood+Metal-Paint---Black---750ml/p/122144,wickes
Ronseal Diamond Hard Floor Paint - Satin Black 2.5L,£35,media.wickes.co.uk/is/image/wickes/GPID_1100077012_00?$normal$,https://www.wickes.co.uk/Ronseal-Diamond-Hard-Floor-Paint---Satin-Black-2-5L/p/153833,wickes
Hammerite Metal Satin Paint - Black - 750ml,£20,media.wickes.co.uk/is/image/wickes/I9026_117724_00?$normal$,https://www.wickes.co.uk/Hammerite-Metal-Satin-Paint---Black---750ml/p/117724,wickes
Sandtex 10 Year Exterior Gloss Paint - Black - 2.5L,£37,media.wickes.co.uk/is/image/wickes/A0444_137446_00?$normal$,https://www.wickes.co.uk/Sandtex-10-Year-Exterior-Gloss-Paint---Black---2-5L/p/137446,wickes
Ikopro Bitumen Paint - Black 5L,£32,media.wickes.co.uk/is/image/wickes/GPID_1100044001_00?$normal$,https://www.wickes.co.uk/Ikopro-Bitumen-Paint---Black-5L/p/151456,wickes
Ikopro Bitumen Paint - Black 2.5L,£24,media.wickes.co.uk/is/image/wickes/GPID_1100044000_00?$normal$,https://www.wickes.co.uk/Ikopro-Bitumen-Paint---Black-2-5L/p/151455,wickes
Wickes Blackboard Matt Paint - Matt Black - 750ml,£18,media.wickes.co.uk/is/image/wickes/O0814_214291_00?$normal$,https://www.wickes.co.uk/Wickes-Blackboard-Matt-Paint---Matt-Black---750ml/p/214291,wickes
Ronseal Diamond Hard Garage Floor Paint - Satin Black 2.5L,£35,media.wickes.co.uk/is/image/wickes/GPID_1100077015_00?$normal$,https://www.wickes.co.uk/Ronseal-Diamond-Hard-Garage-Floor-Paint---Satin-Black-2-5L/p/153836,wickes
Wickes Metal & Concrete Bitumen Paint - Black 5L,£33,media.wickes.co.uk/is/image/wickes/I0757_151462_00?$normal$,https://www.wickes.co.uk/Wickes-Metal+Concrete-Bitumen-Paint---Black-5L/p/151462,wickes
Wickes Metal & Concrete Bitumen Paint - Black 2.5L,£23,media.wickes.co.uk/is/image/wickes/I0757_151461_00?$normal$,https://www.wickes.co.uk/Wickes-Metal+Concrete-Bitumen-Paint---Black-2-5L/p/151461,wickes
Wickes Smooth Finish Metal Paint - Satin Black - 750ml,£15,media.wickes.co.uk/is/image/wickes/O0814_214321_00?$normal$,https://www.wickes.co.uk/Wickes-Smooth-Finish-Metal-Paint---Satin-Black---750ml/p/214321,wickes
Wickes Masonry Smooth Black 5L,£25,media.wickes.co.uk/is/image/wickes/O0814_214125_00?$normal$,https://www.wickes.co.uk/Wickes-Masonry-Smooth-Black-5L/p/214125,wickes
Wickes Masonry Textured Black 5L,£25,media.wickes.co.uk/is/image/wickes/O0814_214107_00?$normal$,https://www.wickes.co.uk/Wickes-Masonry-Textured-Black-5L/p/214107,wickes
Wickes Exterior Gloss Black 750ml,£18,media.wickes.co.uk/is/image/wickes/O0814_214150_00?$normal$,https://www.wickes.co.uk/Wickes-Exterior-Gloss-Black-750ml/p/214150,wickes
Plastikote Chalkboard Twist & Spray Paint - Black 400ml,£13,media.wickes.co.uk/is/image/wickes/GPID_1000734571_00?$normal$,https://www.wickes.co.uk/Plastikote-Chalkboard-Twist+Spray-Paint---Black-400ml/p/141649,wickes
Dulux Weathershield Exterior Multi Surface Quick Dry Satin Paint - Black - 750ml,£31,media.wickes.co.uk/is/image/wickes/GPID_1100026336_00?$normal$,https://www.wickes.co.uk/Dulux-Weathershield-Exterior-Multi-Surface-Quick-Dry-Satin-Paint---Black---750ml/p/149421,wickes
Hammerite Metal Aerosol Hammered Paint - Black - 400ml,£16,media.wickes.co.uk/is/image/wickes/GPID_1000728104_00?$normal$,https://www.wickes.co.uk/Hammerite-Metal-Aerosol-Hammered-Paint---Black---400ml/p/135542,wickes
Wickes Quick Dry Gloss Wood & Metal Paint - Black - 750ml,£16,media.wickes.co.uk/is/image/wickes/GPID_1000717878_00?$normal$,https://www.wickes.co.uk/Wickes-Quick-Dry-Gloss-Wood+Metal-Paint---Black---750ml/p/122162,wickes
Wickes Vinyl Matt Emulsion Paint - Dark Flint No.245 - 2.5L,£10,media.wickes.co.uk/is/image/wickes/O0814_122199_00?$normal$,https://www.wickes.co.uk/Wickes-Vinyl-Matt-Emulsion-Paint---Dark-Flint-No-245---2-5L/p/122199,wickes
Saxby Joshua Textured Black Paint with Clear & Frosted Polycarbonate Wall Light,£42,media.wickes.co.uk/is/image/wickes/GPID_1100677695_00?$normal$,https://www.wickes.co.uk/Saxby-Joshua-Textured-Black-Paint-with-Clear+Frosted-Polycarbonate-Wall-Light/p/233032,wickes
Saxby Joshua Textured Black Paint with Clear & Frosted Polycarbonate Post Light,£58,media.wickes.co.uk/is/image/wickes/GPID_1100677696_00?$normal$,https://www.wickes.co.uk/Saxby-Joshua-Textured-Black-Paint-with-Clear+Frosted-Polycarbonate-Post-Light/p/233033,wickes
Sandtex Rapid Dry Plus High Gloss Paint - Black - 750ml,£25,media.wickes.co.uk/is/image/wickes/GPID_1100571415_00?$normal$,https://www.wickes.co.uk/Sandtex-Rapid-Dry-Plus-High-Gloss-Paint---Black---750ml/p/199655,wickes
Sandtex One Coat Exterior Gloss Paint - Black - 750ml,£25,media.wickes.co.uk/is/image/wickes/A0444_137495_00?$normal$,https://www.wickes.co.uk/Sandtex-One-Coat-Exterior-Gloss-Paint---Black---750ml/p/137495,wickes
Dulux Weathershield Multi-Surface Paint - Black - 2.5L,£50,media.wickes.co.uk/is/image/wickes/GPID_5000093379_00?$normal$,https://www.wickes.co.uk/Dulux-Weathershield-Multi-Surface-Paint---Black---2-5L/p/284569,wickes
Dulux Weathershield All Weather Purpose Smooth Paint - Black - 2.5L,£26,media.wickes.co.uk/is/image/wickes/GPID_5000086519_00?$normal$,https://www.wickes.co.uk/Dulux-Weathershield-All-Weather-Purpose-Smooth-Paint---Black---2-5L/p/278461,wickes
Dulux Weathershield Quick Dry Satin Paint - Black - 750ml,£28,media.wickes.co.uk/is/image/wickes/GPID_1100330707_00?$normal$,https://www.wickes.co.uk/Dulux-Weathershield-Quick-Dry-Satin-Paint---Black---750ml/p/173314,wickes
Wickes Exterior Satin Paint - Black - 2.5L,£30,media.wickes.co.uk/is/image/wickes/GPID_5000088176_00?$normal$,https://www.wickes.co.uk/Wickes-Exterior-Satin-Paint---Black---2-5L/p/279042,wickes
Hammerite Metal Aerosol Satin Paint - Black - 400ml,£16,media.wickes.co.uk/is/image/wickes/GPID_1000728105_00?$normal$,https://www.wickes.co.uk/Hammerite-Metal-Aerosol-Satin-Paint---Black---400ml/p/135547,wickes
Hammerite Garage Door Paint - Black - 750ml,£20,media.wickes.co.uk/is/image/wickes/GPID_1000728111_00?$normal$,https://www.wickes.co.uk/Hammerite-Garage-Door-Paint---Black---750ml/p/135553,wickes
Cuprinol 5 Year Ducksback Matt Shed & Fence Treatment - Black - 9L,£22,media.wickes.co.uk/is/image/wickes/GPID_1100330431_00?$normal$,https://www.wickes.co.uk/Cuprinol-5-Year-Ducksback-Matt-Shed+Fence-Treatment---Black---9L/p/173681,wickes
Plastikote Multi-surface Spray Paint - Satin Black 400ml,£13,media.wickes.co.uk/is/image/wickes/GPID_1000728437_00?$normal$,https://www.wickes.co.uk/Plastikote-Multi-surface-Spray-Paint---Satin-Black-400ml/p/134150,wickes
Wickes Garden Colour Matt Wood Treatment - Blackbird 2.5L,£19,media.wickes.co.uk/is/image/wickes/P4965_170780_00?$normal$,https://www.wickes.co.uk/Wickes-Garden-Colour-Matt-Wood-Treatment---Blackbird-2-5L/p/170780,wickes
Crown Quick Dry Satin Paint - Jet Black - 750ml,£15,media.wickes.co.uk/is/image/wickes/GPID_5000115598_00?$normal$,https://www.wickes.co.uk/Crown-Quick-Dry-Satin-Paint---Jet-Black---750ml/p/289247,wickes
Crown Quick Dry Gloss Paint - Jet Black - 750ml,£15,media.wickes.co.uk/is/image/wickes/GPID_5000115597_00?$normal$,https://www.wickes.co.uk/Crown-Quick-Dry-Gloss-Paint---Jet-Black---750ml/p/289246,wickes
Cuprinol Garden Shades Matt Wood Treatment - Black Ash 2.5L,£22,media.wickes.co.uk/is/image/wickes/I9026_147086_00?$normal$,https://www.wickes.co.uk/Cuprinol-Garden-Shades-Matt-Wood-Treatment---Black-Ash-2-5L/p/147086,wickes
Cuprinol Garden Shades Matt Wood Treatment - Black Ash 5L,£36,media.wickes.co.uk/is/image/wickes/I9026_147091_00?$normal$,https://www.wickes.co.uk/Cuprinol-Garden-Shades-Matt-Wood-Treatment---Black-Ash-5L/p/147091,wickes
Dulux Easycare Washable & Tough Paint - Rich Black Tester Pot - 30ml,£2.45,media.wickes.co.uk/is/image/wickes/GPID_1100362026_00?$normal$,https://www.wickes.co.uk/Dulux-Easycare-Washable+Tough-Paint---Rich-Black-Tester-Pot---30ml/p/177643,wickes
Plastikote Bbq Twist & Spray Paint - Black 400ml,£13,media.wickes.co.uk/is/image/wickes/GPID_1000728471_00?$normal$,https://www.wickes.co.uk/Plastikote-Bbq-Twist+Spray-Paint---Black-400ml/p/134225,wickes
Plastikote Metal Protekt - Matt Black 400ml,£13,media.wickes.co.uk/is/image/wickes/GPID_1000758742_00?$normal$,https://www.wickes.co.uk/Plastikote-Metal-Protekt---Matt-Black-400ml/p/143592,wickes
Plastikote Fast Dry Brush On Enamel - Flat Black 59ml,£10,media.wickes.co.uk/is/image/wickes/GPID_1000728426_00?$normal$,https://www.wickes.co.uk/Plastikote-Fast-Dry-Brush-On-Enamel---Flat-Black-59ml/p/134125,wickes
Plastikote Woodstove Twist & Spray Paint - Black 400ml,£13,media.wickes.co.uk/is/image/wickes/GPID_1000728472_00?$normal$,https://www.wickes.co.uk/Plastikote-Woodstove-Twist+Spray-Paint---Black-400ml/p/134226,wickes
Wickes Trade Stain Block - 1L,£22,media.wickes.co.uk/is/image/wickes/O0814_121755_00?$normal$,https://www.wickes.co.uk/Wickes-Trade-Stain-Block---1L/p/121755,wickes
Plastikote Metal Protekt - Gloss Black 400ml,£13,media.wickes.co.uk/is/image/wickes/GPID_1000758744_00?$normal$,https://www.wickes.co.uk/Plastikote-Metal-Protekt---Gloss-Black-400ml/p/143591,wickes
Plastikote Super Spray Paint - Matt Black 400ml 445684,£10,media.wickes.co.uk/is/image/wickes/GPID_1000252191_00?$normal$,https://www.wickes.co.uk/Plastikote-Super-Spray-Paint---Matt-Black-400ml-445684/p/176434,wickes
Sandtex 10 Year Exterior Gloss Paint - Charcoal Black - 750ml,£25,media.wickes.co.uk/is/image/wickes/A0444_137496_00?$normal$,https://www.wickes.co.uk/Sandtex-10-Year-Exterior-Gloss-Paint---Charcoal-Black---750ml/p/137496,wickes
Plastikote Multi-surface Spray Paint - Matt Black 400ml,£13,media.wickes.co.uk/is/image/wickes/GPID_1000728438_00?$normal$,https://www.wickes.co.uk/Plastikote-Multi-surface-Spray-Paint---Matt-Black-400ml/p/134151,wickes
Plastikote Super Spray Paint Gloss Black 400ml 445692,£10,media.wickes.co.uk/is/image/wickes/GPID_1000252180_00?$normal$,https://www.wickes.co.uk/Plastikote-Super-Spray-Paint-Gloss-Black-400ml-445692/p/176435,wickes
Cuprinol Garden Shades Black Ash - Matt Wood Treatment Tester 125ml,£4,media.wickes.co.uk/is/image/wickes/GPID_1100636060_00?$normal$,https://www.wickes.co.uk/Cuprinol-Garden-Shades-Black-Ash---Matt-Wood-Treatment-Tester-125ml/p/221631,wickes
Dulux Emulsion Paint - Rich Black Tester Pot - 30ml,£2.45,media.wickes.co.uk/is/image/wickes/GPID_1100357941_00?$normal$,https://www.wickes.co.uk/Dulux-Emulsion-Paint---Rich-Black-Tester-Pot---30ml/p/177442,wickes
Wickes Decking Stain Black Coal 2.5L,£19,media.wickes.co.uk/is/image/wickes/GPID_1100631313_00?$normal$,https://www.wickes.co.uk/Wickes-Decking-Stain-Black-Coal-2-5L/p/213621,wickes
Cuprinol Anti-Slip Decking Stain - Black Ash 2.5L,£30,media.wickes.co.uk/is/image/wickes/I0960_135053_00?$normal$,https://www.wickes.co.uk/Cuprinol-Anti-Slip-Decking-Stain---Black-Ash-2-5L/p/135053,wickes
Sandtex Ultra Smooth Masonry Paint - Slate Grey - 150ml,£3,media.wickes.co.uk/is/image/wickes/GPID_5000090196_00?$normal$,https://www.wickes.co.uk/Sandtex-Ultra-Smooth-Masonry-Paint---Slate-Grey---150ml/p/282402,wickes
Sandtex Ultra Smooth Masonry Paint - Mid Stone - 5L,£32,media.wickes.co.uk/is/image/wickes/A0444_137471_00?$normal$,https://www.wickes.co.uk/Sandtex-Ultra-Smooth-Masonry-Paint---Mid-Stone---5L/p/137471,wickes
Sandtex Ultra Smooth Masonry Paint - Mid Stone - 150ml,£3,media.wickes.co.uk/is/image/wickes/A0444_137414_00?$normal$,https://www.wickes.co.uk/Sandtex-Ultra-Smooth-Masonry-Paint---Mid-Stone---150ml/p/137414,wickes
Plastikote Fast Dry Brush On Enamel - Gloss Black 59ml,£10,media.wickes.co.uk/is/image/wickes/GPID_1000728432_00?$normal$,https://www.wickes.co.uk/Plastikote-Fast-Dry-Brush-On-Enamel---Gloss-Black-59ml/p/134144,wickes
Plastikote Multi-surface Spray Paint - Gloss Black 400ml,£13,media.wickes.co.uk/is/image/wickes/GPID_1000728436_00?$normal$,https://www.wickes.co.uk/Plastikote-Multi-surface-Spray-Paint---Gloss-Black-400ml/p/134149,wickes
Wickes Vinyl Matt Emulsion Paint Tester Pot - Dark Flint No.245 - 50ml,£2.25,media.wickes.co.uk/is/image/wickes/GPID_1100519656_00?$normal$,https://www.wickes.co.uk/Wickes-Vinyl-Matt-Emulsion-Paint-Tester-Pot---Dark-Flint-No-245---50ml/p/184646,wickes
Sandtex Ultra Smooth Masonry Paint - Slate Grey - 5L,£32,media.wickes.co.uk/is/image/wickes/GPID_5000090195_00?$normal$,https://www.wickes.co.uk/Sandtex-Ultra-Smooth-Masonry-Paint---Slate-Grey---5L/p/282401,wickes
Crown Stain Block Primer - White - 750ml,£15,media.wickes.co.uk/is/image/wickes/GPID_5000115595_00?$normal$,https://www.wickes.co.uk/Crown-Stain-Block-Primer---White---750ml/p/289244,wickes
Cuprinol 5 Year Ducksback Matt Shed & Fence Treatment - Black 5L,£15,media.wickes.co.uk/is/image/wickes/GPID_1100089001_00?$normal$,https://www.wickes.co.uk/Cuprinol-5-Year-Ducksback-Matt-Shed+Fence-Treatment---Black-5L/p/156459,wickes
IKOpro Quick Dry Bitumen Primer - 2.5L,£31,media.wickes.co.uk/is/image/wickes/I0757_164069_00?$normal$,https://www.wickes.co.uk/IKOpro-Quick-Dry-Bitumen-Primer---2-5L/p/164069,wickes
Isoflex Professional Special Roofing Primer - 750ml,£24,media.wickes.co.uk/is/image/wickes/R9608_137240_00?$normal$,https://www.wickes.co.uk/Isoflex-Professional-Special-Roofing-Primer---750ml/p/137240,wickes
Cuprinol Garden Shades Matt Wood Treatment - Iris 1L,£15,media.wickes.co.uk/is/image/wickes/GPID_1100330444_00?$normal$,https://www.wickes.co.uk/Cuprinol-Garden-Shades-Matt-Wood-Treatment---Iris-1L/p/173241,wickes
IKOpro Self-Adhesive Roofing Bitumen Primer 5L,£55,media.wickes.co.uk/is/image/wickes/I0757_164039_00?$normal$,https://www.wickes.co.uk/IKOpro-Self-Adhesive-Roofing-Bitumen-Primer-5L/p/164039,wickes
Rustins Outdoor Wood Stain - Ebony - 2.5L,£43,media.wickes.co.uk/is/image/wickes/GPID_5000072859_00?$normal$,https://www.wickes.co.uk/Rustins-Outdoor-Wood-Stain---Ebony---2-5L/p/275108,wickes
Ronseal 10 Year Woodstain - Black Ebony 750ml,£23,media.wickes.co.uk/is/image/wickes/GPID_1100364280_00?$normal$,https://www.wickes.co.uk/Ronseal-10-Year-Woodstain---Black-Ebony-750ml/p/177964,wickes
IKOpro Self-Adhesive Roofing Bitumen Primer - 2.5L,£40,media.wickes.co.uk/is/image/wickes/I0757_240224_00?$normal$,https://www.wickes.co.uk/IKOpro-Self-Adhesive-Roofing-Bitumen-Primer---2-5L/p/240224,wickes
Gorilla Black Waterproof Coat & Seal - 946ml,£32,media.wickes.co.uk/is/image/wickes/GPID_5000048983_00?$normal$,https://www.wickes.co.uk/Gorilla-Black-Waterproof-Coat+Seal---946ml/p/263583,wickes
Ronseal 10 Year Woodstain - Black Ebony 2.5L,£38,media.wickes.co.uk/is/image/wickes/GPID_1100364284_00?$normal$,https://www.wickes.co.uk/Ronseal-10-Year-Woodstain---Black-Ebony-2-5L/p/177968,wickes
Plastikote Industrial High Heat Aerosol Spray - Black 400ml,£13,media.wickes.co.uk/is/image/wickes/GPID_1000728477_00?$normal$,https://www.wickes.co.uk/Plastikote-Industrial-High-Heat-Aerosol-Spray---Black-400ml/p/134700,wickes
IKOpro Bitumen Paint - Black 22.5L,£115,media.wickes.co.uk/is/image/wickes/GPID_5000089572_00?$normal$,https://www.wickes.co.uk/IKOpro-Bitumen-Paint---Black-22-5L/p/282332,wickes
Ronseal Knot Block Primer and Undercoat 750ml,£20,media.wickes.co.uk/is/image/wickes/GPID_1100335151_00?$normal$,https://www.wickes.co.uk/Ronseal-Knot-Block-Primer-and-Undercoat-750ml/p/174176,wickes
Bondex Premium Opaque Wood Stain - Night Black - 2.5L,£23,media.wickes.co.uk/is/image/wickes/GPID_5000031302_00?$normal$,https://www.wickes.co.uk/Bondex-Premium-Opaque-Wood-Stain---Night-Black---2-5L/p/254904,wickes
Saxby Naples Textured Black Paint & Clear Glass Lantern Light,£19,media.wickes.co.uk/is/image/wickes/GPID_1100677700_00?$normal$,https://www.wickes.co.uk/Saxby-Naples-Textured-Black-Paint+Clear-Glass-Lantern-Light/p/233037,wickes
Saxby Volta Adjustable 2 Light Matt Black Paint & Clear Glass Wall Light,£34,media.wickes.co.uk/is/image/wickes/GPID_1100677705_01?$normal$,https://www.wickes.co.uk/Saxby-Volta-Adjustable-2-Light-Matt-Black-Paint+Clear-Glass-Wall-Light/p/233031,wickes
Saxby Loki Matt Black Paint & Clear Glass Wall Light,£37,media.wickes.co.uk/is/image/wickes/GPID_1100677693_00?$normal$,https://www.wickes.co.uk/Saxby-Loki-Matt-Black-Paint+Clear-Glass-Wall-Light/p/233030,wickes
Saxby Gecko Textured Black Paint & Frosted Glass Brick Light,£12,media.wickes.co.uk/is/image/wickes/GPID_1100677698_00?$normal$,https://www.wickes.co.uk/Saxby-Gecko-Textured-Black-Paint+Frosted-Glass-Brick-Light/p/233035,wickes
Saxby Atom 310mm Matt Black Paint & Clear Glass Spike Light,£19,media.wickes.co.uk/is/image/wickes/GPID_1100677703_00?$normal$,https://www.wickes.co.uk/Saxby-Atom-310mm-Matt-Black-Paint+Clear-Glass-Spike-Light/p/233040,wickes
Wickes Cloth Black Duct Tape - 48mm x 50m,£5,media.wickes.co.uk/is/image/wickes/GPID_5000003206_00?$normal$,https://www.wickes.co.uk/Wickes-Cloth-Black-Duct-Tape---48mm-x-50m/p/236701,wickes
Rustins Quick Dry Woodstain - Ebony - 1L,£18,media.wickes.co.uk/is/image/wickes/GPID_5000031254_00?$normal$,https://www.wickes.co.uk/Rustins-Quick-Dry-Woodstain---Ebony---1L/p/254881,wickes
Sadolin Classic Woodstain - Ebony - 1L,£24,media.wickes.co.uk/is/image/wickes/A0444_850707_00?$normal$,https://www.wickes.co.uk/Sadolin-Classic-Woodstain---Ebony---1L/p/180754,wickes
Sadolin Classic Woodstain - Ebony - 2.5L,£39,media.wickes.co.uk/is/image/wickes/A0444_850708_00?$normal$,https://www.wickes.co.uk/Sadolin-Classic-Woodstain---Ebony---2-5L/p/180755,wickes
Gorilla Black Waterproof Coat & Seal - 473ml,£18.50,media.wickes.co.uk/is/image/wickes/GPID_5000048981_00?$normal$,https://www.wickes.co.uk/Gorilla-Black-Waterproof-Coat+Seal---473ml/p/263581,wickes
Wickes Flexible Roof & Gutter Sealant Black 300ml,£3,media.wickes.co.uk/is/image/wickes/GPID_1100629321_00?$normal$,https://www.wickes.co.uk/Wickes-Flexible-Roof+Gutter-Sealant-Black-300ml/p/215367,wickes
Wickes All Purpose Silicone Sealant Black 300ml,£5.60,media.wickes.co.uk/is/image/wickes/GPID_1100629314_00?$normal$,https://www.wickes.co.uk/Wickes-All-Purpose-Silicone-Sealant-Black-300ml/p/215360,wickes
Wickes Kitchen & Bathroom Silicone Sealant - Black - 300ml,£7.90,media.wickes.co.uk/is/image/wickes/GPID_1100629308_00?$normal$,https://www.wickes.co.uk/Wickes-Kitchen+Bathroom-Silicone-Sealant---Black---300ml/p/215350,wickes
Ct1 Sealant & Construction Adhesive - Black - 290ml,£13.60,media.wickes.co.uk/is/image/wickes/GPID_1000335791_00?$normal$,https://www.wickes.co.uk/Ct1-Sealant+Construction-Adhesive---Black---290ml/p/234651,wickes
OB1 Multi-Surface 290ml Sealant & Adhesive - Black,£8,media.wickes.co.uk/is/image/wickes/GPID_1100687920_00?$normal$,https://www.wickes.co.uk/OB1-Multi-Surface-290ml-Sealant+Adhesive---Black/p/237006,wickes
Duck Tape Original Black 50mm x 25m,£5.85,media.wickes.co.uk/is/image/wickes/S8740_106262_00?$normal$,https://www.wickes.co.uk/Duck-Tape-Original-Black-50mm-x-25m/p/106262,wickes
Deta Black PVC Electrical Insulation Tape - 20m x 19mm,£1,media.wickes.co.uk/is/image/wickes/S6633_710074_00?$normal$,https://www.wickes.co.uk/Deta-Black-PVC-Electrical-Insulation-Tape---20m-x-19mm/p/710074,wickes
Duck Tape Ultimate Black,£9.20,media.wickes.co.uk/is/image/wickes/S8740_143542_00?$normal$,https://www.wickes.co.uk/Duck-Tape-Ultimate-Black/p/143542,wickes
Evo-Stik Trade Only Roof & Gutter Sealant - Black 310ml,£5.70,media.wickes.co.uk/is/image/wickes/E6912_151164_00?$normal$,https://www.wickes.co.uk/Evo-Stik-Trade-Only-Roof+Gutter-Sealant---Black-310ml/p/151164,wickes
Wickes Hybrid Sealant - Black - 290ml,£7,media.wickes.co.uk/is/image/wickes/GPID_5000030120_00?$normal$,https://www.wickes.co.uk/Wickes-Hybrid-Sealant---Black---290ml/p/253840,wickes
Plastikote Fast Dry Enamel Aerosol Spray - Flat Black 100ml,£8,media.wickes.co.uk/is/image/wickes/GPID_1000728417_00?$normal$,https://www.wickes.co.uk/Plastikote-Fast-Dry-Enamel-Aerosol-Spray---Flat-Black-100ml/p/134105,wickes
Mini Black Paint Scuttle - 5L,£3.50,media.wickes.co.uk/is/image/wickes/GPID_1000378027_00?$normal$,https://www.wickes.co.uk/Mini-Black-Paint-Scuttle---5L/p/236789,wickes
Haemmerlin Black Puncture Free Spare Wheel 1487 (New Model),£26,media.wickes.co.uk/is/image/wickes/GPID_5000041556_00?$normal$,https://www.wickes.co.uk/Haemmerlin-Black-Puncture-Free-Spare-Wheel-1487-New-Model/p/257349,wickes
Barrettine Wood Preserver - Black - 5L,£45,media.wickes.co.uk/is/image/wickes/GPID_5000072933_00?$normal$,https://www.wickes.co.uk/Barrettine-Wood-Preserver---Black---5L/p/275132,wickes
Cuprinol One Coat Sprayable Fence Treatment - Black - 5L,£35,media.wickes.co.uk/is/image/wickes/GPID_5000072896_00?$normal$,https://www.wickes.co.uk/Cuprinol-One-Coat-Sprayable-Fence-Treatment---Black---5L/p/275147,wickes
Gorilla Waterproof Patch & Seal Black -3m,£15,media.wickes.co.uk/is/image/wickes/GPID_1100546477_00?$normal$,https://www.wickes.co.uk/Gorilla-Waterproof-Patch+Seal-Black--3m/p/236660,wickes
Gorilla All Purpose Tape 32M Black,£12.50,media.wickes.co.uk/is/image/wickes/G2974_121089_00?$normal$,https://www.wickes.co.uk/Gorilla-All-Purpose-Tape-32M-Black/p/121089,wickes
Gorilla All Purpose Tape 11M Black,£7.50,media.wickes.co.uk/is/image/wickes/G2974_121088_00?$normal$,https://www.wickes.co.uk/Gorilla-All-Purpose-Tape-11M-Black/p/121088,wickes
Saxby Mossi Textured Paint Outdoor Solar Spike Light - Black,£19.50,media.wickes.co.uk/is/image/wickes/GPID_1100677662_00?$normal$,https://www.wickes.co.uk/Saxby-Mossi-Textured-Paint-Outdoor-Solar-Spike-Light---Black/p/233020,wickes
Deta Red White & Black PVC Electrical Insulation Tape - 20m x 19mm - Pack of 3,£2.75,media.wickes.co.uk/is/image/wickes/S6633_710168_00?$normal$,https://www.wickes.co.uk/Deta-Red-White+Black-PVC-Electrical-Insulation-Tape---20m-x-19mm---Pack-of-3/p/710168,wickes
Duck Tape Original Black 50mm x 25m Twin Pack,£15,media.wickes.co.uk/is/image/wickes/S8740_143538_00?$normal$,https://www.wickes.co.uk/Duck-Tape-Original-Black-50mm-x-25m-Twin-Pack/p/143538,wickes
Ronseal One Coat Fence Life Matt Shed & Fence Treatment - Tudor Black Oak 5L,£12,media.wickes.co.uk/is/image/wickes/GPID_1100077024_00?$normal$,https://www.wickes.co.uk/Ronseal-One-Coat-Fence-Life-Matt-Shed+Fence-Treatment---Tudor-Black-Oak-5L/p/155191,wickes
Barrettine Wood Protective Treatment - Black - 5L,£35,media.wickes.co.uk/is/image/wickes/GPID_5000072934_00?$normal$,https://www.wickes.co.uk/Barrettine-Wood-Protective-Treatment---Black---5L/p/275133,wickes
Ronseal One Coat Stain Block White 2.5L,£30,media.wickes.co.uk/is/image/wickes/GPID_1100335204_00?$normal$,https://www.wickes.co.uk/Ronseal-One-Coat-Stain-Block-White-2-5L/p/174230,wickes
Black & Decker HVLP200-GB Paint Sprayer 400W,£65,media.wickes.co.uk/is/image/wickes/GPID_1100682759_00?$normal$,https://www.wickes.co.uk/Black+Decker-HVLP200-GB-Paint-Sprayer-400W/p/233867,wickes
Chillington Camden Classic Black Puncture Free Wheelbarrow - 85L,£42,media.wickes.co.uk/is/image/wickes/GPID_5000041553_00?$normal$,https://www.wickes.co.uk/Chillington-Camden-Classic-Black-Puncture-Free-Wheelbarrow---85L/p/257346,wickes
Duarti By Calypso Fina D-Handle Black - 135mm,£17,media.wickes.co.uk/is/image/wickes/GPID_5000063010_00?$normal$,https://www.wickes.co.uk/Duarti-By-Calypso-Fina-D-Handle-Black---135mm/p/261221,wickes
Gorilla All Purpose Handy Roll,£4.30,media.wickes.co.uk/is/image/wickes/G2974_121092_00?$normal$,https://www.wickes.co.uk/Gorilla-All-Purpose-Handy-Roll/p/121092,wickes
Duarti By Calypso Elma Knob Handle Black - 30mm,£17,media.wickes.co.uk/is/image/wickes/GPID_5000063011_00?$normal$,https://www.wickes.co.uk/Duarti-By-Calypso-Elma-Knob-Handle-Black---30mm/p/261222,wickes
Ronseal One Coat Stain Block White 750ml,£18,media.wickes.co.uk/is/image/wickes/GPID_1100335205_00?$normal$,https://www.wickes.co.uk/Ronseal-One-Coat-Stain-Block-White-750ml/p/174231,wickes
Dulux Non Drip Gloss Black 2.5L,£30,media.wickes.co.uk/is/image/wickes/GPID_1100330566_00?$normal$,https://www.wickes.co.uk/Dulux-Non-Drip-Gloss-Black-2-5L/p/173281,wickes
Bulldozer 14in Heavy Duty Broom with Cushion Grip Handle,£12,media.wickes.co.uk/is/image/wickes/GPID_5000009517_00?$normal$,https://www.wickes.co.uk/Bulldozer-14in-Heavy-Duty-Broom-with-Cushion-Grip-Handle/p/249690,wickes
Gorilla All Weather Extreme Tape,£9,media.wickes.co.uk/is/image/wickes/GPID_5000002206_00?$normal$,https://www.wickes.co.uk/Gorilla-All-Weather-Extreme-Tape/p/236661,wickes
Heavy Duty Dustbin Liner - Pack of 20,£4.50,media.wickes.co.uk/is/image/wickes/GPID_5000009558_00?$normal$,https://www.wickes.co.uk/Heavy-Duty-Dustbin-Liner---Pack-of-20/p/249640,wickes
Bulldozer Large Iron Scrub,£4,media.wickes.co.uk/is/image/wickes/GPID_5000009526_00?$normal$,https://www.wickes.co.uk/Bulldozer-Large-Iron-Scrub/p/249699,wickes
Large Capacity Garden Refuse Sacks - Pack Of 20,£3.50,media.wickes.co.uk/is/image/wickes/S4947_189519_00?$normal$,https://www.wickes.co.uk/Large-Capacity-Garden-Refuse-Sacks---Pack-Of-20/p/189519,wickes
Gorilla Tough & Wide Tape - 27m,£13.60,media.wickes.co.uk/is/image/wickes/GPID_1000029207_00?$normal$,https://www.wickes.co.uk/Gorilla-Tough+Wide-Tape---27m/p/265961,wickes
Bulldozer Strip Mop with Handle,£4.80,media.wickes.co.uk/is/image/wickes/GPID_5000009515_00?$normal$,https://www.wickes.co.uk/Bulldozer-Strip-Mop-with-Handle/p/249688,wickes
Karcher Car Wash Cleaning Brush,£10,media.wickes.co.uk/is/image/wickes/K0074_145664_00?$normal$,https://www.wickes.co.uk/Karcher-Car-Wash-Cleaning-Brush/p/145664,wickes
Ndc Heavy Duty DUST-BIN Liner Roll of 50,£10.50,media.wickes.co.uk/is/image/wickes/S4947_144006_00?$normal$,https://www.wickes.co.uk/Ndc-Heavy-Duty-DUST-BIN-Liner-Roll-of-50/p/144006,wickes
Wickes Shed & Fence Timbercare Arabian Nights 9L,£14,media.wickes.co.uk/is/image/wickes/GPID_1100631306_00?$normal$,https://www.wickes.co.uk/Wickes-Shed+Fence-Timbercare-Arabian-Nights-9L/p/213614,wickes
Plastikote Fast Dry Enamel Aerosol Spray - Gloss Black 100ml,£8,media.wickes.co.uk/is/image/wickes/GPID_1000728416_00?$normal$,https://www.wickes.co.uk/Plastikote-Fast-Dry-Enamel-Aerosol-Spray---Gloss-Black-100ml/p/134103,wickes
Multi-Purpose Block Brush - 5.5in,£4.50,media.wickes.co.uk/is/image/wickes/T3274_600810_00?$normal$,https://www.wickes.co.uk/Multi-Purpose-Block-Brush---5-5in/p/600810,wickes
Harris Trade Fence Block Brush - 5.5in,£6,media.wickes.co.uk/is/image/wickes/GPID_5000009343_00?$normal$,https://www.wickes.co.uk/Harris-Trade-Fence-Block-Brush---5-5in/p/249639,wickes
Harris Essentials Block Brush - 4in,£6,media.wickes.co.uk/is/image/wickes/GPID_5000105455_00?$normal$,https://www.wickes.co.uk/Harris-Essentials-Block-Brush---4in/p/287736,wickes
Bond-It Super-Mate Universal Siliconised Acrylic Sealant - 300ml,£4,media.wickes.co.uk/is/image/wickes/GPID_5000034674_00?$normal$,https://www.wickes.co.uk/Bond-It-Super-Mate-Universal-Siliconised-Acrylic-Sealant---300ml/p/257294,wickes
Wooden Sanding Block,£2.75,media.wickes.co.uk/is/image/wickes/T3274_600535_00?$normal$,https://www.wickes.co.uk/Wooden-Sanding-Block/p/600535,wickes
Wickes Sanding Block Paper Assorted Sheets - Pack of 12,£4.75,media.wickes.co.uk/is/image/wickes/H0359_600768_00?$normal$,https://www.wickes.co.uk/Wickes-Sanding-Block-Paper-Assorted-Sheets---Pack-of-12/p/600768,wickes
Wickes Rubber Sanding Block,£4.25,media.wickes.co.uk/is/image/wickes/S2764_155059_00?$normal$,https://www.wickes.co.uk/Wickes-Rubber-Sanding-Block/p/155059,wickes
Deadfast Mouse & Rat Killer Plus - 15 Blocks,£9,media.wickes.co.uk/is/image/wickes/GPID_1100518375_00?$normal$,https://www.wickes.co.uk/Deadfast-Mouse+Rat-Killer-Plus---15-Blocks/p/100414,wickes
Deadfast Rat Bait Station Blocks,£16,media.wickes.co.uk/is/image/wickes/GPID_1100748083_00?$normal$,https://www.wickes.co.uk/Deadfast-Rat-Bait-Station-Blocks/p/236288,wickes
Einhell TC-HP90 Electric Pressure Washer,£60,media.wickes.co.uk/is/image/wickes/GPID_5000010912_00?$normal$,https://www.wickes.co.uk/Einhell-TC-HP90-Electric-Pressure-Washer/p/251633,wickes
Karcher FJ6 Foam Nozzle Accessory,£18,media.wickes.co.uk/is/image/wickes/K0074_26431470_00?$normal$,https://www.wickes.co.uk/Karcher-FJ6-Foam-Nozzle-Accessory/p/133643,wickes
Karcher T5 T-Racer Patio Cleaner,£79,media.wickes.co.uk/is/image/wickes/GPID_1100682886_00?$normal$,https://www.wickes.co.uk/Karcher-T5-T-Racer-Patio-Cleaner/p/233886,wickes
Einhell Power X-Change PICOBELLA 3424200 18V Cordless Patio Cleaner - Bare,£118,media.wickes.co.uk/is/image/wickes/GPID_5000003246_00?$normal$,https://www.wickes.co.uk/Einhell-Power-X-Change-PICOBELLA-3424200-18V-Cordless-Patio-Cleaner---Bare/p/236766,wickes
Window Cleaning Bucket on a Belt Accessory,£12,media.wickes.co.uk/is/image/wickes/GPID_5000009514_00?$normal$,https://www.wickes.co.uk/Window-Cleaning-Bucket-on-a-Belt-Accessory/p/249649,wickes
"Hyundai HYEA5200X 52cc Petrol Earth Auger, Borer and Drill",£200,media.wickes.co.uk/is/image/wickes/GPID_5000077277_00?$normal$,https://www.wickes.co.uk/Hyundai-HYEA5200X-52cc-Petrol-Earth-Auger%2C-Borer-and-Drill/p/275943,wickes
Yard Force 20V Cordless Patio Cleaner,£160,media.wickes.co.uk/is/image/wickes/GPID_5000063826_00?$normal$,https://www.wickes.co.uk/Yard-Force-20V-Cordless-Patio-Cleaner/p/273180,wickes
Bulldozer Floor Sweeper with Telescopic Handle,£13,media.wickes.co.uk/is/image/wickes/GPID_5000009513_00?$normal$,https://www.wickes.co.uk/Bulldozer-Floor-Sweeper-with-Telescopic-Handle/p/249648,wickes
Yard Force 20V Aquajet Cordless Pressure Cleaner,£150,media.wickes.co.uk/is/image/wickes/GPID_5000063825_00?$normal$,https://www.wickes.co.uk/Yard-Force-20V-Aquajet-Cordless-Pressure-Cleaner/p/273179,wickes
Hyundai HYTR70 210cc/7hp Petrol Trencher,"£1,800",media.wickes.co.uk/is/image/wickes/GPID_5000077278_00?$normal$,https://www.wickes.co.uk/Hyundai-HYTR70-210cc-7hp-Petrol-Trencher/p/275930,wickes
Electrician's Draw Tape - 15m,£19,media.wickes.co.uk/is/image/wickes/GPID_5000071773_00?$normal$,https://www.wickes.co.uk/Electrician%27s-Draw-Tape---15m/p/275428,wickes
Karcher Xpert Deluxe Wash Brush,£29,media.wickes.co.uk/is/image/wickes/GPID_1100571919_00?$normal$,https://www.wickes.co.uk/Karcher-Xpert-Deluxe-Wash-Brush/p/199398,wickes
